amount,hour_of_day,transactions_last_hour,is_new_device,account_age_days,is_fraud
278.829788641986,14.043907735727306,2,1,559.4949192232302,0
400.9359861953773,6.175420379199645,0,0,612.489415000887,0
2006.8118198609031,17.529470980522763,2,0,556.3355072402111,0
730.2261545086002,14.556104577417138,0,0,802.0008057040775,0
1294.3232331085687,8.798099245780445,1,0,296.38484734280775,0
1583.5647198878264,18.638247443548103,3,0,518.2211394393503,0
481.6080771956873,20.891786107112743,0,0,436.39009163767605,0
767.9825123285415,14.58116358646284,1,0,1313.9546836752093,0
754.4680728215161,12.687862021538427,0,0,265.56266662175057,0
2578.6536444407247,12.344739156248211,0,0,1029.1788276647228,0
81.86868894230366,19.741023923282448,3,0,415.7000139672233,0
2157.1786073045646,20.232981571443265,1,0,545.8825771943812,0
610.9593138572857,9.341166455768818,4,0,279.5083795753529,0
1082.7614419546958,14.469164726927845,1,0,451.9658167855613,0
442.37534045705627,18.307091799381286,1,0,678.0786505138063,0
582.9869187059365,8.464001010705008,1,0,290.77699951029985,0
967.7235040412215,13.313544660448168,1,0,527.5194920209838,0
9544.46773379387,3.3749309296835,10,0,8.5388170648428,1
612.6894588285226,18.69305384846992,0,0,493.8077921936844,0
1017.2569386073551,16.594172726404953,0,0,386.1120949548956,0
14776.350588546427,0.0,6,1,26.466727519728707,1
743.2537415446628,19.302799390459093,1,0,498.703953344421,0
812.5277518346882,3.8856192138545538,1,0,703.2370070398057,0
1275.729241614006,12.620261385979955,1,0,235.69378310016745,0
2438.5296832129375,23.0,1,0,409.845829494863,0
9194.411683976301,6.444851175082793,6,1,71.54427168142237,1
3733.109089946163,15.45302348630896,2,0,829.3744040564226,0
1114.5083768912807,21.88537411163582,2,0,413.4219208662011,0
439.4151544889969,12.203999561166722,1,0,471.84783966408617,0
302.1945639667768,7.617587366667542,1,0,338.76969819590175,0
736.8292236673393,16.30479320928651,1,0,330.8492073034217,0
69.8257688543708,21.768759428648178,0,0,789.4298192979405,0
993.5915633398977,13.510171339516223,2,0,580.5586053393811,0
577.854301782228,23.0,4,0,212.9290441650766,0
1909.1969285495097,18.08603258748774,1,0,549.196348935889,0
2266.081123632055,11.229922333766499,2,0,485.77338886793405,0
849.649751614119,18.097106036026354,1,0,480.5385219856199,0
671.2481594729733,8.34455127415579,2,0,541.8436856846084,0
876.0151965309112,23.0,0,0,587.0744761705218,0
456.70674915606827,19.633618183893173,0,0,380.8891190392382,0
2056.485688780128,13.538894209362933,1,0,149.96985488695057,0
1590.6048909014444,14.424441207633336,0,0,741.8103326063768,0
1706.467488604212,10.785960998810461,2,0,394.99667912744934,0
547.6496084725861,14.032739833183172,0,0,688.2915613330744,0
959.1675449059114,17.045714621052888,0,0,632.3742142905102,0
719.1440578929943,14.968276583157463,2,0,383.9314426739099,0
669.5619050686306,22.0821277874502,2,0,426.24278302644154,0
1194.5923369110358,12.53812323453157,0,0,449.15186908158836,0
304.6479374152544,9.510345533099715,0,0,407.78684588472026,0
827.3519606901204,11.775148985064362,0,0,398.2695288128549,0
324.4799138452816,5.555491657181355,0,0,507.7402283116789,0
1277.3014859156635,12.991609862444447,1,0,467.9635187615302,0
1261.0040756414019,10.301854757657061,0,0,727.774434897597,0
1966.9948362095251,15.020797801210229,3,0,672.1031766368097,0
1763.0575958570857,6.195611467595963,2,0,529.2744191757391,0
1162.9508465438312,11.062787782879893,3,0,826.7001776423101,0
1143.5415876450693,16.405351847553863,1,0,662.7218704980833,0
606.5401502357769,21.328632064947175,1,0,426.58897589749404,0
680.0772239604865,6.136247971542556,1,0,431.5076450314093,0
1207.9198971564808,15.448720134570173,0,0,561.7480409112718,0
944.2745118101874,16.977476503609868,2,0,379.1888535036392,0
1062.2641813738367,17.729661122618907,1,0,335.7589025444984,0
723.4143421259666,10.757769322918756,2,0,271.1187335181943,0
2167.7636084938076,16.5743058996758,0,0,830.3145135928961,0
929.3591884895974,15.576548133852956,1,0,210.70784119207798,0
434.9792515218112,14.630328589202488,3,0,425.9325485819532,0
274.5752982352304,14.546684517986728,1,0,710.5028872165883,0
515.0484093774927,16.03403093815445,0,0,387.20981258195405,0
462.5608617780292,11.548003737187894,0,0,307.72967305110717,0
1436.427612459462,17.655554198447373,3,0,449.1542257597792,0
988.6380345812473,14.571326150316601,1,0,523.5616825446685,0
1587.1905800490802,17.88774882762064,0,0,781.4404975644585,0
253.1416807737424,14.66647775257187,1,0,268.30685800685313,0
769.2146272065072,5.557038996862964,2,0,786.9438067275127,0
647.3618482027409,7.383713216157263,2,0,391.4640099805377,0
973.600757853833,20.590306449186958,1,0,693.0170256280336,0
820.8607800982519,16.391119700813118,0,0,512.1106523405406,0
1121.4260638559454,8.510618558726579,1,0,371.1901264987303,0
476.3891590683791,11.547255772974143,4,0,340.38194797499216,0
1154.666331713788,13.414054829677307,0,0,505.64721153182273,0
1252.1186145379813,17.341966852953934,2,0,295.61961374307623,0
467.94160037417316,5.676054992836185,0,0,562.4453527891169,0
1133.727236076635,10.269394937074821,1,0,525.4274629273123,0
101.74708046637731,22.720840680736472,0,0,911.7447866927115,0
165.3176589580897,11.359596799483272,2,0,378.63896891960616,0
193.1236107477532,11.931996428373663,2,0,306.21217697709216,0
860.0302674178364,20.69189951881979,2,0,390.13059188716113,0
629.8065894828435,17.855959526648697,1,0,310.5632792019112,0
2196.4441545596555,17.676804133210133,0,0,551.2298232561126,0
556.2025832529708,13.329742819014946,0,0,209.41068979115505,0
657.5307305145122,7.972356976946312,0,1,713.7352710313226,0
1269.4948116893643,18.600004922575213,0,0,181.16916172817247,0
1175.8080885525387,11.568516947477264,1,0,287.095518172647,0
1238.0345485644436,16.764715945990528,2,0,811.9217311777113,0
871.5818952256259,23.0,0,0,729.4232532769641,0
434.8697002047107,21.18948496684216,0,0,701.6292447178137,0
336.2530784846756,12.625832967258715,1,0,636.1899672263285,0
1023.9316988960081,21.15352998820316,2,0,300.5333774168046,0
798.4918611677867,9.282339416770292,2,0,854.2641696070206,0
1453.4457959296863,14.377490044997016,1,0,330.34801109914855,0
30.219413647122902,10.985210955592908,0,0,715.5810389606611,0
2368.318653834291,10.5124171468194,1,0,1198.7617067518438,0
1402.6905283057738,11.679687349356719,0,0,1048.8460408831393,0
977.1777253554382,15.33984399605369,1,0,425.39198850213495,0
943.5106356387168,16.121455663272314,0,0,156.66152758178063,0
1239.745939130601,16.240491066755123,1,0,565.3048600327687,0
228.88053124157258,14.932531084417,1,0,665.3000158341689,0
1063.9209886666747,11.157652493127905,2,0,394.82767225709534,0
416.09898301126196,15.693006231603672,2,0,205.36046922341959,0
176.80276887087132,17.567145130085713,1,0,209.36499475707598,0
1254.795656435854,12.04554289894798,1,0,174.62264248113289,0
891.2373584193531,12.538414271154561,1,0,367.65262259342086,0
3630.247378952855,12.72489130609399,0,0,888.61505761393,0
1491.6148332263717,9.998296839820252,0,0,767.381742485263,0
411.164819448955,14.487143980977557,1,0,516.3143969451583,0
503.10258877472245,9.440300265941678,1,0,266.8324465628832,0
377.35728927193037,11.595236351557865,0,0,470.0877963639962,0
528.1265659554618,7.396791702350967,0,0,404.5643064145831,0
507.6105484179775,12.057153766238647,2,0,254.92322226945916,0
647.3570894778337,12.345882386378978,2,0,803.8250481273714,0
2649.8499947480145,8.702012474946876,3,0,303.69928914761687,0
319.61654033183373,9.716936782249944,0,0,500.14666645613676,0
731.9350046799259,12.93993553832729,1,0,581.5588674484654,0
387.97166862725686,7.203554742899177,0,0,780.5472127818335,0
1263.5614721137842,5.559890777015623,2,0,213.37948921670318,0
1670.4704576996226,11.51127428859414,1,0,424.099968759631,0
1157.646627799833,11.758563678773388,0,1,410.72012481157714,0
764.4090126946784,9.852661327098563,0,0,190.8297970052774,0
296.1005630704233,17.688296274317963,1,0,474.1754215742975,0
845.7543774397501,8.261686860261257,0,0,713.8095587838776,0
1095.1679668815977,17.214656662113217,2,0,357.12892951825086,0
1426.9422771894224,18.488607842297125,1,0,414.6991005127123,0
1205.5375841356422,22.028450539104217,4,0,329.06659231315587,0
1289.0340374169887,15.380395027740773,3,0,153.2563521379234,0
908.2517402355976,20.909746607669973,0,0,293.9696570701905,0
748.7151135353063,8.31377735559353,0,0,201.54004390273678,0
2711.0377598892132,11.542947916552187,0,0,588.5522335373237,0
2063.5937788027654,14.199246520751629,0,0,308.7213772430851,0
2838.2352976503885,10.436110575862031,1,0,185.75883853133809,0
373.7184884396939,16.47252314876201,1,0,460.1886611633573,0
260.1257668095161,9.00406548519171,2,0,901.8192862959407,0
1432.4463268350116,10.673011178409627,1,0,635.3037039139708,0
1064.442922775076,18.41985921339263,0,0,730.9014405606122,0
1293.8094783539368,9.089537965998922,2,0,914.0715056210064,0
300.2234512508992,13.088566467852633,1,0,219.69957943810402,0
268.8641974787782,10.912568444599952,2,0,231.65040787546582,0
1257.541664939905,17.615800563274764,2,0,617.1983081766597,0
1316.771129347624,14.718687189104285,3,0,517.9426628857937,0
1073.0829573949761,16.025148022220964,0,0,115.68327815271655,0
420.32785970030676,23.0,3,0,474.59277491462217,0
42.75779469310262,13.147619255091518,0,0,383.3175984022649,0
297.8564030368433,8.009096235193637,3,0,169.7053916504342,0
464.08868402081276,14.777875563792785,1,0,330.42056143762585,0
1891.0812366174123,15.236235331896522,2,0,1184.0338459500006,0
1175.0340607623687,13.247058302956827,0,0,533.6829653592619,0
635.7845002361107,16.292362845994408,2,0,244.96550647181886,0
215.17930997232057,8.18591498669501,0,0,353.65861372629604,0
608.659406829327,16.301639091907415,1,0,519.3083341627055,0
1493.583432660935,18.364928206712847,1,0,237.47797035726447,0
1403.753045938326,12.214977552744926,1,0,187.1343019402651,0
1718.8996502597247,9.829029530631086,1,0,453.91634590137295,0
1505.9161991318936,14.878768258440427,1,0,646.1504172032244,0
395.49341796772217,16.449203823689462,0,0,343.5719844321113,0
434.5020489080687,17.363602439300703,0,0,314.9590139803946,0
1217.1387198766058,7.500627963157738,0,0,594.065585771303,0
841.7542248458245,12.402437750404825,0,0,669.728551290303,0
2795.6193406952475,13.988310510927128,2,0,681.6993703451415,0
194.1567776616569,18.01974070986275,2,0,410.69305536807354,0
1689.3408345468042,14.988537203543977,1,0,560.1952606613709,0
972.6154666851908,12.751635160958688,1,0,419.73412133072054,0
724.8774491894127,9.238008074347634,2,0,279.1741079724296,0
2442.1237104798847,20.963670593775134,0,0,506.4647401692541,0
943.4526835425996,14.76515876390575,1,0,579.5276384362372,0
108.99473994004298,6.21141441735181,1,0,531.8087710258476,0
343.86410585738474,14.348903511076092,1,0,456.4762100790303,0
474.6165790161137,13.294298402780822,1,0,864.8165104447976,0
1038.6060966948771,8.682790668691219,1,0,807.9040514140493,0
258.35968137150707,6.736395487337963,0,0,436.31744682262575,0
1287.2216377595983,19.78380991232156,0,0,715.612169666266,0
561.5519037774332,9.984038524364719,0,0,146.00256329913032,0
886.3060626916882,13.929009651176688,2,0,449.1296509959871,0
252.70834142592074,20.808117291544086,2,0,202.97651945521392,0
279.47478597428034,16.571327962074296,1,0,473.3943437098767,0
141.9585153100748,9.061708352007791,1,0,719.6321153356262,0
355.6319383296911,4.808651328013054,0,0,287.5534438551739,0
393.45422772701613,11.070418419613759,1,0,513.603307355691,0
3021.1614186984402,11.866067645382874,1,1,181.71136930017028,0
1613.8593991905873,16.43015801143543,0,0,804.7060826577978,0
1850.7958391149252,17.63257459367392,1,0,365.8238575399426,0
947.5054719728993,14.67453558169064,0,0,392.513237574115,0
699.4176004089408,16.764059895965005,0,0,474.26218787284756,0
843.7204692202322,7.722659951537915,0,0,255.35822543759997,0
2093.4051744517074,12.188791511213102,2,0,482.41294030925656,0
1755.7524173569927,1.3420843574937713,3,0,579.8531015475592,0
460.6195193665735,9.774009429572217,2,0,430.6629254084904,0
1658.02096054027,8.964126321461748,2,0,766.9188491862752,0
315.5393698780373,17.51251509531679,0,1,389.21478634119785,0
1517.7085141689427,18.753139365632563,0,0,645.8461601701205,0
2672.123024835557,21.813342526153413,2,0,466.8059055179801,0
479.3937534645104,22.62209180304953,1,0,468.6996108129896,0
404.15728221435694,19.054547826713723,0,0,440.16390870926944,0
512.5370880219702,18.54609460541269,1,0,424.73452609207635,0
1093.077258485468,20.27661594765469,1,0,267.8157289322525,0
494.61120771339705,7.531872319588531,2,0,601.0774140119102,0
1705.7585674891916,6.626019866091159,0,0,695.0902468490676,0
2127.6861382407474,9.226450831535388,1,0,500.08937439915195,0
431.63238288127275,16.514423425593858,2,0,241.88320962317894,0
863.6688247993417,14.52579990925606,1,0,593.3435250681822,0
292.62876280468186,12.408862176244202,1,0,446.83714071849136,0
864.3050106109071,20.311389453358363,3,0,792.5721524821337,0
368.8285202906096,15.629818026639967,2,0,1000.3638006236727,0
455.7218089422818,23.0,1,0,338.1724646442924,0
1371.2733671505791,17.90755862811212,1,0,614.0300525669026,0
1199.059992404073,14.340487436015465,0,0,347.77506494213134,0
274.57790547391113,14.520027115742847,2,0,361.6074720112766,0
1677.0999536622726,10.240531850483386,3,1,199.68530357581201,0
1403.6487981673974,14.964450059425406,2,0,484.5959670570128,0
809.310421040289,14.42903549961694,1,0,950.2591999160389,0
499.14800726670273,9.69085574281772,1,0,641.6101633153659,0
998.2008208675995,9.3655758385691,3,0,284.1558211993614,0
850.9995073075315,15.223351745354789,3,0,586.3917727402469,0
1670.5346687280169,17.95264781712678,2,0,246.82459030760674,0
1697.3013663187173,23.0,1,0,254.79974704886317,0
597.2382715934382,2.28876564796351,0,0,864.3330794307698,0
995.0438564906913,12.053401385073428,0,0,669.9065597031268,0
613.7384166831074,12.928563463183337,4,0,267.35755483695056,0
514.3201800963731,21.549869939885053,2,0,305.84987914659285,0
934.8036415524285,23.0,0,0,347.66352277671757,0
841.2485286282337,16.16731837096763,0,0,679.5588302482136,0
295.35387224899307,17.947493798250214,1,0,568.6919614994514,0
2759.6635245000643,11.525596709103402,1,0,368.61372416866413,0
531.221000363308,23.0,0,0,645.736519366323,0
507.78921555914724,13.800897119424501,3,0,747.8478427470429,0
380.5152684145498,14.217938319708917,2,0,461.00391415471205,0
2046.1921448608332,1.8812634086101134,1,0,379.34353246961854,0
497.2315031535515,19.198161646505582,1,0,217.9158781897867,0
1732.5624860240011,19.632589468428517,0,0,322.406841505588,0
785.3116704039256,9.88178435072178,0,0,856.0121286464712,0
399.5122762494398,18.851242573340777,2,0,936.9455724977719,0
1377.9836322036085,10.286407188765182,1,0,817.2937868790027,0
1189.1316404344773,11.962894008977315,0,0,607.2637565876627,0
736.0281709733694,14.313280724678984,1,0,880.6925692837777,0
369.5888552852585,13.696572833990396,1,1,322.4904353797967,0
1472.836102317753,15.604929846357079,0,0,330.6922831982578,0
858.0627639547513,17.564024024774312,2,0,482.70317149808324,0
1093.8904238492696,15.21610786626113,1,0,410.10751501809557,0
434.5306185849083,16.18061544384895,0,0,528.8038189633259,0
726.7947147792945,12.252643810413117,1,0,601.0270766836927,0
1057.4028133985573,14.442517369089408,1,0,251.14236164690226,0
1300.2306535751234,16.77585884489331,3,0,470.8453489331273,0
221.44295804164832,13.696296715564493,1,0,795.7336807243186,0
466.94070847711316,19.23850784438805,1,0,117.17740561265468,0
397.98972287213866,11.03968163858759,2,0,761.2232286916897,0
1884.678449319834,18.260268909050122,0,0,788.1631460443344,0
343.17684728569475,15.321507070379775,1,0,296.5213721676464,0
1035.5753890514063,23.0,1,0,702.9756671255717,0
1619.608421632748,4.451011651705366,1,0,464.1652943682085,0
197.80950215673624,10.241686228474872,0,0,252.24104623994674,0
639.7664004508072,23.0,1,0,549.9772933437174,0
615.650501811633,13.5919903782647,2,0,171.2885047893625,0
1324.539297848811,11.46525654870187,0,0,471.59774467344926,0
1015.8911155189139,10.536601603602001,1,0,397.70376566764514,0
1214.1836439156054,12.888566631550486,0,0,579.9808155332943,0
769.6516385880117,14.235601359054618,2,0,616.9657217995431,0
964.6453304893184,8.809757092876698,2,0,617.4433153058216,0
1848.7893447138626,22.15576257514002,0,0,541.5812078015055,0
1831.9327002177815,15.607723196589992,2,0,241.6757817245264,0
1047.6536968389098,13.23278816342243,1,0,598.8968203441749,0
86.9714873581416,19.061229538264527,1,0,723.8144249906313,0
760.2108021041963,17.295129760105482,2,0,535.2828216794501,0
230.9189609722831,9.301922093604869,2,0,342.53920619840363,0
1049.997303151426,14.514016425099648,0,0,313.9167011444179,0
531.2367219590241,16.621016306085334,1,0,169.85296525173038,0
1270.623602925142,5.018418175872522,1,0,684.2762558915624,0
434.0631578079887,17.655187626927678,2,0,593.8344360569481,0
1330.1824017763838,17.00890301649334,1,0,706.1490155615794,0
803.5194769185034,16.458305874280047,1,0,712.3761091739915,0
81.71360477487238,5.742301432849047,1,0,397.9314786653937,0
2495.8169179374336,3.9135551136051028,2,0,553.4492096223258,0
634.8373294867864,14.853920738001039,0,0,396.6664304326056,0
2933.6315413430066,13.051066270475935,1,0,700.4204198175443,0
1012.5952428748766,16.42796960022001,1,0,414.7286436716196,0
1616.6995445212417,13.047313551365095,1,0,339.83063821457466,0
781.2395461283845,13.501373261571171,2,0,679.2688958738255,0
787.4494479683345,14.145674452100367,0,1,502.58269244357433,0
668.7492815262515,7.827889139668319,0,0,132.16149567309816,0
660.5934488912442,14.409483376003955,1,0,782.0403206711782,0
1431.9113097542588,13.191554459874695,0,0,378.43066595566677,0
699.4277047229269,14.308854356882728,0,0,523.7982956150356,0
292.190961152855,14.697815764106686,1,0,1239.5703812008924,0
669.713952421766,12.655461618924953,0,0,671.88999536201,0
573.5583081149449,12.04708843675715,2,0,379.74725126478586,0
1598.603730934343,16.489063832066545,0,0,444.8629980423144,0
712.9472621770474,18.512458277789236,3,0,408.1667573100466,0
1853.8376411861466,8.762336094815,1,0,489.21168515685764,0
459.0024693519923,20.682775858761172,0,0,427.4558785382725,0
389.78731105349476,23.0,0,0,297.0734610542442,0
1332.449207631128,18.483006474265284,1,0,311.9508502878407,0
1294.4955049375183,12.388794230821397,0,0,582.7059800155916,0
508.97272404090586,7.656010437355545,1,0,505.9012627954047,0
2002.6836630980522,15.243855800235965,2,0,695.2968781627745,0
591.9138400801521,23.0,0,0,252.21364816491086,0
1622.5750217652915,13.545069309803818,1,0,875.967031597307,0
735.1295679192801,10.58154757437874,0,0,388.0303277036255,0
1305.9564179235279,12.200119132095494,0,0,547.7458941616578,0
167.1656518486575,17.472727759790914,0,0,569.0201477177743,0
673.1444139226336,13.895929553360293,2,0,194.33379650682318,0
1945.6447726381584,18.545646762997762,1,0,892.587114329672,0
504.9393609635765,18.391027827183226,3,0,354.98493151066225,0
2960.8230697710187,9.494238286829562,0,0,253.63909444080784,0
453.79634020019677,1.4748270525923903,1,0,325.82367908734153,0
1644.1239673959446,8.935127020900211,0,0,800.3087778773369,0
2848.398256746599,23.0,1,0,319.12217665183005,0
885.4220811067755,7.787339426386471,2,0,579.9629466378447,0
997.1697603134065,14.777625187918282,1,0,284.94078362594496,0
2393.238194986684,10.874789326999668,0,0,378.0378004180253,0
688.2286202644117,7.324266941695707,0,0,207.41936048181228,0
481.5682084437557,10.558858691805352,3,0,533.6347263667269,0
1484.8378169609239,15.153842693323035,1,0,294.83181986642666,0
603.9379208988106,19.946956893064648,2,0,781.92559393628,0
1283.3672919230887,16.10399444413758,1,0,213.37139914221868,0
793.0814182463313,18.42618306824989,1,0,235.98574955435154,0
349.53943113207094,9.133212902829516,1,0,381.99719182493703,0
1359.9655664325298,13.179733384555945,2,0,856.3768932442754,0
1566.0447423454366,18.36460991178602,0,0,419.23223636371,0
599.7997252484754,10.620597819460459,1,0,776.7806036264717,0
426.82898110634187,12.192433864465663,2,0,739.3860159685543,0
1653.7200499598964,23.0,2,0,521.5481773784605,0
1392.3676422918793,18.295863803369937,1,0,472.2974963709655,0
1127.2950761097684,23.0,0,0,300.0567708604177,0
903.4780550788967,15.81092161052347,0,0,568.9697156384136,0
981.550665965011,16.790620065416974,1,0,528.217029025429,0
1980.91091660535,17.106280471017648,1,0,446.5376337989462,0
1071.6305268897045,21.89307695239315,2,0,179.91291859508462,0
135.81817528876624,15.766532199136849,1,0,270.8865161240136,0
1493.5417182129195,16.651971529623765,0,1,778.1891864600374,0
1361.1812903134582,17.409905846613235,1,0,552.9631135960252,0
396.4972425149372,21.26942244274068,2,0,325.2691054407605,0
1447.6449604283057,19.823665210566574,1,0,294.06673373409853,0
1028.9661360940836,17.59456918601674,2,0,512.4536800548424,0
410.4323858377667,16.435044839040778,0,0,274.68116809969115,0
696.7676046456785,9.282569105927983,1,0,615.908923043139,0
705.3566520872644,12.730495186295622,1,1,279.65204921915915,0
429.8668585061552,17.753708963319212,2,0,1030.3247305703808,0
823.1903118467825,7.678830090778061,1,0,341.3671691112747,0
804.2991804486126,17.189659800276445,1,0,916.4916320821002,0
1107.3463145935452,16.204399491187413,0,0,198.27939672478365,0
443.255107955527,12.453578533435252,2,0,427.2238403305453,0
438.3240322438613,17.057608346199245,0,0,673.4352325932473,0
2526.083775062324,3.8408822183892948,0,1,355.3495493715093,0
442.2770326498859,12.817135306526907,2,0,153.8678799773597,0
1047.211360182947,20.92155876515393,1,0,1236.3712443441718,0
1594.9774588774567,12.69564599377055,2,1,542.9947459910752,0
153.65392813951854,14.1825311119276,0,0,218.10656369166796,0
1119.9486653505085,12.83258548712693,2,0,326.9563794247679,0
1307.0102411959385,7.718569792965373,1,0,473.44996406595516,0
703.5356808129777,6.490867405429407,0,0,762.0814028489924,0
2047.8541522032158,8.98337271272984,0,0,842.0948574942884,0
1404.0250150747233,7.851799551145719,0,0,461.7114653179436,0
108.2286843158273,4.452086164015492,1,0,306.8794021371279,0
1623.4825679546468,12.712847379445767,0,0,649.2244196287388,0
777.3989622084566,19.39638846373263,0,0,997.1747649938114,0
2336.690026069047,13.621427981961212,2,0,460.8918540951169,0
405.866427257749,13.433626233609223,1,0,154.19526010704683,0
284.7997915309618,23.0,2,0,424.8501795192497,0
1016.5736904394554,9.339343924432342,1,0,904.3978144408467,0
1305.4715601968885,6.6809070792447915,1,0,546.3358243432033,0
1177.7369972416002,13.418933114222,1,0,585.3312460495434,0
389.665179818287,11.067913607557209,1,0,648.4223216645455,0
446.1747361688396,14.341969303183312,2,0,692.6182771248485,0
1617.1311220932148,3.301862182232199,1,0,620.4724110656605,0
626.1168672144512,14.765026865893324,3,0,216.57862713234533,0
705.7652282165063,21.9609895701909,0,1,1206.4852537030697,0
166.77465801365528,14.144362400872339,0,0,173.4250146470851,0
234.26390354849835,12.769200878407393,3,0,380.84779449304295,0
1656.229505565689,14.754267184034163,1,0,527.5926700188995,0
2005.928816199462,4.669911632277545,0,0,529.6301802190469,0
628.9368443674175,2.2442089344391505,2,0,170.55432754868033,0
641.9161611997414,18.262206324106714,0,1,901.0333610427734,0
2765.7697146196433,15.241127537051709,0,0,591.4200418473674,0
1229.4191306466291,20.663227593479668,1,0,443.16007007532596,0
1481.1059631966384,15.060465220880484,1,0,375.4138158966218,0
1337.9005948727895,15.97734720022792,0,0,626.3511789186202,0
301.224770199715,11.82295514690957,3,1,587.5062166872347,0
717.1207050822616,14.425979649853938,0,0,483.56593549274453,0
166.28642532305693,10.926315265170324,2,0,454.0066102590763,0
736.6812482948369,18.516440605490967,3,0,518.649425056884,0
617.7600731292671,7.40135671925498,0,0,188.86626295147454,0
2744.4852460966413,16.84482192418167,1,1,228.29122797676175,0
1949.7020928940672,13.33919123822338,1,0,250.19763490464283,0
686.8630993905745,21.091984342574314,0,0,131.54775457373356,0
1217.6467749167023,14.486423325631293,2,0,883.7539959339624,0
496.3626508148414,19.425944580671807,0,0,402.46154317587076,0
1903.9314085716796,15.68803111236486,0,0,828.7475870873433,0
615.9141311377455,8.96484567573737,1,0,711.8450475203405,0
1115.7928392290205,11.160684263742926,2,0,307.37372531801714,0
1141.9151351489752,9.90657478394401,1,0,184.20151058999642,0
1066.9963278649473,2.9703241004281082,0,0,482.79241075012953,0
187.67056995140823,15.638196183607104,1,0,524.8712964017303,0
529.0137195271518,10.709432534541527,0,0,586.8732885907204,0
433.24038591048526,6.056779157016717,0,0,642.1639607924432,0
1050.362766858773,5.65566624902959,0,0,459.13264292085677,0
170.6400242572526,12.10937709815203,0,0,292.185759400775,0
1821.503307528631,20.186312925816136,0,0,412.267897711431,0
974.3198774823188,15.365444292649444,2,1,502.72349481313114,0
1302.3929348358854,10.481315216375187,0,0,322.91856832645976,0
296.4830061015627,22.582701579387358,1,0,412.8963304658844,0
316.55054811530965,14.061277153157707,1,0,345.68355833378445,0
547.0341035986671,10.022817081338506,0,0,469.14353626173994,0
65.83484096926529,20.774464657609194,1,0,358.13141890681857,0
262.53797656568264,15.519509010475417,0,0,371.3357075413474,0
1052.68739936808,7.3894102927812995,0,0,1023.0947876594402,0
1362.854690965427,13.123458399179857,1,0,439.3141424288007,0
1192.4498618213306,13.314705922931488,0,0,378.5382226726024,0
10157.026060779976,6.8109438941695934,10,1,25.134062583163555,1
1204.3740450291812,19.990833340615396,3,0,372.5224726183854,0
535.7770385005427,8.556861396631875,2,0,626.1652712273793,0
238.66372700969202,15.588633506047984,1,0,341.1357642382347,0
1794.6934238373688,4.774974680338174,1,0,489.2525031827407,0
646.11242765851,17.057067344575493,3,0,484.6212585477128,0
2268.5172181366624,19.469534758162325,0,0,125.10574562384855,0
2140.8114296256995,19.015685016527826,0,0,862.390133832483,0
752.8808676943264,15.097856780705385,1,0,323.58586180105823,0
2987.865133019907,17.20373190499327,0,0,340.6894135150112,0
2424.8992895831234,14.112244598527138,1,0,321.21729533725363,0
1387.014495411438,7.685748799257835,0,0,862.5314927881753,0
814.4310081839927,18.3408963652661,3,0,511.1153422988036,0
2611.3550565885953,7.465893294194258,1,0,442.7524586862846,0
823.3379205683065,19.82017198624153,1,0,260.5344086711687,0
776.747141009209,9.964040679820428,1,0,469.9753428258422,0
667.1965587786453,17.11332107959079,0,0,361.7082553076487,0
320.02578532105053,5.9381594095475805,1,0,225.3253616214451,0
156.54561205171444,16.283853888502296,0,0,841.0719766770089,0
692.9061773465223,12.887389598709692,0,0,364.7613818730444,0
1287.1985233168302,17.48021205548243,0,1,560.6484755593182,0
807.1992360422173,13.961125277735125,0,0,643.94530610319,0
3829.1442861701985,11.253121156966362,1,0,556.5032455984577,0
793.5446861096983,18.201817997773894,0,0,272.2789526683939,0
845.5600267426006,12.952358092414723,1,0,303.8324121482988,0
802.7445137880616,9.217498551629902,2,0,175.40221734968193,0
612.6211231628745,18.074937273981323,2,0,491.37456539717823,0
1260.084968287548,13.34009550634659,2,1,331.7538839178367,0
384.92026987842297,23.0,2,0,456.1640179170044,0
454.15366248360175,10.531510161916664,0,0,646.6387367418819,0
175.0939002120748,15.726352548061444,2,0,474.9014710065211,0
945.106150014702,12.232701148568578,0,0,660.3793628472943,0
443.1183149831727,10.021224614692953,0,0,495.169070587521,0
2119.575667519597,12.832051338610004,0,0,383.50529635237103,0
1058.7141787789199,13.150533991662021,2,0,733.4701740433861,0
2992.405876248552,15.68446182347724,0,0,237.1506101720352,0
466.08154804021,11.929973824307977,1,0,396.5296322971711,0
1801.568559998161,17.46693351899509,1,0,516.2448973741052,0
192.60751581230176,10.23439524783669,1,0,197.21303141250579,0
454.69430650149104,17.94528734041601,3,0,556.1720083880818,0
1080.1355829709346,13.902617673493273,0,0,526.5966685795922,0
1129.189174380708,11.845280997573862,2,0,241.50225291862748,0
1360.9374891549223,21.066864623426035,3,0,662.934464512219,0
670.4636394597123,22.949421577754272,0,0,401.89814224514475,0
1418.533912951657,16.553660330679467,4,0,533.3877019546786,0
343.5309470801628,18.895179127337585,0,0,293.7377867767165,0
2511.220011484217,12.272965240837328,1,0,461.6439673796178,0
392.34758939521333,9.493240286881882,1,0,501.0025854866096,0
402.13951041641496,15.94084016716971,1,0,455.6713530291685,0
97.40703538187245,21.238399952355593,3,0,250.49594494638626,0
875.5282834149236,8.926696564527056,1,0,532.8588122749903,0
716.3236663813279,20.524862204248805,0,0,460.33121258153733,0
364.1420238870475,5.378281598017576,1,0,407.86442667141324,0
1159.8499113236214,23.0,0,1,747.5993399110996,0
870.4991560375186,11.801408203111881,3,0,370.5590913144455,0
485.73872639255444,15.201153128852239,1,0,429.05735940898336,0
1434.6554084807954,13.289244131990904,3,0,866.1999448871238,0
1423.694963722143,14.243419424507719,1,0,342.35817643635886,0
343.0891012837283,7.149311286200536,1,1,559.7623435189247,0
446.68043814069216,14.059980344692931,2,0,466.73604100290726,0
215.4810920377291,14.702782016033748,1,0,432.39390137755936,0
1293.28559546485,13.341414586146268,2,1,357.3047723934024,0
1423.2736914227598,0.0,0,0,316.1339669512713,0
1320.3267403944028,6.51414532086793,2,1,1171.3340167775598,0
270.65984621459336,18.664508305547955,1,0,367.3482806751615,0
509.2596694015249,14.812219526020376,3,0,457.6472162156964,0
652.3406863162397,21.649417442025754,1,0,353.37275276363084,0
691.1511471659003,6.5519519382449865,1,0,580.0004124605891,0
489.2855629188616,3.357048955865345,2,0,446.91591704044527,0
245.69226119900506,8.660618865341707,3,0,709.5580241254467,0
331.63942742598357,8.315644091827924,2,0,578.98258243426,0
817.5234754343448,8.714917479723209,0,0,554.9446264638896,0
77.68109077948994,10.615946322268426,0,0,640.2736174470732,0
787.9641102939435,8.982830946208855,3,0,569.3940193489609,0
716.40946514123,10.464056603532697,0,0,444.0005665729973,0
1447.7073751308378,20.29700901496062,3,0,668.2793441391552,0
435.24703874163623,13.2138664155444,0,0,346.868371659148,0
465.8380486162602,16.443475728737393,2,0,482.460343964712,0
523.9083553516436,13.933267676150093,2,0,404.9507230383057,0
1906.6807300856037,7.1102991172058,0,0,1223.1421298730231,0
567.0253076861727,11.715029807217704,1,0,358.0236941358955,0
1093.0834470467826,14.100016099137319,1,0,396.88647108064714,0
1332.169790991886,15.584261693666448,2,0,313.2293733322877,0
265.07424684937723,8.927612544918485,1,0,634.9606488032747,0
1312.638411957875,11.351959002152206,0,0,211.3726961859593,0
303.24570499725223,10.905459376892244,1,0,463.8446518952991,0
657.623767374823,11.776502601275268,0,0,667.3089944464335,0
639.2730228761822,15.446109704583098,0,0,338.5920387555518,0
1439.9871230636968,12.168283397052438,1,0,600.4796744996628,0
1441.5778916742754,12.364961686740468,0,0,349.7945627765709,0
1394.4764652341619,16.516643869227835,1,0,697.6959740453814,0
1142.5501141280001,12.647316314193667,1,1,293.64052023535424,0
614.5248646888473,14.897904446595685,2,0,617.0182630735112,0
8709.8452228759,6.200080556465773,5,0,40.937690704808645,1
564.3148547347287,20.458739253663154,0,0,347.2873661867501,0
1928.2075254905044,23.0,4,0,390.18467665198074,0
2325.1451405087173,17.38274380201475,4,0,496.05083990979193,0
1021.8394966409068,10.533833316415265,1,0,479.42455834336243,0
631.7508300285057,11.727167887291188,2,0,618.0235030999577,0
2283.1327669851303,16.528462506487266,1,0,361.42235590024103,0
1016.0233073012881,18.87805638230911,0,0,488.8315564660265,0
422.72647807966575,6.855716930532824,0,0,300.7260710084621,0
773.4119887385398,18.762573792979488,1,1,744.774715963001,0
416.16738971178137,8.380586139338977,1,0,412.8814420686756,0
2062.0782887815253,16.24954444415614,0,0,463.5654277122363,0
187.11153261184003,19.014013671600416,0,0,407.4276670014412,0
49.810572854817565,12.354778523788076,0,0,405.65919045687576,0
525.0613750613568,16.73853096581572,2,0,528.5756895917274,0
791.6081611323574,15.434319214096751,0,0,418.85759493343573,0
867.6551311680416,14.3370404253041,0,0,726.7572718830797,0
1314.3889936832559,18.619871670837977,0,0,546.4601888838345,0
1371.2861036087509,12.228388298754506,0,0,547.4456679009021,0
1207.8925256160387,23.0,1,0,138.4093750720858,0
1025.5982135162324,5.3551219989760614,1,0,499.05033071373686,0
845.2789750526356,23.0,1,0,293.89796934474094,0
1735.9952200699872,9.935947552191067,0,0,652.2121828485268,0
887.9130400382772,17.30669982071146,3,0,633.089167325693,0
122.64394460460085,15.562624079116302,0,0,348.9152694758395,0
62.66680993471649,18.27998645153273,2,0,596.2966333320815,0
15111.412394271734,0.0,3,1,5.190824693456592,1
266.8720041203459,23.0,1,0,317.65322071525327,0
2642.932188388946,14.70284775075413,1,0,447.39109629692535,0
364.3406769862322,16.248913089721764,2,0,562.4155405517009,0
913.2392813104001,14.935507686111363,1,0,352.6210509877743,0
1161.708866284429,7.484990390925978,0,0,518.5831334135847,0
2959.5767543575435,14.877201722901683,1,0,379.7427092271452,0
800.5963428970291,8.18380085624855,2,1,388.6366579742471,0
2666.109992677679,19.210641543072217,2,0,525.2547516493823,0
338.61907236982984,9.68930608773164,0,0,862.9072117041059,0
490.57025744328627,11.303852316052165,0,0,174.78127503347721,0
901.5797437081135,13.803930930378353,1,0,757.5200424812627,0
543.4257835586035,20.854253777497107,1,0,419.3556087683103,0
621.0208346231503,11.498920682031214,1,0,636.3289161869073,0
2024.6501485131425,13.88852439373135,0,0,605.6345377514348,0
523.7779786404977,6.144738975826375,1,0,486.07246542305484,0
1720.5803289786902,4.19016574660842,2,0,341.7274378022564,0
417.8297650849841,8.307687044228478,0,0,501.9923004736179,0
725.7736325813922,14.883994425056475,0,0,407.43544360136383,0
1761.2676476361632,17.731974367611016,1,0,739.477580511318,0
947.7775912502176,21.99785061035295,0,1,558.7721420740107,0
2262.5291962053234,19.289885160340674,3,0,211.42090826154103,0
584.8999832714973,11.747905567161727,0,0,534.5051190246043,0
672.1657745412092,16.89139259638111,0,0,455.3184803430595,0
546.7793051445175,15.131876014200335,1,0,528.363496637327,0
649.7713951049291,14.272522108869774,1,0,471.05308522230393,0
2413.8056131123903,2.4899390993240065,2,0,87.92488539798833,0
5250.846873994362,7.694318380365187,3,1,47.20828585678313,1
1164.4674640502624,12.326492660118179,0,0,591.0386073842724,0
1370.79621645151,14.441545066421785,1,0,921.7857280897091,0
2981.02422218081,2.017290468986068,7,1,34.12722949770232,1
12886.924758861927,4.461908204377767,8,1,5.9229310418259296,1
576.1980836282903,16.981667919327368,0,0,434.05908572822875,0
911.5643045037647,15.252862445374358,1,0,183.55272549687749,0
510.8606896633776,17.34362252636239,1,0,595.427773343934,0
733.002328729832,15.939136710044792,1,0,205.77635978892954,0
761.4436876374037,18.71115008783918,1,0,777.1928902699314,0
933.1269185671914,13.5428981901544,1,0,333.83302848844323,0
549.6525379187492,14.385790128158352,1,0,233.04424769366915,0
783.2964408612951,14.801164137781385,1,0,359.4028877848705,0
790.5505389361516,13.989513413085277,1,1,1192.6831335900554,0
4126.733382333768,8.090696612655716,2,0,534.9118482120113,0
1430.1221137879852,15.829152785329384,1,0,619.7710560732984,0
5708.963651104357,1.8457937419270043,10,1,129.16552897848575,1
865.2642018043766,11.01937110476582,0,0,340.3979786258743,0
621.9018517601384,7.310768140920261,0,0,477.28268533270517,0
890.5564434002482,9.91387418013925,2,0,466.3124081234877,0
1640.5737114894046,11.952659707109722,2,0,705.2750738606508,0
401.3667011421975,9.520150163816478,0,0,179.58941759485145,0
267.1311551287067,9.062747656382243,1,0,127.42505969007843,0
734.0129127369057,14.344655261542362,0,0,300.8066912124583,0
725.7786826295686,16.70689686317619,0,0,639.7224655569192,0
595.6923306845497,13.631739868711216,3,0,214.41673498491545,0
1674.7914299393108,7.116055875214214,0,0,777.4637982435231,0
1472.4597331247185,14.162130589112149,1,1,271.3432181581304,0
1247.4073521730027,20.15456045441068,3,0,212.49316470363772,0
108.60730124518547,19.958601512008478,0,0,1011.8515993360763,0
1634.741895361472,13.34902233597619,4,0,558.5052027899396,0
107.48152299602137,16.756838496413202,0,0,217.82400778477893,0
275.4562708229552,5.370407759151757,4,0,299.0121241431206,0
10542.97493851624,4.180623861469556,9,0,77.53323414270754,1
550.9543170339786,19.832886027867,0,0,432.94451075342397,0
1242.3375844877305,6.110334652158609,2,0,452.3150090462505,0
318.2557690610042,16.492848455021132,3,0,409.3484864316655,0
1196.8396949346184,10.897295622771697,1,0,414.8768156724059,0
953.4169421256486,10.473358345286663,0,0,406.8687331663411,0
258.4065873050452,14.825203182688696,2,0,191.39123018254375,0
2726.687444784496,12.183754088735848,1,0,325.42272870861035,0
2768.142545008166,14.611422311811005,1,0,459.23167455527005,0
703.7067850806492,17.28322262268589,2,0,372.088050975841,0
2166.034773677544,19.903216158302236,1,0,526.3948549997067,0
1626.527519001538,6.75822041020848,1,0,591.904383659588,0
542.6403272370375,13.21410750034916,0,0,356.33024241148723,0
99.26975392346851,12.687515697696227,0,0,422.02692944784417,0
535.857839993579,8.020917815479647,1,0,139.82857698347928,0
127.90089160066267,13.706942891992282,2,0,1165.2627336893718,0
2163.866525899913,11.045823450380663,2,0,201.35233587014022,0
997.7217518104952,13.405895786354598,1,0,639.9132033256935,0
717.6225073749604,8.18450407474473,0,0,210.7546365866153,0
427.3989053737681,8.061994413113265,2,0,205.90753918011484,0
456.97159578737916,12.574207349223608,1,0,575.7156907847691,0
431.35634515316093,17.92183567885273,1,0,832.7181228604944,0
478.56112888916994,4.345458997399227,3,0,472.2615252321254,0
876.4911253933376,20.870282755799906,1,0,683.0034391132738,0
955.8931698566929,16.64144166237334,2,0,647.6836944332862,0
264.0597939103713,21.9438261161491,1,0,591.261285558287,0
256.3522051472412,11.390582931474778,1,0,305.18274775574207,0
279.8416090699586,8.753926154964176,3,0,468.01735635009277,0
397.46428278683163,9.414859856296047,1,0,450.5601952502542,0
1581.5768708012997,21.785135761051563,2,0,576.3018745651967,0
210.97778089232395,9.897073520730277,1,0,1219.1286557275025,0
153.65710351772688,15.198984168709943,1,0,343.341993429877,0
3277.720823558279,5.569472687641602,2,0,818.1764175954413,0
138.62532691713716,18.646557936038025,1,0,349.2511652153499,0
695.1652028554442,10.391889043853174,2,0,257.13428071814684,0
174.88423592446708,16.417473509821455,2,0,456.16206603718916,0
105.62730178366861,9.625793613833908,1,0,371.43026428538576,0
511.91038415126735,11.898804625675115,1,0,357.3544164437301,0
1000.2399276313913,11.65669745260101,0,0,353.96935637774857,0
351.37049483209915,15.967903251678578,2,0,477.2055175324682,0
894.9247914297814,14.04673588182865,0,0,529.4018863703349,0
409.44338725553456,23.0,1,0,450.12817088082784,0
605.9488695819276,20.582728863113438,2,0,464.6857419682347,0
1402.1804412290815,11.6047501323142,3,0,561.0867536454772,0
546.6999668361184,12.586938049956808,0,0,499.1007185955583,0
1245.8402367735316,12.794325278060485,1,0,416.7522679692702,0
777.0498644740494,18.661876208235935,3,0,369.5998441375477,0
766.137195270357,12.971740440733068,0,0,457.3095141976195,0
363.9233604499392,16.1802553738797,2,0,632.2495088568623,0
966.8159143564927,18.0477287975039,3,0,345.68454163161533,0
786.2589395603421,12.38368870306255,0,0,380.7551607494604,0
1233.9867978075001,8.569451568371875,1,0,331.40502172290405,0
3019.952239635562,20.028183044347045,2,1,877.17808779102,0
234.27375366364132,15.510565286482125,1,1,420.15353806584955,0
857.8021450980458,8.634462929506615,1,0,490.4372774508288,0
688.5244380365673,14.835089890584802,1,0,667.5920291684765,0
1840.8955029420108,11.671233034612687,0,0,755.9791764129756,0
1264.0904195795808,4.410836691009884,0,0,713.5367245260113,0
1938.5498069981259,18.251165259185097,1,0,259.1656134544253,0
662.9130225068996,10.098116976345748,1,0,588.5218085887949,0
702.650011815464,7.718654275448276,0,0,163.71094586905517,0
11277.198565223622,2.047059627774231,6,1,0.9513845623359801,1
101.98679853291524,7.840840294361171,2,0,440.89282704460436,0
567.6172206108831,14.281226687865894,0,1,323.87549846018464,0
1032.8791792002999,15.722392204235122,0,0,280.7680480672611,0
585.5309991985408,13.54787949662353,0,0,418.6909067128688,0
493.3871804625417,13.904234547993292,0,0,293.75983802326533,0
435.3426730231049,15.42419847677725,1,0,480.1724760250442,0
271.89989902613956,14.492561105398456,0,0,520.8758986695794,0
1681.7884451560994,11.305948205514412,1,0,258.1727263354439,0
1285.554769399285,8.28164349230471,1,0,806.7838693521942,0
647.8435581469766,23.0,1,0,298.698240114568,0
768.4639907495099,13.762013774407464,2,0,561.6689495625383,0
2146.6704496603734,12.562579150475639,0,0,738.0914670554151,0
1506.5886782534672,9.66982777388304,1,0,134.17353017580774,0
814.5866275902107,14.353485108324197,1,0,247.4036706917796,0
506.715602827555,14.758365929007018,0,0,865.4823053510383,0
2804.0362360359622,12.31907098189024,1,0,451.2421689038757,0
475.0308949104975,5.283223643244133,2,0,514.8937556232958,0
2710.9709309257432,23.0,0,0,346.3508689133124,0
328.75674529327273,15.57256871901348,2,0,626.0005771694946,0
1430.4434046250922,14.82087911398737,1,0,649.4915767199832,0
623.7231162539574,15.142738849359615,1,0,285.1304652184544,0
2529.806335902891,12.891983049086752,0,1,671.4948224101807,0
582.256620426793,10.715633588533029,0,0,268.26703773939624,0
516.3377847835569,14.358156383880848,1,0,531.9681541835574,0
499.33849719394556,14.29586732780248,2,0,719.4364080849004,0
1156.350864737725,16.96585495499015,2,0,313.96060571393383,0
999.4801320323235,22.005593428196345,3,0,623.7904416806261,0
1102.1615495356625,20.09128961309863,2,0,490.88653585705583,0
338.482410917231,4.755310613143724,0,0,433.31418862696705,0
696.0880329925238,12.449275024946603,1,0,229.49786230368593,0
1361.3081829045182,17.813665230659975,0,0,340.35089281790243,0
2230.0485620491704,13.721128311600935,2,0,585.4778858057405,0
683.7471706558064,7.1687668530144455,1,0,505.63438107427237,0
404.5206141131702,10.002491707721529,1,0,426.37304713865814,0
452.95753835454656,11.164024244924494,1,0,185.07646146539224,0
837.8112182699181,14.158170080894575,3,0,636.4012296894589,0
1303.9325836683583,18.36712409973663,1,0,545.8818400513418,0
550.5904532847189,17.36226387693078,1,0,244.62825714906307,0
1192.8181503116018,0.0,1,0,505.69466535618585,0
478.1828094092692,21.43081822482579,0,0,950.7844235569163,0
970.3946634006513,8.009207937624947,0,0,376.65286008831214,0
750.6412982988606,7.3494980860006045,0,0,164.99826159132178,0
817.6831325766591,17.395960709620894,2,0,647.7273065393882,0
338.81474508820276,9.156957522731414,0,0,721.7207832318234,0
967.2991857759863,11.697382894193431,1,0,493.8711445143039,0
769.6090368486912,9.712618267285059,0,0,184.36624149539404,0
2170.1626566807204,23.0,0,0,898.0764429414521,0
751.4925659720872,15.28256869995922,0,0,542.5328795951491,0
536.6462115154179,17.15152958228713,2,0,579.0267099997345,0
826.6688046686612,5.146738450388629,0,0,658.25205233384,0
499.0572448060379,21.53006360587844,0,0,868.5178803692944,0
1384.6627636458009,15.289073526274944,3,0,634.106229414945,0
1165.3223741020722,16.173053577744618,3,0,842.4011510646233,0
950.3074973865483,19.3052092959179,0,0,963.219078007479,0
2043.2645996389392,8.988061776917577,1,0,337.5772056778592,0
319.51311190272014,6.1686731645213015,1,0,383.219075424271,0
758.0178728644521,22.13559026079879,0,1,713.5503642972662,0
1052.2498414146219,9.874535133324917,1,1,156.66547962081867,0
400.5235241056735,15.888092032100465,1,0,756.9585385424272,0
1308.9354655086574,12.672768108872484,0,0,257.4165469022218,0
4140.7402102458445,17.11241667280781,0,0,376.87843017142984,0
555.7844419127046,8.96603720336698,0,0,308.89588198937497,0
4365.860176264153,16.667599965711982,0,0,366.95531425285276,0
333.1147476974774,14.19659678388916,1,0,211.04584980986704,0
202.71508276265095,23.0,0,0,527.1258794545496,0
1202.9637812730832,15.994685970837242,3,0,410.63671320880843,0
338.6997616667573,13.959617317608153,1,0,513.5490849672038,0
93.92741242394021,13.014815698615863,3,0,641.840579966522,0
1555.0302880887384,12.169401553123263,2,0,992.0461648415408,0
17274.481274573456,0.4410058874136591,6,0,11.760585874147043,1
1310.4975347673383,14.237897085763938,1,0,401.3518809228202,0
489.2848001780281,12.549423175002957,1,0,662.1963321627617,0
1298.131075302936,7.747857274797029,0,0,903.3551863487208,0
798.4718074286413,8.606696144847238,1,0,533.120195691886,0
615.9257182276649,10.80968495341935,0,0,476.32317217752416,0
9160.410550520159,0.0,12,0,1.4205150249766187,1
1152.6845391960067,11.471718609107642,1,0,537.1073345355865,0
3035.3492415651526,23.0,1,0,605.7760443392115,0
3885.7905947749873,8.816879194066342,2,0,621.5291734822973,0
2533.9341113161854,20.47598088450384,0,0,172.64658622043908,0
1300.0597075545852,11.506574880318102,0,0,153.50932338569382,0
693.2822847696527,17.244009080757877,0,0,739.060218251345,0
544.719095934422,14.64501379006892,2,0,564.4449897630292,0
22.70654489289541,15.131131407123044,0,0,773.0373699537115,0
3054.942150166958,11.622871554379165,1,0,377.1409969250921,0
1694.442870333581,10.207383695104,0,0,471.38564495730446,0
1195.9916976014945,20.715040418680655,4,0,347.70125468685586,0
654.8423512877886,17.363064455449212,0,0,488.2884773132856,0
886.9070615603919,16.66186005648362,3,0,296.83990219142066,0
812.6694789640798,23.0,2,0,334.4398887523867,0
675.0257463521298,16.614857869484727,1,0,489.4745424241647,0
1769.4628582124044,19.62863714686784,0,0,690.276200289421,0
3216.030263331313,20.04639769444497,1,0,683.1056963413037,0
489.8425955416008,5.899528304024715,1,0,495.4522962137383,0
1862.0629744327193,16.617738289356527,1,0,465.19897105506374,0
230.07532383993026,19.433844822685973,1,0,643.7199161872675,0
549.003209586157,14.314725482709967,2,0,322.74746699065685,0
197.97228558504585,13.789119467516798,0,0,668.1248046104876,0
2604.2854015291755,11.92878672049023,1,0,962.185243422688,0
2445.935952441824,20.675259333970683,0,0,496.71008193749674,0
800.209354042551,11.768833166077766,0,0,251.76719912061145,0
606.951899599124,23.0,1,0,267.45559479479704,0
1412.8957298022026,19.0376570124427,1,0,281.84460471491815,0
339.3820064827756,14.853994519669012,1,0,433.0102649503913,0
2462.910738483356,9.31507063245758,3,1,338.7258827369275,0
1437.032354151856,20.627612846770297,1,0,448.49671979656057,0
1407.7834718952088,19.801053840535474,0,0,709.6633007712651,0
427.3143336859428,15.535137589646814,0,0,675.192504136373,0
1175.6602275711741,14.301210156718533,1,0,960.7916664942142,0
1406.9916380930483,14.973142889587056,0,0,350.71086019607276,0
1520.9968142063276,11.761043954630129,2,0,464.3020314874492,0
498.5643217245973,8.102412716797442,1,0,766.4968870368095,0
1081.7947408113869,19.64484600701043,1,0,265.9567289008065,0
702.6024184501138,4.535144615390967,1,0,389.29206232045794,0
2974.042541304098,11.31111722097726,1,0,244.50958020468045,0
1386.0946136520965,13.359439524412654,2,0,322.0361586136653,0
1423.8685867793745,12.481559051615811,2,0,528.9426752701366,0
1145.2833202356323,23.0,0,0,410.74253704810565,0
585.8312361349966,10.098914259311792,2,0,482.17321138690306,0
787.1830569127663,9.887963113639312,2,0,1071.9697810849002,0
185.37749181717035,9.703069344646245,0,0,415.520461905396,0
1035.6007292128697,15.01299262238037,3,0,523.3464774226765,0
2357.1476770180607,14.398404899227069,3,0,100.24636575311274,0
1859.0090529614265,16.368554024537858,3,0,810.2197164210093,0
1118.3351359156868,10.593000436501953,1,0,756.3187758843195,0
932.394267942681,8.783612029446415,3,0,481.4323009327482,0
1254.0400811155475,8.330904031230233,3,0,568.0180786120033,0
11333.49691249219,0.6955050648861674,4,1,4.061484122523052,1
823.3867840347191,23.0,1,0,559.8212137645785,0
7431.278562254173,2.636520615310687,5,1,25.281014927517948,1
1311.428837791288,17.35925153587597,1,0,788.1743076341213,0
1050.6640483616648,11.407513316878266,2,0,432.0642278308438,0
1176.5291723655619,18.523287409549205,0,0,452.4265528641878,0
440.0708689603672,18.00892592164243,0,0,359.25336013724285,0
4201.964062995927,17.678042851577743,0,0,864.9358634704439,0
601.6141671336875,12.44611410606161,0,0,922.6729873400949,0
1216.638441492769,15.924995946197596,2,0,502.9599915688002,0
813.3807983997121,17.91824564935269,1,1,267.9662724323982,0
482.219535835593,16.874530204575183,2,1,682.2561966761965,0
515.1583082923245,22.803140173122465,1,0,356.63833997520663,0
55.67172295469858,13.017154828916537,1,1,445.1658767992531,0
886.8165023495404,13.937843239091,2,1,541.659699789202,0
2223.6977879781193,23.0,1,0,407.64861754976937,0
1368.519751156581,12.236496024981964,2,0,522.7169039021996,0
1811.1147533162318,20.249105485268394,1,1,1266.848472263017,0
1217.8881343249402,16.15264805838517,1,0,366.5050859489361,0
1085.7951945425737,10.609277268040522,1,0,523.0333881048095,0
2595.5691965121964,23.0,1,0,730.2428149428093,0
979.1055531657076,13.20884931744557,2,0,440.1513372893569,0
440.48681436527664,10.388331880748979,2,0,246.26165571380386,0
526.0610658664247,3.9198489024286385,0,0,559.1318116342493,0
2627.326801507042,10.533350476990591,2,0,123.16164609855313,0
897.458560181777,23.0,1,0,779.4868387301854,0
448.332420535648,11.305439166946961,0,0,690.4563137300479,0
966.9752089440674,15.03408180895702,3,0,786.8759202640841,0
1328.6028509461457,10.645428111576145,1,0,627.3060407458603,0
353.56812765523057,11.841172555033134,1,0,423.3599201686219,0
1087.5774366308779,10.768413511512916,1,0,585.3734637494454,0
959.9115385130472,17.352799955963345,1,0,995.247707454952,0
2451.742903922534,18.346645520231057,0,0,410.81841583274326,0
529.4705929140422,18.47730111837416,1,0,457.6045892169985,0
270.80652691652296,13.143086628631629,0,0,523.5953571649455,0
60.20758164997653,15.597503832077594,3,0,431.72629151091326,0
1693.3380801062879,17.697656433418757,0,0,388.3766805934208,0
713.8687413687161,9.609324634636781,2,0,829.3447717011878,0
323.76634277951297,11.444011007193076,0,0,941.8070309916477,0
228.82549596801192,14.892942994168251,1,0,798.5197041087621,0
280.6331543174617,16.30198719812703,3,0,404.53139022650237,0
692.2135070430401,20.459988130630283,2,0,438.0389162634124,0
347.07320232323343,13.442979322988638,1,0,260.86722470178347,0
1192.8704157302118,14.277960732758737,2,0,391.8655127030849,0
1015.6056126452555,19.782088857487192,0,0,415.0952260734628,0
1300.0584223704366,18.90045810098978,1,0,653.0331000168005,0
1071.0735535659603,11.903434845077618,1,0,391.7408744088476,0
6919.394540836953,2.3980892105588714,11,1,16.131917477410262,1
2982.87734507176,5.463470291296632,0,0,526.0167162261691,0
1388.1989891775265,15.72304660297055,0,0,408.8085339069222,0
1103.9862943431265,9.887401779091586,1,0,1031.6240975295123,0
303.63813483789124,7.18267491907269,0,0,845.1830560443783,0
338.1726773386376,23.0,0,0,406.37451953472976,0
965.936329761298,11.103212533274004,1,0,659.4072098018611,0
2118.723255482007,10.258138517897589,1,0,472.9017604539908,0
681.0704780743303,12.039800656514386,1,0,413.67398028284254,0
1730.151933548535,12.45155615354561,1,0,235.91414311053316,0
225.40666382243717,16.417141153237306,0,0,511.29911171634126,0
322.81760370846155,23.0,2,0,572.2786790668863,0
589.9961136913489,23.0,0,0,696.9714456456244,0
645.6780113853945,6.881410906480326,3,0,378.8968325645178,0
847.9192868259971,14.843612886729385,0,0,456.4824381466399,0
1170.5544041974147,13.494116438612876,0,1,556.6151971750305,0
1897.4040632919452,3.65340824576157,1,0,868.4112325372928,0
429.86913665739337,12.673856238876489,1,0,470.40101537706505,0
11345.699852978063,0.0,10,1,23.291704077745692,1
2444.7295756728595,12.743253601791537,1,0,256.947657709006,0
1273.5657373431384,12.620630220917299,1,0,658.6737173120465,0
1689.4134959490334,10.927353304132332,0,0,310.6201560944772,0
504.4946586293157,17.267983419729838,2,0,319.4874030241304,0
2127.686185607298,14.50311055417721,2,0,520.9823568927061,0
965.5368834568428,10.938000701971436,1,0,700.7499757612684,0
571.0997407048308,9.026742850143968,1,0,578.1685012547423,0
2302.2863379377322,10.3380862720246,1,0,229.45890152810432,0
2005.9945729609544,12.877224792046736,1,0,743.4156021688882,0
868.0420403066827,9.933703396307457,0,0,847.9024534687761,0
1323.7496908397684,21.14887429757437,1,0,465.7424544684117,0
454.85611257011584,20.57140921514762,0,0,362.0749705573983,0
632.9239627115684,9.220929087042247,0,0,453.7076248204321,0
1297.3567768789214,12.309066415087658,1,0,411.1827089083762,0
445.53838662008224,7.472689888634131,0,0,337.7559020008638,0
1034.6356635083625,19.529677309788546,2,0,914.8482833215916,0
1039.3252594208811,4.506893271560902,1,0,648.6102543903152,0
1215.0734081790158,17.452662310755926,0,0,649.9006415335793,0
355.1315261985965,12.804596471893483,2,0,299.20377705068944,0
970.8776440148212,5.676670074872435,0,0,406.7346499930486,0
723.6828465848276,23.0,0,0,564.5545332426195,0
1172.1287352206805,13.08498560188048,0,0,485.8259195880571,0
1292.7397769720715,20.85200900569457,1,0,257.57156620385786,0
1541.8075012928857,23.0,2,0,385.0552069134407,0
516.9718767663331,11.07354734341815,1,0,446.6728933187271,0
622.7415826531311,6.566407650473841,1,0,321.09006950697363,0
2644.281057295891,10.748505237664226,3,0,863.5136146310907,0
823.7361269458696,2.3031634009341637,0,0,235.50654021146408,0
651.2147477062551,5.281527464713815,1,0,203.0107554517521,0
2593.2091551771455,20.030572945972665,0,0,314.94840387539836,0
1131.190561320256,9.53504741459885,0,0,953.5778582217187,0
246.44599109862773,18.386811046032378,3,0,553.5290175943259,0
1077.6259460031808,23.0,0,0,316.22939012516355,0
1058.5332069069552,9.750620374412987,1,0,280.89789203688184,0
831.0100667270092,14.504734851447905,1,0,168.87804143539725,0
1585.5421638251853,14.373408197271194,2,0,1031.9946805718373,0
975.2891405589295,15.466531180085124,1,0,270.01806891482164,0
1344.8302014349313,18.66720204084274,4,0,670.8751334040712,0
545.1596363712448,6.663638009039432,1,0,1057.5784332438652,0
1273.6975452494523,11.943600378347309,0,0,631.6127043052406,0
2853.704999766081,20.984717281164105,2,0,519.7835999475295,0
1602.9882848939335,14.557571121269406,0,0,539.012102832225,0
406.833220043857,7.758060939364739,0,0,291.95024307104404,0
2028.1738631760247,8.587794781097822,0,0,521.7805713574728,0
963.6510402489242,5.957994065347094,0,0,378.2412702803907,0
2153.187448236942,11.154693045767132,2,0,378.17008278625036,0
570.8662166583215,16.597652162579777,0,1,591.5521205088326,0
337.13726351949583,17.606095239309703,1,0,165.5353390148557,0
1170.3630489880973,16.438088376168988,0,0,681.7870443596269,0
2996.8533209524458,10.621409987922341,0,0,306.7481721718407,0
1387.6153867798685,10.997765172056628,1,0,211.42978716338655,0
1081.400830931781,11.927418912661748,1,0,473.64774975397177,0
1255.1890348192635,0.0,1,0,256.919035047796,0
1134.5956156869588,10.667600365182594,0,0,651.2126712291017,0
412.81586725263134,17.961975197078672,2,0,451.64101755315454,0
799.0199449062891,11.476977022575129,1,0,372.0538611322513,0
138.8565101892231,16.61022768122354,0,0,367.4389772377812,0
202.77404195700342,11.876278050644961,0,0,405.7773894614671,0
2163.719114476426,13.922309206317397,1,0,410.8769975043284,0
670.7672603836409,13.402911650539199,1,0,184.90099855035155,0
1902.703337074821,21.954706792770526,0,0,792.7112343390328,0
1581.0590862606214,18.08843156527277,5,0,511.9032798157609,0
2139.1937510745147,16.22664081087789,0,0,633.3953616829419,0
539.2548817822935,18.889825064999606,2,0,615.5406187395324,0
1136.8134260019294,15.885473637211723,0,0,686.5835093624693,0
84.03482995776358,19.150589250452317,1,0,140.00383463081306,0
1271.8557598386149,22.704290385072174,0,0,394.48555712248606,0
2793.692965853565,21.03605510739198,1,0,654.7057480360236,0
2065.7473160181294,12.339011419290333,2,0,132.56961342136924,0
1037.3691650210014,20.12362260954878,1,0,305.48994145082,0
669.9925654731422,18.6059451891228,0,0,349.08732717533195,0
1634.9015798711032,14.66510369045298,0,0,461.357365963898,0
393.71813797856925,8.323043380633843,1,0,666.2323083570128,0
799.9620459832753,15.39372877065032,0,0,846.9747170275843,0
1710.1127978823915,15.715242653470217,0,0,304.70211188749334,0
880.9300018730085,19.72102398952068,2,0,409.4435365993353,0
459.6609628413253,8.48067904893929,0,0,319.1037778859794,0
366.03317375514695,14.716994215167652,1,0,457.65749592481984,0
1271.1145808969334,5.065162172245138,0,0,386.1638091341777,0
558.5182267752501,12.493340692983088,0,0,389.3022916404178,0
395.9674104857543,12.951489468522235,1,0,375.59784505718176,0
1177.5778916215186,5.95536725277198,3,0,539.7056921569379,0
753.9156681475444,9.98133688538359,0,0,548.0656664828023,0
828.7825570992856,11.922258642786781,1,0,480.7078081822767,0
11837.174321862529,3.3587394351121715,9,0,3.306187032412166,1
1292.8658532217728,15.371075175650837,0,0,348.97043394284117,0
392.9442626696694,20.0661941833216,2,0,350.1858596636547,0
598.773298924596,10.404976113874842,1,0,441.38901984688187,0
612.3800302262392,8.288587456367786,2,1,572.6055225687281,0
1383.2397785433711,18.491730625377645,0,0,428.97045587438055,0
1898.1085587418095,7.193210643761482,2,0,563.6721979575055,0
227.08626019740723,12.66393988152677,1,0,248.07496864828278,0
1385.0808732501328,14.136322538172374,0,0,244.6246920255759,0
756.6081337512665,14.508686029199634,2,0,136.54122720548224,0
904.4690415928999,7.679062020041474,1,0,322.1688816990962,0
457.36946217600115,7.505982229740693,1,0,890.8685194347748,0
1090.299756995887,15.472963104716861,2,0,377.8127651445667,0
1133.8778404200034,21.774201202131287,1,0,456.3236951250447,0
378.98363374557664,10.923038371225614,1,0,185.42473219962784,0
496.9723316635793,11.568330613784898,0,0,536.3223216926123,0
473.00417099932594,10.961856577375002,1,0,492.81870182005747,0
762.1394135493754,14.823192657248692,0,0,844.7945953985605,0
500.19274616045817,10.398600079395512,0,0,462.73188752216254,0
1096.5985318776802,8.094045297021415,0,0,250.97455472176227,0
408.48098675421693,22.476817470899675,2,0,376.7874110306022,0
413.61403797535434,16.65317581872255,1,1,781.5616252172475,0
497.31667388655745,15.780162335635701,1,0,955.0721000441763,0
458.79660450734144,14.091910163855099,0,0,414.4122395114307,0
1108.78414067464,8.702407076529116,0,0,399.06039035819913,0
187.0827501300006,14.209007250427563,0,0,608.2797150302554,0
3842.572987023946,18.07926755039258,2,0,344.02754412313413,0
909.2630021803682,13.187360176618716,2,0,649.7741901639837,0
884.354003490145,18.797879461925675,2,0,238.27222028397307,0
438.94012138957237,19.809543098140225,1,0,458.91842384878913,0
572.5138758266814,16.67067971132992,1,0,278.734405256745,0
920.8198026204295,14.428341691770886,2,0,358.3422017669321,0
904.7386741326083,12.51982155377824,3,0,476.1389250194368,0
424.10307893084644,19.52649126437433,0,0,297.1305578059801,0
655.3123396403088,9.28564582305154,0,0,306.42589336597507,0
265.0219484569275,20.967476485237615,1,0,595.4983729629412,0
747.0503162514206,10.518247744461622,2,0,801.4821558587336,0
1266.2269595180196,16.234300581980044,0,0,725.9612601082391,0
1162.9262755674633,14.852162384423313,1,0,147.60774620538365,0
2005.7091051829752,7.55629052190161,2,0,627.1949533008836,0
1699.3692473979243,8.024647182424719,0,0,796.2961907261057,0
538.9213120152707,17.367294378636114,1,1,667.9268758211487,0
1496.8686518379188,12.591847420136265,0,1,339.74820077347,0
514.1667049576199,17.446912714878128,0,0,575.8296178004193,0
811.6259542397976,21.384561481551344,2,0,544.9141235614638,0
1418.7518752551255,10.269319896520479,1,0,554.141637008204,0
640.7354519301356,8.674912253926795,1,0,647.0346225630653,0
1210.7802212341244,11.09511492962677,2,0,572.773786023628,0
1093.6351421268096,11.28166128062336,0,0,453.5246559787844,0
1691.6378550018178,16.433179780724057,0,0,387.112588050838,0
752.329960492266,19.175610828857867,1,1,301.8220671721493,0
128.31082352670364,18.690546794852988,2,0,439.36773182036495,0
397.55965766051094,16.880473640724155,1,0,335.678253508589,0
499.4998266657725,2.531689888146694,2,0,645.672163470122,0
1468.2454991489021,19.911176095108306,1,0,943.7800116561357,0
767.7786242608298,0.0,2,0,581.9979872879615,0
79.01753573060884,16.854457931841527,0,0,652.6498997123368,0
1398.3686637697872,2.255169640728454,2,0,459.562501080883,0
5923.440777446779,5.867509697043079,9,1,22.38037648030922,1
5563.393625133639,0.7979623473538666,6,1,3.8258197275723207,1
725.5686710109547,11.645002896235109,1,0,475.54871980203853,0
1520.4542049421975,11.178197876579834,0,0,614.3517458686857,0
612.0699510906604,13.031118398921508,2,0,670.4708042515874,0
753.7683032640876,11.351979755988536,2,1,309.2641395710275,0
969.8138005799267,18.028457369611246,1,0,514.0501083642866,0
624.0255926129436,13.577816068222344,1,0,1214.2666572515423,0
1179.436408103198,6.630795515951421,0,0,335.56051863938706,0
548.1529284506516,12.503365133520578,0,0,654.3726486646696,0
1225.1226516802076,18.48902640722663,1,0,297.8152769193665,0
1062.8634600045878,10.110471379127175,1,0,318.97894679680144,0
685.5006939990909,13.61503167930831,0,0,789.4787490545319,0
2164.672910251671,13.75247676967466,3,0,180.26872352910678,0
832.319147744062,5.9472339937697996,2,0,713.0645934005016,0
1932.1001557229483,15.86667769351636,2,0,821.5442413250379,0
876.760497892442,17.14859362059462,0,0,604.8184832532166,0
508.3209054614845,16.054766653540156,0,0,359.62611187632535,0
2488.961761586967,10.365035036907916,1,0,138.9072275167754,0
478.9552332657852,5.186465049791979,2,0,262.26490643587056,0
730.046868228772,22.55404272057158,1,0,274.6348449301153,0
804.8702912629084,19.03441789341123,0,0,641.6209082092543,0
639.7525000359324,17.721573211813446,1,0,567.5191400163438,0
495.43182157015866,12.870083983238757,0,0,440.347696530725,0
2925.914570281487,19.129097666509484,0,0,933.3933716376874,0
560.5761486656589,18.84010137361572,0,0,339.099618483498,0
598.9913265681948,18.81975625527356,0,0,306.7531495648404,0
960.7248531861314,11.568041156045668,2,0,288.36620875861246,0
1647.3333749813871,12.62027111953347,1,0,353.3457738163764,0
1765.1607935447519,6.971615961479991,2,0,550.5176364091843,0
204.1687826834791,16.070064709723454,2,0,142.25833101954586,0
545.1987879540145,10.792165482252337,4,0,340.6863987532346,0
510.53509331154623,9.227979747124287,1,0,502.3678989151259,0
338.6897235731167,14.87771121917574,0,0,391.5328685836198,0
3230.853242275812,19.33783060328978,0,0,641.2245430010597,0
878.5529388844448,9.59144903924934,1,0,638.7812002755744,0
964.5567052941985,23.0,0,0,505.4995317678155,0
1331.2088889221816,19.841162995097307,1,0,310.6495994766043,0
355.45345921945284,11.515504764237008,1,0,784.6662880275051,0
1419.2185327034747,8.525682538165738,0,0,220.37850404111853,0
868.0543303994741,14.977149580132593,2,0,180.4075223327745,0
1057.0695692417294,14.625664953848386,0,0,511.30025383957883,0
1393.454946760672,19.027055077412157,1,0,371.4093400592368,0
435.6906084186321,15.58629290639491,0,0,639.2210338266422,0
875.212343946038,14.237242653181026,0,0,1243.5772757068946,0
483.9450450629923,14.408213672105797,2,0,553.6751254858455,0
1793.7683606693233,12.451591089816361,1,0,157.69647670194746,0
1948.6423443162114,17.777524532327945,0,0,669.2400856141428,0
1133.0665395239796,6.0805220445607535,1,0,411.12771992469544,0
543.5019220637818,19.181221775006993,0,0,373.9091239897067,0
1176.648904751193,12.008306886556237,0,0,537.1830166366393,0
272.6863810236146,16.749438409510084,1,0,460.67056341579854,0
2041.072604763038,7.563884097479525,2,0,509.6802726470953,0
4191.280484958942,5.761970582385477,6,1,63.415998592907236,1
247.68520136699422,18.594023233511784,1,1,477.2714646260587,0
1147.0117966034052,14.773199793131736,1,0,313.6681698439353,0
440.1367541280973,20.871558103271195,2,0,531.1512465113308,0
2164.426561117458,13.186041591252158,1,0,905.5586363059188,0
1597.2045993928484,11.979230471463387,0,0,256.5098996026733,0
1585.0413572853822,18.227302664871836,1,0,700.2854662200585,0
1790.8652862585939,19.916879029165294,0,0,203.90212153392503,0
1104.4451458292567,10.24128217656406,2,0,427.5833453319662,0
487.93092311472,10.036885848144085,0,0,648.7470843537183,0
452.9777016390401,10.163637138200087,1,0,244.04609775534442,0
449.9836316627041,18.791663573425705,0,0,503.7693502095463,0
993.5340884489177,13.957931670143175,0,0,273.34176804263484,0
929.9990566134535,9.51612377746424,0,0,416.5858663998294,0
301.6759520572285,10.177010647222929,1,0,628.4315528124013,0
1033.470637104167,17.6301939655518,1,0,956.0776927650876,0
2820.1383018652996,12.817079579980751,1,0,404.29201471265344,0
1543.2380178261396,17.492163910314876,0,0,542.6402556836057,0
1036.512358196332,11.871150636123197,1,0,269.66804757479775,0
1414.4828695788008,13.988463273007627,1,0,579.7931422901687,0
407.00169227489306,22.416866715037667,1,0,552.3261558277266,0
2318.178328849214,1.3708415709769586,0,0,534.019690630013,0
391.1037888568899,6.436856129362371,0,0,646.1953340937646,0
1378.7561095752424,20.953629645707153,1,0,609.1637991304874,0
1043.7131951296894,6.092622859789093,5,0,676.7949885898024,0
683.3496857790461,15.915951926886638,1,0,204.94177866891644,0
1044.5409281286998,17.224774920136984,1,0,646.6416357478919,0
335.62114134385314,3.8900323862596835,1,0,497.1081012184871,0
1152.6963287193246,18.666711521036262,2,0,1042.9286252925453,0
235.2674817991764,14.939212036355833,0,0,742.0375847686006,0
1793.4065889394976,12.111975234710307,2,0,788.199953874968,0
513.0936891770012,19.407032721962416,0,0,587.8193746744892,0
992.4224558184721,15.825803162375847,0,0,627.235979210022,0
1403.4748017865338,17.46325658475169,1,0,790.9402807566502,0
385.8617893181203,4.8094621747058,0,0,310.81891572437905,0
98.86839567780825,12.950236081794401,1,0,408.50846798613196,0
1389.4818004563522,18.726300389470687,1,0,263.07470196700694,0
1322.2600947960123,9.624776527860146,2,0,428.19736314828447,0
2127.3011281036815,18.069206346302785,0,0,464.58010791000265,0
217.32009749824158,8.994312210574252,2,0,280.7416639942981,0
798.8004406071549,14.415005260264241,1,0,366.00661935760917,0
733.9732695160276,15.51985088947167,1,0,432.43918236540605,0
2905.3871081466227,12.348182687531844,1,0,896.6239130316394,0
842.045693317932,12.199010457575325,1,0,593.0872203296472,0
895.0224783352014,9.86481217482606,1,0,657.9000805111117,0
701.5600955213607,16.732622080267568,1,0,197.49017925788843,0
2660.121082785872,15.21129078310143,1,0,722.57588634754,0
432.96794432947036,9.919317549744548,1,0,465.12691471293135,0
786.4902463335176,20.99312305279707,0,0,718.5168291666175,0
266.97027731845174,9.811291628255713,2,0,402.897563267844,0
639.8908518902609,15.986041550658234,3,0,510.595202825409,0
1057.2952885770067,3.5538326307831056,2,0,826.7464537275187,0
1608.0830786953384,12.06579521006747,1,0,729.598143216865,0
948.4513305873433,14.85251639082923,1,0,835.052044982273,0
338.9383660405184,9.005923659052371,0,0,348.6081967089408,0
726.0615468859002,10.402402435569863,1,0,376.12920778714783,0
504.33272289293996,9.327573258452489,0,0,637.5256671639888,0
418.3364243008733,10.430729198534934,0,0,386.996254434842,0
470.5933115775601,11.01367313363247,1,0,424.70612011044875,0
2123.2636013681426,8.737455445969804,0,0,516.491183710262,0
1655.7115253840168,14.665772640858076,2,0,486.5747142029373,0
530.9262213694631,8.364337081590783,0,0,429.3331038847853,0
1088.1081885628012,12.36336279739282,1,0,356.3498183708607,0
443.3741026568494,11.031502865063715,2,0,313.4790997836832,0
2597.855892051105,14.708190640678252,0,0,341.0765986242153,0
474.9220411759313,21.676638666883065,1,0,493.1233474100207,0
1447.0165186864306,7.068104638921081,0,0,495.5973412176869,0
978.3982051753186,8.594057609805043,0,0,270.74768099139646,0
1269.4668792940674,18.096734531912727,1,0,416.33538670901055,0
1779.1688077006434,12.46507379037503,1,0,226.38591478814104,0
1352.7141208824617,7.655637036971104,1,0,788.4165497527215,0
2129.936548481553,13.242919660067868,0,0,467.1254259797498,0
253.52937980883218,15.883584239346792,1,0,660.8160339361473,0
44.423717268358246,10.047856428252661,1,0,391.2170546436691,0
480.5214672998513,10.863712685692152,0,0,452.341231919329,0
4807.956398099244,3.6985386591747154,10,1,13.105229801198506,1
1202.0865905529151,20.230294624601157,0,0,303.79633248355566,0
220.41425432289603,14.89563906889478,0,0,696.8961534232595,0
809.943333553538,10.663451972645207,0,0,763.9845545512229,0
982.1878476106498,12.582620042228442,2,0,315.2972617387554,0
137.8559014996858,7.696779420056721,0,0,598.9539266828975,0
1347.0738313463003,15.083509955547703,0,0,356.9978053347476,0
895.784110645545,10.181152494059928,0,0,411.88749781888976,0
2834.6798010836546,14.880477441154246,2,0,396.3397391670163,0
2388.343511929651,12.065079504211548,2,0,714.4574617577027,0
558.8313183619458,15.248535806112693,2,0,704.5351779938866,0
803.8896697846709,19.869641236774047,0,0,729.7851996580907,0
352.3215863575281,9.235155832462974,1,0,381.15155249064185,0
775.915750424898,20.124907040279425,2,0,402.21221782753815,0
1250.8194682891613,15.813647832829849,1,0,492.22670753807415,0
2259.089783392671,14.864394804672926,2,0,294.84867889791735,0
489.1204955721256,8.754356350560732,1,0,299.60753908352257,0
454.1579025422726,18.74075005901055,1,0,325.7153351305158,0
683.6574597122348,22.073646515034426,1,0,125.1406807122098,0
270.8372975136034,16.244837777851068,0,0,549.6685978726897,0
693.017727374992,13.140025072840535,0,0,599.2585084989761,0
510.99843557210056,13.383105448282477,2,1,665.8769320130165,0
1424.8887816391366,18.144375741282655,0,0,297.39486330231745,0
343.49987833534226,15.065401979857773,2,0,605.742352045004,0
804.6728901533007,1.9686093098491089,2,0,396.6766893457633,0
378.7508832920435,15.439971562135,0,0,336.8445787425296,0
139.63187475132284,5.974147787792337,2,0,395.21517696577064,0
320.13559509973834,14.117160635737026,1,0,494.77584568293526,0
489.56675896408564,2.861002213317091,2,0,474.9842702317611,0
446.2288897179055,22.55424328123185,0,0,690.109119847773,0
698.7587768184372,12.906596923897427,1,0,807.3180255255857,0
4261.943154916329,10.057071440360051,3,0,867.8449150537075,0
1172.2211354919596,14.160126716841086,3,0,245.37048245791593,0
2149.090300022941,16.49132353597941,0,0,572.5101855177828,0
1194.6356714719705,10.271897664139132,1,0,218.86021304400546,0
755.6541626744429,14.345848965179915,0,0,154.5910690386893,0
1572.9027671442514,9.82729723783648,0,0,207.80345476336643,0
1190.8189794823722,12.102603719941278,2,0,344.0599409002002,0
888.6536964973806,9.125822117357014,0,0,218.72348364642596,0
1329.9123080159213,18.357882511490786,0,0,322.997107836228,0
1699.3446815388447,11.249533540719618,1,0,569.0252623290412,0
1422.3362456132525,7.6427315028609115,0,0,472.3313518265624,0
452.0421464042588,9.634737201613863,0,0,623.229309260141,0
737.0779253398952,11.667462363249413,0,0,311.8259282083308,0
712.6387163241924,6.970236682071636,1,0,741.89565071243,0
1740.9618727149145,10.260331890610313,0,0,800.7246835838121,0
176.39700646832338,22.417074223713342,1,0,605.9299060914292,0
1205.0112382174482,15.202028059580595,2,0,813.8686047036314,0
1345.7568857279223,14.901423864951182,2,0,521.272468519227,0
363.21323346785107,13.183608073858483,1,0,332.33333646517804,0
1779.3313980043533,14.089126894666423,1,0,505.96700563476276,0
489.2220070271785,15.81945681075027,0,0,796.7413367239927,0
514.7898835786225,17.027564601179197,1,0,638.7599984920006,0
284.6092530366338,16.009423315637733,1,1,487.6103717541052,0
829.2084898048361,7.64154929240348,1,0,246.73882398488112,0
442.07606237843027,8.0951819107649,0,0,159.8158904000615,0
561.3791371411653,17.441204754126698,2,0,644.364717750925,0
386.8276001993284,8.915527428811995,0,0,232.71026435907686,0
3572.716392082213,13.745601741780094,0,0,681.9449120926328,0
12803.788155008999,0.0,10,1,54.38370269151761,1
1701.0803474163795,12.861193556438147,3,0,943.2040878593874,0
2023.3822289589787,15.114319981051466,2,0,297.2207984284955,0
981.9786562319493,12.90128125989093,0,1,721.0839325212053,0
1059.8410219563789,8.11540053934208,0,0,442.2307622606327,0
380.4267493664353,10.843002898645828,0,0,692.3898644242955,0
1487.047604424433,20.477537910587294,1,0,348.76996876694017,0
2071.999581657513,18.40680743303061,4,0,310.06343479530165,0
1242.7483989480847,15.723152523172555,0,0,611.5718468483826,0
320.06865242194175,13.426055891827248,1,0,422.9139168044803,0
2166.8132163650976,14.015318187203372,1,0,326.27389168556164,0
975.7751412191193,13.39034793209001,0,0,450.42898801651995,0
427.06207030409274,16.78434158414493,1,0,373.8465495009119,0
366.97242186152886,4.743206460050402,0,0,271.1173264313509,0
1849.3845297165487,11.71666205047637,0,0,520.8220425498516,0
1410.8253999116253,11.179739791269101,2,0,551.100340793099,0
510.77813361830636,12.542968193255534,1,0,436.3780683151387,0
657.9120976898927,12.910870925841316,0,0,498.4046221947018,0
2389.966036342013,7.414509016225108,1,0,1057.6495828330253,0
2086.7662795346123,14.767739882119576,1,1,590.3058254538822,0
479.30432470456384,11.329391791935521,0,0,229.45456842066113,0
280.55366974666094,11.117045372570953,1,0,514.399043864927,0
563.7299035555192,21.0499375580807,2,0,300.16024181174055,0
1867.7165326268296,14.021052604378928,0,0,814.8377208433415,0
1487.453970912375,18.9261008640455,1,0,393.6826831760194,0
905.9700198594419,16.501666036603126,2,0,342.1013754902314,0
1533.8012050392074,11.246495590163716,1,0,442.61105257705947,0
2040.2084993263672,15.098764775637745,1,0,133.69032058044868,0
405.8736316460489,18.780643028705,2,0,536.041731880755,0
1953.2462558303348,10.238951578415017,1,0,385.1379532161851,0
789.1884255716648,17.471996710736185,0,0,233.9248553998627,0
368.4680127881284,15.3002725773039,1,0,504.400124541095,0
1721.8448305511452,5.296602817563082,2,0,574.9233380920073,0
652.1767087908897,18.010958913415546,1,0,506.5508498947436,0
619.8078045828752,8.766669706841554,1,0,298.24294284975196,0
362.0348989472465,16.416452482145115,1,1,304.2915284680797,0
642.4830395894975,14.390578462417325,0,0,721.2689179746131,0
427.8346707973021,14.292385342340697,0,0,378.8598836202147,0
2404.291597834716,18.74102997411675,1,0,235.24254045335925,0
538.6380938654049,12.551314565738194,3,0,968.0360773092265,0
724.4132937261857,10.455446375047055,3,0,502.6149751608524,0
595.287382559842,9.269799908742234,2,0,320.6717051068658,0
342.0945945481224,9.79874117690668,2,0,291.2567873809464,0
6957.59703078605,7.409239297008091,5,1,27.98000065864691,1
687.6970758555028,20.525407960692082,0,0,180.00414418488776,0
718.3764965897136,14.661545103442673,1,1,211.59216705184923,0
76.75674763949053,14.657613650390783,1,0,440.40369085326654,0
323.68160048632217,11.796041519940431,1,0,1053.0752760837393,0
809.5366590392994,9.155879429825028,2,0,482.36968507183747,0
626.7022320682063,12.964524286913587,0,0,524.6407730435565,0
907.1027298850341,8.795490677635554,1,0,130.36642342043544,0
1434.9299773453774,19.322281040703174,1,0,155.97084441277633,0
450.32626693689434,13.96520058543821,0,1,585.7706283937256,0
924.6529413691368,9.113655691884967,0,0,450.11685303308025,0
788.565767015331,15.020733022540277,2,0,768.7446174940917,0
1119.4563889855465,16.483012048379702,0,0,723.2764452776736,0
786.5059583868122,8.56466243532541,1,0,545.1507524820594,0
397.0287927633328,9.81622154448707,1,0,713.894064675104,0
297.5036272606863,6.659891756163243,0,0,257.2823378561252,0
169.61844242202798,8.662915070556556,1,0,504.553689802394,0
276.5035427650997,8.948870354739334,0,0,356.9534225619925,0
810.756919637759,17.615479435767405,0,0,649.0359302274921,0
2440.9272098427423,17.110704868503195,0,0,632.2027247644469,0
913.4206402831549,12.978463956999171,2,0,803.8476761949864,0
597.3163695348267,12.39415300478159,1,0,386.54369169068286,0
1201.189813211078,16.75759004234791,2,0,741.2830839328019,0
359.8977165950344,7.840578772247518,1,0,176.91608652136094,0
1900.1363686277605,15.242366089985461,2,0,561.2412054619457,0
516.7460020519925,20.76387087877124,0,0,543.2975490671987,0
1228.05386391221,23.0,0,0,524.9385233754266,0
1802.3201395320852,18.734685909776037,0,0,797.115045294987,0
2068.5047587224685,7.132366892112323,1,0,262.21996270544605,0
1281.3450591247997,9.126324090437897,1,0,506.7665287520899,0
1556.641352172367,14.093888616939735,2,0,654.0616396643507,0
1126.5493266410242,15.981354604725556,2,0,340.96314482143214,0
2147.845400998395,19.522772624955955,0,0,513.7077742711681,0
1046.2344482549822,13.122019326685239,3,0,387.76535555968394,0
2433.4015180545266,16.37920188421983,1,0,209.6006583888927,0
490.72052546336334,15.046771650938073,2,0,295.555000479314,0
1334.8051282529852,8.5997126234913,0,0,260.50022578577136,0
176.59734899618053,18.2625063797752,3,0,468.0109357352442,0
379.68416531613684,21.018098342641675,0,0,438.4166794381662,0
1342.5021661212147,23.0,0,0,647.5020564111824,0
287.2524221355864,10.378893430845356,1,0,354.61060987109744,0
1536.3729161244278,5.744733024690422,1,0,1076.7322530609342,0
1519.6305239706553,17.201685554648357,1,0,425.5944027652417,0
231.12255973190852,20.664008652380495,2,0,475.87793563770555,0
438.61419567262277,7.189851589994995,2,0,651.9882774654625,0
617.1496451956781,16.785512234680702,0,0,743.2717664877723,0
301.9178475845371,10.089066279989506,0,0,977.6091270020917,0
698.9148878683719,9.571259690620412,1,0,313.186657096761,0
853.7459978643668,8.382714964202938,0,0,787.9978057990872,0
968.7716018461217,23.0,2,0,467.03566843487147,0
884.7079074291374,10.085284603638078,1,0,368.9799015395008,0
1197.8951634058863,18.23361169385422,1,0,561.7162046099652,0
28.343760103745574,15.81836323919491,2,0,1284.8503001745225,0
836.6202545143808,7.9587427460124225,1,0,739.3876707532808,0
2284.2859851735407,6.286590050137355,1,0,343.8083597603019,0
330.4226532656126,7.472437812085142,0,0,422.0500449284101,0
504.0997266256091,11.28942106658559,3,0,481.4559912819245,0
550.330559050216,12.404177583909156,1,0,522.8492186569192,0
1849.02130366283,17.271486967371377,0,0,339.7062740861935,0
1764.0150989258507,10.879398885665305,1,0,280.26496544550423,0
264.0709691259277,19.597830584905463,0,0,668.9402909479714,0
658.8058306673073,10.949251272099275,0,1,723.7164440443406,0
325.21667537226847,11.591712744727129,2,0,747.3572647639181,0
1123.8106643868357,17.812553063463323,3,0,591.5893388890657,0
683.4842805443874,7.09825823133031,2,0,397.5191798980726,0
883.7688833970177,14.029418889251867,0,0,397.61352118033193,0
863.3820842661099,15.949325790328587,1,0,209.09031144448682,0
1484.6182469774649,4.344692539829939,1,0,637.4493113016048,0
600.9354629982282,13.416179393468475,3,0,260.95469479199966,0
119.06383938654074,14.879986260636976,2,0,247.9850337222574,0
1493.6540292328364,5.71516772130636,1,0,302.4394279105394,0
1031.9255401905405,10.188749833383484,1,0,578.2812015270351,0
1569.7744263701288,18.657347597769945,1,0,483.3888605227892,0
1093.7607081418387,9.137981301946894,1,0,393.69670288226047,0
292.27207851053504,11.044771396365793,1,0,327.10935079562273,0
630.3867544081297,18.27133780789181,0,0,385.54888588662453,0
214.7314944702111,16.32309980172568,0,0,450.62241563393945,0
1412.8357542449864,16.51707121774661,1,0,700.3067337868773,0
1910.814479577221,17.79569599460055,0,0,935.6776745168007,0
363.9177805964074,16.148848109524884,0,0,714.9323047909319,0
1612.2852701394975,17.480211567039454,1,0,873.283688254568,0
641.7014397843034,1.4058452254090774,1,0,289.88173216764756,0
1337.1339754188064,16.87519203373077,3,0,193.49592342878657,0
965.7039361011757,23.0,1,0,620.9136067069885,0
1812.970578807821,13.424645975584435,0,0,506.7486388122545,0
98.00285791989172,16.38132508628278,1,0,981.8975323334209,0
857.3027600548935,13.472573164211116,3,0,296.3068793692216,0
368.5608043662673,16.317301778331085,1,0,407.45178705081884,0
189.60937371199807,15.202313724008516,0,0,218.6057726138039,0
982.595921234386,1.7923571454076495,0,0,274.3298930057543,0
986.6181719795129,8.7682498215629,2,0,552.9576854529297,0
789.1458067279461,15.2050156883118,0,0,251.7757518048325,0
563.2596378310028,9.404011163111083,2,0,458.6186804680449,0
1971.9611513132018,9.66342745622834,0,0,223.6582155994101,0
805.9954734065864,18.446589536646766,1,0,384.51151780294566,0
540.5295650891342,12.257970852477925,0,0,436.03716658994944,0
909.8089945242277,20.46203450455777,5,0,673.5149548614095,0
614.8124367051109,15.087103212181479,2,0,238.00176607477482,0
726.84060359194,12.91896541108337,2,0,230.76963335837993,0
229.6830096686323,8.084846673410748,1,0,418.5019821009514,0
1203.0736906847471,23.0,1,1,507.13413026908955,0
932.8165808256659,14.117022553720652,0,0,420.12845900152956,0
513.8429623306073,14.273280604563494,2,0,472.756406231974,0
483.8238085740523,13.199487931539752,1,0,540.564956896511,0
898.2520603758325,16.228217522450496,1,0,623.9230955985006,0
474.9011881701179,14.898330194357937,1,1,458.9746261129439,0
155.4447930759589,15.063349780850773,0,0,654.6322147194971,0
1049.1916192725878,3.040085676299011,0,0,709.4182900815463,0
2385.170033205781,13.865500737553077,1,1,303.7061436257065,0
500.6929117669805,18.952527122112627,0,0,520.061561900417,0
2135.710165572026,14.738529103815042,1,0,645.1925051061752,0
2718.555952607204,8.658980842728415,2,0,510.5060090817069,0
1033.424327150718,4.605715431284253,0,0,909.8294066243,0
1098.8562777099426,23.0,1,0,330.7603214777828,0
1483.0737995401462,23.0,2,0,625.4644473063347,0
638.2296665888649,7.714734626782787,1,0,448.173046831751,0
1371.9678917276124,10.606896912315591,0,0,228.95603340340918,0
1384.3268232521807,15.424824575813485,0,0,543.3258353379274,0
542.2898674636099,7.791899691709142,1,0,667.4321609821643,0
1565.7639476189015,3.616919939007074,4,1,848.2322502375888,0
1553.9576974772665,10.980531744271476,0,0,604.1043164997692,0
1072.2729735332784,6.024838915218924,2,0,406.00729563963256,0
714.5064141615203,9.939208182242156,0,0,753.1267365318348,0
137.06380242611456,10.587656154914447,1,0,757.3776129836458,0
1400.9055075088204,17.182991887543334,0,0,738.9322374400847,0
756.725976746334,11.409173550860496,1,0,350.1104176721022,0
282.0613808318656,21.08270175496572,0,0,340.9905013875864,0
1248.1832210682091,13.051242213701585,2,1,417.80014925224276,0
386.4823250242638,16.702284023945886,1,0,840.2001617428618,0
536.7040296811525,3.7473438721684786,2,0,527.5449309081572,0
1810.627677778585,17.833591413101402,0,0,362.1169637560211,0
931.1703965461834,9.672185868017937,2,0,824.5174843143549,0
883.3637039609496,23.0,1,0,307.51829564325044,0
494.50344174628367,7.842919154669062,2,0,623.881672044769,0
842.5805541252687,11.597282871966122,3,0,577.5011533862098,0
330.28587054444756,18.286282683308656,2,0,355.93543348099377,0
828.6684079214866,6.757094765865228,0,0,304.8821368273846,0
341.1307968288534,6.5118606696524655,2,0,410.57227665563516,0
443.01019320295603,8.2746604175873,1,0,326.84271270058946,0
926.7689974348542,9.113575839785156,1,0,426.9488976707076,0
1392.6050301788782,10.79275340751067,0,0,318.80534919012973,0
3229.8285438358726,23.0,2,0,545.4142917184387,0
220.03865485244495,20.467134374814748,0,0,915.1669458958903,0
1458.97923169999,10.499898535322117,1,0,476.3775380194847,0
398.3412621951586,14.227332631165968,2,0,621.0006561911332,0
765.0819670005415,20.034851623161245,2,0,535.5048265876604,0
1805.6453793600156,4.100893171996574,0,0,589.891905314437,0
2143.1221849977796,19.446606783140773,0,0,335.2128403206134,0
847.1657799718462,7.231086196042593,2,0,370.99694294527274,0
594.7393982664289,8.499515187110969,0,0,143.48421264304625,0
335.7467442784402,10.45482944235649,0,0,490.6436894470995,0
1065.5399778712365,18.7224992681208,0,0,696.0378650511474,0
1266.0298186976818,22.358297183243057,3,0,558.0108351166022,0
196.911191053562,10.747630002703914,2,0,405.42669156976416,0
1552.9611633042025,9.601521602649228,0,0,451.29681909625987,0
845.0173594014299,17.944321079260625,0,0,815.8306117254737,0
447.5449252531407,15.262242774768318,0,0,446.9820809495772,0
1061.6759141900216,13.51464089925723,1,0,497.58179742976773,0
761.5631886556033,14.496148116905365,0,0,921.8748521136152,0
471.46063894258776,16.75923790321255,1,0,437.20059897385727,0
341.3134123595088,14.224744785103551,0,1,308.5526391383531,0
67.59605621018677,13.904556248820292,0,0,414.30959433203356,0
976.8502258812337,22.60846306067571,0,0,381.665006712365,0
954.0840936962919,20.768549199882557,0,1,725.2834529673673,0
693.1051481581651,21.402460763345402,1,0,387.59853260423967,0
1004.0750633134836,16.31640170895194,1,0,291.21665897584273,0
1498.2948044131342,3.422192929406606,1,0,447.75737353206233,0
1369.0078607249488,6.686825481340371,0,0,1260.7641460293826,0
2170.5585897608607,18.262044388990986,0,0,965.6033648475178,0
756.3494211336473,13.958838177152446,1,1,741.8855600084014,0
2468.3979349794513,14.218263671514805,1,0,118.75027611846593,0
1140.2986591085228,13.593939951244325,0,0,433.59960235845153,0
165.45271384020214,21.56117455332799,1,0,743.8376991622836,0
319.7804958189151,12.990431998594628,1,0,311.1071439712143,0
1432.0983753323846,7.982165518855837,0,0,839.0438817208778,0
543.5308203756507,14.976827878243038,0,0,705.4670773701635,0
1057.1657521715786,7.777819761256524,1,0,645.2086734452687,0
1333.3718433439954,11.349943479793067,0,0,1110.643709820788,0
774.8092212798329,17.972723991066566,1,0,430.4874262837785,0
263.36344124242225,11.242630443602572,2,0,812.3804390689988,0
1381.7327845258894,19.98263393341442,0,0,342.8328827534704,0
781.4963715964726,7.431403276034196,1,1,391.2708143127181,0
1168.6812043379423,9.323013700088532,0,0,386.3430220677455,0
977.2917977508492,13.455730596336494,0,0,298.594634351352,0
1514.3072020381207,14.739844403163813,1,0,477.2755932736563,0
528.7580289353813,12.146017831002368,0,0,457.95091649543104,0
335.68686246674844,8.465414734923723,0,0,355.46383506334325,0
809.9370414618837,18.473287258460026,1,0,481.5783824839996,0
352.2890088038605,3.6220246756108168,0,0,381.09558741493845,0
454.7920642752842,12.807545714746004,0,0,528.9293708060069,0
364.535066848064,8.565588467028226,1,0,281.8954531897863,0
1698.6819244496699,14.803109125407268,0,0,479.09806234565207,0
928.5519080572151,9.847047398313617,1,0,448.40982197838645,0
1473.9131135585994,9.192386563353928,0,0,598.1465745089959,0
901.6566027492278,11.010272676879332,2,1,613.6666717494475,0
617.7184280521418,15.988084170265962,0,0,782.4753760805955,0
1235.1620446084098,12.620508028705615,1,0,301.63040235887394,0
641.6515914922238,5.625418010408895,1,0,812.255270680152,0
2211.493825044141,18.340273271138884,1,0,238.43732891763327,0
353.78285828574343,14.327768625751393,1,0,849.9830066481068,0
672.23537284289,18.71381862576155,0,0,151.6830302316729,0
1582.4279605342206,18.032058811308794,2,0,347.3674149734907,0
867.5990219527785,11.939217224040917,1,0,599.133995060077,0
1847.5637060121908,0.12405769445948778,1,0,804.9586213609759,0
282.4079474981292,13.733687200031566,1,0,974.1665013593282,0
766.5604385140556,11.226665627059658,1,0,701.12066679083,0
1827.7577222631562,8.724491848666577,1,0,448.4652098707174,0
297.94797317310605,10.655768535656117,0,0,628.8548921580696,0
532.4628741278563,4.7789164806638045,1,0,709.7217013784077,0
512.0472078979932,7.843165369530826,2,0,275.7817014931511,0
1539.8524994285324,13.895579251875501,1,0,318.4681497576157,0
852.5617328480143,23.0,2,0,348.49810558731207,0
582.2428166200369,4.436607992671718,2,0,286.6495128558969,0
1012.6485426128094,14.710740062650203,1,1,244.05811325890704,0
1862.4361196754924,17.65078582015721,2,0,653.8879013039193,0
697.7659223024448,4.059340929041664,0,0,528.3819188936758,0
875.0975251425566,19.699283021808515,1,0,422.22107150590756,0
82.82457003350555,19.158993772997004,0,0,583.9136835605929,0
754.3045249388263,13.250189885518646,1,0,161.80914067543227,0
506.30803702922043,11.583583028512066,0,0,263.6616076012927,0
84.35888873543426,12.606981483875826,2,0,152.7682410529114,0
1991.9700715261642,16.26143582891738,1,0,378.20447653478885,0
1224.1427752112363,4.445170322038974,0,0,301.3899014117661,0
1134.1270798017904,11.419699117348262,1,0,335.10317265496013,0
743.5792550382901,8.546231420888768,0,0,382.957088935704,0
2183.4017376189336,23.0,0,0,311.15093932128235,0
396.02699914423306,8.632282782380553,0,0,569.5904292715676,0
509.6761818387148,14.55679247849049,2,0,251.3410627919052,0
654.0136090725192,17.118466050880958,1,0,353.42514854586733,0
376.01107327556934,14.93573743438667,0,1,592.0646051548025,0
213.61099591940862,13.45315466794771,1,0,757.242016505295,0
1432.3838205102572,8.872650778008698,0,0,364.9525186273855,0
2664.238967392705,9.631085564458381,0,0,411.34650279878525,0
402.48573205453243,22.879234473955975,0,0,463.6360252300311,0
1196.0928293575491,9.104097818612004,1,0,590.1332049127107,0
866.8242146069324,23.0,0,0,286.127092118462,0
642.6263053978947,8.166539020303668,0,1,400.1350737799535,0
1409.750021021063,10.541857872883437,1,0,1087.5964307017568,0
1013.6009050307541,7.952887730540828,2,0,609.8010918087244,0
228.26707343642005,13.76002734200333,1,0,760.728884697011,0
946.5909097915742,13.825196519233097,1,0,569.2736412908879,0
69.85588110225868,9.339567932213214,0,0,973.7202820564195,0
3149.362075379504,7.591650416735062,0,0,281.6941609604871,0
1332.5167847715204,17.8460232444458,1,0,457.08969613196444,0
1005.4948990875777,5.292151748744375,1,0,820.9794394474254,0
1134.3830409790119,23.0,1,0,602.6268017272637,0
128.81216375092194,6.82963668332382,1,0,372.4536675858143,0
1839.2405577752822,18.219946260595982,0,0,557.8439795804345,0
556.1196205872392,8.896298948958506,0,1,778.9058298045629,0
130.17506783496253,14.788856556268343,1,0,613.9407615158833,0
431.7177193458063,8.62750805170596,0,0,1214.421368986519,0
777.7542186335122,16.43893008755449,0,0,221.80595644624913,0
447.16855777564734,9.494483565078216,2,0,328.67786310027395,0
843.4300706641706,13.568075078242506,0,1,499.29957226909886,0
12130.841397473483,0.0,8,0,45.617091053649794,1
248.46700917018055,6.128951771989403,0,0,692.5655739472244,0
2353.9985336900113,22.463567165406253,2,0,903.8542710124952,0
1952.527111255659,10.37264145320949,1,0,482.17711012744127,0
429.0797880908067,11.677656836112172,2,0,317.7634764693338,0
987.7795983529242,23.0,1,0,466.5179638425419,0
574.8014012641142,5.065054950946038,0,0,156.69307626511423,0
1037.8422216699382,17.894660902602553,1,0,720.8433396212255,0
49.367805953393,7.270597926199774,1,0,482.7745919984633,0
1829.6682735410645,10.468883229659617,0,0,306.8477686131691,0
796.5546976900955,17.19292333029275,0,0,417.2792512306039,0
764.0927451124628,14.667113172546447,1,0,775.3563051174264,0
1193.749251356549,21.14362233563294,0,0,368.6914781737001,0
180.13366020190293,18.401070698120883,4,1,88.90651878288207,0
1590.200842865745,20.51680451464829,0,0,342.95345194553425,0
1833.1962889445117,17.90111237300718,1,0,837.8384424238104,0
466.49031369648145,6.349345356283341,2,1,532.9717831173666,0
1067.157914632613,9.935026702950315,3,0,614.7887413093061,0
2081.782320429328,9.623382162044773,0,0,1107.180532143454,0
1038.8013126703534,17.052641971046633,0,0,650.9637606768537,0
410.0668412751662,14.74958851528926,0,0,490.7355915188,0
363.6095592912952,11.939738651075391,1,0,609.3703930884257,0
976.3557299743103,7.1333786011958935,0,0,374.72362265753117,0
1346.614535279783,13.268256649159014,1,0,618.3690321494721,0
339.8710504871703,15.580522265531998,1,0,676.1180121673613,0
506.5219847593254,15.853527835577918,0,0,684.1599517079256,0
1166.9616213798774,23.0,3,0,465.480860507511,0
919.5359833793123,14.340835501932931,1,0,766.9589545057999,0
616.7390591299405,11.57490913486861,1,0,542.6238768599803,0
637.5777827858083,20.53517715977439,0,0,616.0351763346208,0
133.20704234098255,20.142588032074563,1,0,108.60117383483308,0
561.8078228401132,10.790778690632788,2,0,670.9283780088243,0
360.2267899552163,17.382140526604612,1,0,594.3330141153613,0
4079.1477927770616,17.42041989388058,0,0,390.98543968193036,0
870.1285461622159,6.179082988305565,2,0,367.00127795903313,0
2454.8906343396543,11.046097113128864,1,0,876.4100356167976,0
1464.1269701433237,11.857891349999822,0,0,496.2395195361536,0
71.92926760958113,14.123207833189733,3,0,497.9364325041898,0
714.2281325527169,23.0,5,0,538.4969332122884,0
1578.591219597906,4.3060004530921105,1,0,738.0750941283824,0
768.4438054131392,20.34390294206921,1,0,524.9863606364584,0
734.4109070909954,5.133229826962639,0,0,445.17571222300865,0
8300.150567998788,1.7821656692776529,8,0,9.387655321955174,1
1914.7275948215618,20.519370729656895,1,0,254.37523267546692,0
1136.7496824342757,16.29813018607934,1,1,835.1504386490678,0
378.47245261155393,2.8461617342630117,1,0,670.4083424274529,0
2561.24216279532,10.505485589878477,2,0,241.39012768033905,0
759.4201803550097,12.810930589257897,1,0,322.1736400072554,0
501.8833634162052,13.44266958610292,0,0,338.1516886318284,0
366.61290861035195,23.0,0,0,601.1875671845627,0
687.6309009682845,14.974194094927984,2,0,711.3516619497319,0
835.3101913244506,20.86181972632585,2,0,383.3531948655505,0
1374.9144624988514,14.186338047946744,0,0,477.08230377992686,0
749.1665975278127,11.561109842457292,2,0,690.1642506052332,0
969.9675348765038,19.509589153206914,2,0,614.8080226943918,0
5895.872071771147,3.505988436117946,4,0,1.1753634564389457,1
1090.3857348458664,14.738259202687251,1,0,953.7522381857829,0
1343.8301132075596,23.0,1,0,516.1883069112063,0
1730.3001670865438,19.274503587986818,1,0,376.6589197184393,0
573.6661193674242,17.992306694889415,0,0,216.33412403313233,0
452.16507755336653,9.643955104834937,3,0,379.47664224865736,0
1166.5272999906815,14.062403527429698,2,0,599.709088631701,0
289.28873036476944,9.933200317755544,2,0,504.10941176252743,0
671.9568199832987,18.9554643829902,1,1,618.3432855226727,0
1690.1254707044145,10.708888781249058,1,0,585.9975603753652,0
976.7266794170893,15.115190124132376,1,0,1125.447551123023,0
1039.465152390697,16.171884610141838,0,0,597.8453022613314,0
1024.9332485297357,19.836953393505755,0,0,637.6014127850066,0
1890.9911203772217,16.552963354021948,1,0,285.7061929033153,0
479.2250361315519,23.0,0,0,601.7440105422875,0
927.3326276696353,18.449750480380434,0,0,499.6128191689925,0
1786.7846724443514,11.749382633530542,1,0,316.69009819581595,0
807.3959740841225,13.806914332256428,1,0,622.3641099987294,0
528.456130131819,23.0,2,0,351.19415283450985,0
322.65756863844996,6.012728908354387,1,0,299.46122552528135,0
1805.7338658057163,17.380941357891732,2,0,699.1749825496759,0
582.4404101731416,13.316906542612138,2,1,334.1849775051288,0
772.1392439549579,9.771545901175255,2,0,446.3941710140733,0
903.2203804921257,8.620707190810666,1,1,451.67450600643264,0
90.13367930252566,16.158528926607403,0,0,237.73992358175286,0
1355.4042706137416,8.658359144397142,1,0,279.09703052829735,0
472.3323099080079,12.842302884412595,0,0,226.0069172889143,0
762.3958018764697,23.0,2,0,729.4273786568709,0
216.92428750248706,21.683279143699888,0,0,298.3688505048945,0
1565.3498805320664,12.09033068434301,0,0,672.63986478366,0
1547.105752841951,6.455756581852519,3,0,821.8016606751411,0
1134.6714516493487,17.728179164014016,1,1,251.3652987118692,0
2187.664490230956,5.627151871630465,0,0,379.15925820200954,0
24.355774903445784,13.275862529699312,1,0,327.54239739674887,0
809.9290052169206,17.077196256456098,0,0,939.4455742261817,0
1613.037834699534,21.42700261785211,0,0,423.939388954956,0
534.6030875694436,11.131222247978119,0,0,179.72490388687748,0
855.6924844923935,12.620736426811273,1,0,778.4795385759533,0
1003.3537699986972,13.691393946592884,0,0,556.5326283662451,0
1176.152580222217,12.938442760097919,0,1,488.67734112065193,0
916.9216203128597,18.032386149615625,0,0,406.982616010649,0
820.4268550265713,8.254005326559689,0,0,869.89870732321,0
676.6308798483943,17.40151446030238,0,0,483.6633095479546,0
3441.390528604324,9.350761434923951,0,0,231.25800751428343,0
1630.7999757288587,0.0,1,0,378.4786441607117,0
584.9351783288447,16.677562724326574,1,1,670.9710156570914,0
156.95292687417202,3.9300083920774647,0,0,550.5862133927944,0
1661.2756029402929,9.939875627230865,0,0,750.3358486955657,0
613.0185351771187,8.86538812358375,1,0,441.4479081602416,0
844.108239370519,18.161549431270572,1,0,887.307400706405,0
950.6087597199869,10.907728048102925,2,0,348.855883817016,0
958.3614861972756,11.692434323725458,1,0,190.49961807241954,0
1450.9041971153933,16.336897848633942,1,0,630.169309269767,0
2401.343039524311,15.598827567409307,2,0,229.56392323765235,0
402.48157293360606,11.75066849644916,0,0,444.8225191133916,0
243.88687826229162,9.964559701312092,0,0,618.3632136810345,0
248.60229245051517,12.046798423902713,2,0,415.0234338806814,0
1091.04610990823,3.601514824269966,1,0,631.9013807848288,0
1595.2707883896624,20.26767028889775,0,0,190.17791421164648,0
3186.108725234246,5.832812943006957,2,0,401.67941604121705,0
547.774989019729,14.888304982344946,0,0,650.6804920375533,0
1112.2833393690462,14.154259742552314,0,0,767.6515849138536,0
586.4077365873821,12.834320337274741,0,0,423.8849821422849,0
181.10827240620776,9.791329655029495,1,0,648.7130496221905,0
193.5954353702276,8.143658949206923,1,0,560.3959106424225,0
388.17257186595555,12.114221085943635,1,0,813.5481252132911,0
2442.8367012884505,13.335968489616524,0,0,396.4049091012125,0
1112.6895514015525,14.698409826426161,2,0,643.7377082194572,0
734.5452784230142,13.662429962358551,1,0,495.0428802589575,0
183.88395896326554,3.7342274507624733,3,0,564.2148321706138,0
599.1305219375097,19.50195912027733,0,0,474.3914805339031,0
231.50242963021608,20.581236485806368,1,1,341.3298965693564,0
446.7295273342259,20.490969558483055,1,0,395.3893802909447,0
322.68704232328196,17.124602320511784,2,0,828.2424261974073,0
2159.7688218958374,19.26534858797456,1,0,517.5022789180853,0
669.571324575416,11.055992166902497,2,0,511.2322277450179,0
1350.601304171563,11.705474179382534,1,0,690.9423419188158,0
618.0670966752195,13.63967894749743,2,0,394.43994469516383,0
802.9156377078057,12.51930210083145,1,1,606.3063902277731,0
1270.4514793757492,4.697942489017528,0,0,228.37202933934887,0
545.6285659105794,14.278765517463865,0,0,829.2359149815077,0
1887.167451425045,13.181286263543925,0,0,796.4497985056072,0
502.4174622007329,11.78604531036076,1,0,165.4542604109573,0
564.6216091912534,8.869690845538038,2,0,226.7106430652133,0
843.7278763828407,18.059994661083657,0,0,443.9251891828004,0
672.0164068039277,14.035158989247748,1,0,433.5796950712371,0
2442.812536504755,5.00749752407663,3,0,493.9501560216458,0
320.4540437058324,14.735709096493501,0,0,730.3958009738208,0
907.2400613809231,18.265834098420942,1,0,637.8846390014346,0
666.7110801198587,16.44077132269412,1,0,369.87387620035895,0
1603.3144249252716,11.030720049412658,2,0,669.5133883741661,0
128.59483061551356,18.8294963224679,1,0,196.98165053334594,0
2235.3636537827433,15.593706230786264,3,0,433.2083278439067,0
76.74396578957494,14.742737638556463,0,0,483.86478647189597,0
889.6426499340376,23.0,1,0,486.77108745727924,0
1566.1622817151065,23.0,1,0,271.21275269589347,0
1485.0300471065696,6.485991443474651,1,0,230.10806654844848,0
234.02492111319586,18.094541531736418,1,0,161.61822440562315,0
414.9669930783623,9.62856521399808,0,0,677.8047754173946,0
199.77508799612625,14.129332551441497,1,0,515.3580437424984,0
633.038726848053,3.6074012555473853,2,0,474.7693154070107,0
1569.8097700658761,16.189360724746777,2,0,452.2976790443336,0
1444.037713410077,9.344210749216995,1,0,389.8346168417423,0
489.5899618012589,4.0396746758931386,1,0,416.99369312347096,0
677.9933779528074,11.308252712445116,1,0,507.60651879209007,0
1177.9734859423875,11.430018608358306,0,0,392.0161254075512,0
412.894805664643,16.845147686298795,2,0,494.15126914336173,0
1068.9520758954031,20.783998427457398,0,0,465.7257710295841,0
1685.1476775854385,8.350120646077919,1,0,795.5287047502372,0
441.021270645304,8.732386898419843,0,0,352.19551423728353,0
695.5210046215068,9.000264866033088,1,0,288.6283244627681,0
344.4839528910995,15.406782687691852,1,0,653.7606486726143,0
301.28756734333473,11.010253274910944,0,0,218.72904986568886,0
1030.0380134699992,19.15565217340262,2,0,415.31198686452495,0
1352.9093101238561,23.0,1,0,119.8124863659397,0
262.60256320723795,21.82551702787122,2,0,220.21125501154577,0
838.0949643276318,18.501028267252472,1,0,1005.9083748683211,0
416.72477106412333,14.476545165878276,1,0,495.3327346727513,0
1882.0796475417744,9.720530981344144,1,0,397.92679013936356,0
861.7966427532147,12.357233741048512,2,0,394.91414896996224,0
1304.583348757363,23.0,0,0,327.42329324741866,0
887.2778242280204,13.057615905527543,1,0,652.6474336490434,0
380.9863118895204,1.8989126427014718,1,0,489.8934575213171,0
850.6237986774905,17.539566695267524,1,0,374.19272330499217,0
109.26744036853592,23.0,2,0,649.0798527795613,0
1954.4059114312672,16.94511539820961,1,1,759.2779138281029,0
473.7179871684821,10.409021831061883,0,0,368.1694046072614,0
692.9005035079128,10.061692040947964,2,0,436.46173144088544,0
544.0286124061782,19.96697218198936,5,0,576.0661308586955,0
652.7130803267471,12.07142315480796,1,0,405.32737734481276,0
1549.594466860651,14.088209043675098,1,0,883.9461149445337,0
727.180690873994,16.979816544155454,0,0,494.22511328009546,0
680.3794883023695,12.182498778172471,0,0,766.2535354511996,0
1842.643058012744,23.0,1,0,1015.794699891647,0
331.56929871566064,11.048191540973345,1,0,307.271303638325,0
1286.871555461545,18.08940983353735,1,0,309.95155865242606,0
1485.9801898032053,11.84662435752482,0,0,329.7502591278389,0
38.89444304119807,15.533463498067068,0,0,642.2065159777396,0
846.9649146184788,5.29254171692952,1,0,298.4080329887947,0
887.6887208026911,4.336329287155307,1,0,148.07299058928587,0
517.5795047140207,9.045861750700613,0,0,659.8609761045943,0
345.0210864942776,16.753713457662737,1,0,409.21276203125325,0
1062.0760024167462,9.49217252348242,0,0,610.6436127488417,0
1154.460751394288,13.645459464596208,0,0,235.0491462778062,0
2223.764358189965,12.09021856235836,2,0,503.85408161964926,0
10579.490506122345,3.4816288532917348,10,0,65.64383424284924,1
946.3249697269714,17.517272722096582,2,0,419.10613895319557,0
22628.37504930841,1.6283834029096194,8,1,17.762633211088186,1
682.8728953601733,10.949226803987258,1,0,465.80930352317813,0
1880.9528966408277,9.043271261537306,3,0,496.87636181726066,0
860.2953522347956,10.907844164027324,3,0,642.3475763604246,0
176.52569347542055,20.801474964749552,0,0,733.6033146262429,0
631.5890867817832,16.813549187862805,1,0,523.2524092105655,0
133.20927643467138,8.94699979674472,1,0,398.04547422862265,0
1013.4572952986815,14.658076866363709,1,0,502.3867890593822,0
1868.4568358914892,23.0,1,0,848.1510698446989,0
732.4436680226879,9.130669231533716,1,0,150.84547045180008,0
722.8998325120199,7.910983473387074,1,0,265.90656050260145,0
351.1318283433993,16.688351699192022,1,0,345.2390079383908,0
1075.5286535416456,9.015664526215648,1,0,345.60245149952914,0
540.4194782431516,16.7959821703917,0,0,217.74457241567663,0
1405.5010522940602,13.188904254892236,0,0,636.2377948482555,0
509.4517339753394,14.306263551701935,0,0,285.08071651678165,0
1316.8901383085195,20.61881031417645,4,0,536.6303604132356,0
520.1800642399963,22.925148958067208,0,0,267.2431650724112,0
1497.8040740362178,7.213580901442214,0,0,840.4612084879514,0
255.0218697884735,4.280975765535768,1,0,445.37653813840296,0
140.03851040452275,16.244254156707523,1,0,689.456558163988,0
2059.153198767743,7.3635798106092665,1,0,597.9132425840262,0
428.5700830935726,17.28433031654751,2,0,347.06859407141354,0
1738.7282957564075,23.0,3,0,281.02239839918104,0
1360.4843873562165,9.860535663170955,0,0,578.8756156585238,0
196.7871090629491,14.429129200065038,3,0,222.7762018132041,0
750.5881831070031,19.47802168614374,0,0,511.05006778914077,0
412.6944322782174,13.123267925279047,1,0,411.01404125372056,0
216.31995936414083,19.29052808998018,1,0,737.2162369095034,0
1066.2659319617949,10.233837616676901,1,0,119.12342101722415,0
2508.354623956556,13.207816779363833,2,0,414.82434670556785,0
1794.364045193705,17.34626282063081,1,1,519.3081812907535,0
1092.867842425719,12.354700000279303,3,0,798.2963111912834,0
1789.1890731689584,22.37400838967865,1,0,645.4158768549562,0
159.02902837838027,7.067199706095009,2,0,777.7900394601688,0
924.535004470171,9.543201596239685,3,0,298.0215500380969,0
43.61702039501386,20.49590626314592,2,1,464.2190751500659,0
812.732987954145,12.43121527367186,1,0,274.3610029241744,0
1016.8159088319313,19.521072604098723,1,0,238.94252444495856,0
1182.756869134912,12.931848457573071,1,0,222.4087857688343,0
1521.0275122806856,12.21772106722049,0,0,220.2835423317449,0
433.15465063092114,14.671937209397404,0,0,408.74871253490124,0
1804.0832280568054,13.454307075771224,1,0,786.1797536649264,0
1103.0132895844483,7.476031131895791,0,0,252.3059464802908,0
1038.7117397488842,19.534268122362842,0,0,516.9449019971537,0
176.91494994186968,5.768793254468745,0,0,353.9451381340716,0
755.8920981705637,19.13081107422099,1,0,561.8767398409043,0
248.61195535336043,13.698507422328127,0,1,434.92681665171943,0
955.6503833905349,12.095741143617735,2,0,282.6258304007099,0
405.2897793633623,7.690612783207574,1,0,290.11424460826845,0
686.284017292179,12.785428844563612,0,0,164.68794429830203,0
863.0442178699888,15.147936984878509,0,1,627.0916276315337,0
737.4404102743837,18.31814955289452,1,0,416.60774783767766,0
1757.9522439357775,8.08191168401802,2,0,1022.5623101627823,0
7545.752188264145,0.7761990000082304,11,1,47.87667677922315,1
1256.9222118836265,7.35962483622644,0,0,346.2275566394368,0
709.0567892668545,12.361962369539441,2,0,455.60675164903046,0
1727.6567787799536,15.468933441373613,1,0,640.3214334002986,0
433.3520803807647,9.364285072322284,0,0,216.13912118556496,0
380.4584444512907,15.100549118968319,0,0,446.43815601956993,0
1114.2594808561537,15.693125788183002,1,0,372.43091681540164,0
477.3034914685297,20.22394693049798,1,0,530.6660840585165,0
224.98745174624173,11.049716632359713,2,0,533.6983412320105,0
1294.6319447417593,5.1671774623987545,0,0,393.80813920201916,0
390.9444940666433,16.483428096522402,1,0,288.41338667724807,0
665.3647039663254,17.254658112499747,0,0,283.2164329271772,0
18602.14515288709,1.7420027844129868,10,0,43.23525517241178,1
616.9712300659047,9.858971471703514,1,0,261.62602051613294,0
453.06396734333094,8.203588003845784,2,0,434.57519821197195,0
1016.1956543501351,9.063753839838931,1,0,493.79983060028786,0
176.12929389633572,6.589861590944946,0,1,864.810608436049,0
1164.6747287827948,12.35128420565066,2,0,596.8652302465831,0
2721.713905828426,15.640048589917026,2,1,565.6078287833247,0
2182.588433741764,18.29331719538787,2,0,245.03864145961452,0
102.26018778030225,11.981534402671834,1,0,534.1435418763803,0
1769.905657227184,8.08715305735677,3,0,574.880245343952,0
1007.6656504399215,13.440416574003978,3,0,723.5349111171515,0
851.6568761724286,10.858507539911233,0,0,417.5352388756038,0
643.9098766330183,17.66432488409639,1,0,315.47212745330575,0
435.76859702938077,9.560518241541317,1,0,314.5479013487601,0
1714.7511822325357,18.51162880565193,1,1,706.8692018912833,0
104.33809388167501,13.78441727443124,3,0,384.4609136080001,0
1141.5059323419603,11.100724092683357,0,0,618.1320674911055,0
1103.6625568052716,18.352753586002557,1,0,436.26028847066254,0
490.2500571798063,11.767726364235441,2,0,626.6934281808175,0
921.9485956814605,17.03295430771431,1,0,373.1087166994676,0
369.4073376103891,18.755351758694545,0,0,495.51137671971884,0
649.2489006438121,16.21837863444058,0,0,506.52354362034026,0
1985.1871470565402,18.28345935162619,0,0,516.0890442601223,0
766.8768904175555,11.328689886639062,1,0,366.5626270719709,0
803.3247654086138,8.88610879506124,1,0,597.5452839496594,0
7457.129167754716,4.383189352483905,10,1,12.156483634616187,1
421.3371485430045,12.472913899844894,1,0,526.352458850222,0
368.4690619127818,16.541336607316744,1,0,524.0041255546008,0
1027.3217041341536,14.564958837889977,1,0,290.3922425854201,0
1807.9080281356323,12.645246633115281,2,0,483.71339972209387,0
17473.777408576298,4.344263875733644,8,1,9.350238636593172,1
520.7328639580988,23.0,1,0,444.49631590141536,0
1253.6518765739775,12.745579102088154,1,0,287.0677379580048,0
764.3228623105609,16.150388241837426,2,0,284.31980917233574,0
2165.1291629855323,14.955309086406519,0,0,598.4360307020575,0
817.2826675161406,20.67241175371752,0,1,437.3918332539401,0
1327.4396359229734,14.697075796732031,0,0,179.1244581385484,0
910.8722575883194,21.168750171071178,0,0,286.1930716842239,0
2170.28751422912,2.9117673964011974,3,1,1089.0431676204169,0
693.6255489677064,9.579818128975596,1,0,724.6687195298725,0
1043.4245707263512,11.259185605299256,0,0,834.8977843827205,0
1089.458298239083,18.364394749593934,0,0,598.6525197347356,0
702.3792924638805,15.089790878187019,1,0,538.9772206577059,0
546.0181070660674,14.658626440325758,0,0,588.0039896514362,0
1001.5309702265636,13.156556696147199,1,0,210.94888961339376,0
659.5278852206274,19.529036517063982,2,0,956.9587677226972,0
2055.695471486259,23.0,0,0,354.0834491671456,0
194.28360480034652,20.228625388014986,3,1,1287.2349141675033,0
4024.150030997693,1.4891139285946635,8,0,22.739448984919758,1
1132.2573158192981,18.843672867108946,0,0,605.9551697911379,0
606.2127049413788,19.35291334837882,1,0,359.3609185100638,0
2819.369135770568,14.168008536767779,1,0,597.1883646692623,0
650.4323526446004,10.410390245257092,2,0,443.92831916148185,0
1396.0221483462087,9.88998739942546,0,0,351.96009196933306,0
1043.7742850067198,17.389200488589424,0,0,378.0236241845673,0
1132.895693532252,10.399194902140806,0,0,169.13619671106113,0
329.77877427683484,20.038882458877975,1,0,485.2459371871207,0
1017.4828520824497,12.897007394095992,0,0,271.26355196223983,0
381.7356636863719,2.91561161332222,2,0,393.78551886393967,0
1653.4959815548495,16.14544201805466,0,0,344.7781810738519,0
426.5154193120437,6.98250491500756,1,0,976.1394085963054,0
928.1153041456118,17.96030051039671,0,0,489.68614632151224,0
939.2836326492431,10.502086517513415,0,0,610.5319057844233,0
3123.906827863926,12.766187305699559,0,0,554.3989934407042,0
821.8665262039309,12.073552981943948,0,0,794.1531414122638,0
970.6419646782888,16.49863136492325,1,0,623.7784853679283,0
501.637440570473,18.90910972219302,0,0,787.3692159651283,0
38.30111167859618,20.710176654878644,0,0,704.7231182159466,0
685.8805506283268,13.108308062526406,3,0,212.5527739890071,0
1597.9262890425023,12.63888914113652,0,0,571.371179580451,0
752.1674963588315,16.897921108818693,0,0,451.16007474514834,0
426.2496803359061,16.29516952453352,0,0,206.68957591011835,0
777.6500488564069,10.659780460757442,1,0,734.7737323105956,0
2451.401275982239,9.314776574041186,1,0,464.52002664286425,0
1226.7224432846876,12.21306167668384,0,0,387.17096174848905,0
1637.9255917770038,3.37777428453321,1,0,568.7495318364599,0
701.8385700883455,17.160396917657067,1,1,742.9203317325226,0
1031.3793859924185,17.63411980090434,0,0,363.64766329100047,0
247.34814312217674,20.87145456786688,2,0,406.31302761792955,0
331.2593860572197,17.888973758607047,0,1,630.0073165814229,0
602.1032377267527,18.661391774131868,3,0,1022.8756358803129,0
412.32314613734854,15.804142042008984,0,0,537.3343081188419,0
841.5527079787971,14.758040343222815,1,0,375.39585991606367,0
171.95835992184354,19.73489650390477,1,0,726.5042006181365,0
2054.7239988471683,15.568113552421348,1,0,111.01261864196567,0
530.6249258292091,13.133606758532865,0,0,500.6129669226281,0
608.4098802479944,12.079545408946007,1,0,691.917513824612,0
857.506376110034,2.696998515362102,2,0,434.37171328847944,0
15525.364024576622,0.0,10,1,7.467505249824866,1
1022.3550412547586,10.358912375972276,0,0,165.35290595867502,0
677.1148998860657,15.927635634208897,1,1,525.5944661677477,0
653.4587244018957,2.9088223484379174,2,0,548.8832772841646,0
416.36238828710947,9.155189723432258,2,0,168.8003239699049,0
233.08516050191434,11.345817971426587,2,0,631.684955303924,0
2685.446369148749,15.105126155755235,0,0,330.7819757534744,0
1242.4032344279308,11.681013651750604,2,0,280.10063495552413,0
903.2637809182163,14.68770914736097,1,0,612.24663796659,0
162.0389340343872,13.546338588544437,1,1,809.1705037083203,0
1119.5121579458541,14.843404297052547,0,0,1019.5005917310166,0
1146.757371136938,21.104995821084096,0,1,509.00211693001074,0
257.40737692428684,15.658369808176388,1,0,1125.3973342389043,0
538.4688957566294,14.667422477072558,1,0,676.0199757962139,0
1909.5455957533475,19.320416363627682,0,0,335.79198685077967,0
13219.170488501712,0.0,4,1,1.8322801957992996,1
2051.53529455368,15.532561032348973,0,0,484.84922081129264,0
220.18197696633462,6.902292271145599,1,0,733.737237473048,0
2449.3697892532473,12.62338735956423,0,0,453.442932028829,0
619.989325480646,16.78968890762187,3,0,301.99044859654094,0
1235.8254212670472,16.884585902018443,3,0,299.72803849473723,0
1325.7492852609357,12.305361843254286,0,0,172.02017122595893,0
725.5858112025863,12.838190615718476,1,0,343.43889080964897,0
184.1346133528039,8.852177038864136,2,0,816.8761217205057,0
2142.775313576359,9.438788740077129,0,0,658.2653738910984,0
1365.3506342377082,20.886832893905755,0,0,520.8542153636556,0
11.12376501692209,1.904354309621219,1,0,319.49350026577554,0
1170.3731721879226,21.43724694159262,2,0,587.4816083914207,0
101.71950854318835,12.688237229199908,2,1,246.00404181671726,0
2075.871874119088,19.942995902672173,2,0,339.4235463324994,0
275.74086180942214,9.319837434759098,3,0,645.4204720343637,0
1821.6936647495775,9.475110040495952,2,0,186.83131553505044,0
349.4332798160018,12.80225271557581,1,0,691.7021085396565,0
375.1851849482696,18.643952991584097,2,0,662.3852801210983,0
860.9312915601524,14.49714229114517,0,0,309.17215334951607,0
1056.0371612227955,6.466917679438458,0,0,232.21219766291864,0
605.9297564707473,13.671597635965059,1,0,575.893616000827,0
2117.5637477423256,15.124720752685114,1,0,418.4516092620413,0
697.8176330016387,13.341498730700451,0,0,388.8560911727046,0
991.2967408355357,13.472035203556608,2,0,671.4203129490058,0
1444.376687266395,23.0,1,0,765.2450474300491,0
1626.230431153641,12.47754272962337,0,0,404.2111462456399,0
676.3450189218867,11.454526747132464,1,0,705.8394964586316,0
484.4255706024652,14.589987880720322,1,1,256.91859508610474,0
654.4745237167693,3.5315127493494973,2,1,390.5976460624279,0
291.41766915298115,20.102851461725443,1,0,621.6697466677182,0
795.4167015364637,10.176461352060187,2,0,938.0393122805331,0
794.5724297172368,10.154749462066468,1,0,538.3517401502321,0
418.0005433966482,13.85672169482368,2,0,769.4015017759091,0
574.9069907454445,16.04258032493884,2,0,1061.9160055394862,0
202.55767409130593,4.260881334495263,1,0,567.3522398786038,0
1913.016264439735,13.546266213304387,3,0,1053.6136072019704,0
689.6569794428282,15.898364278422022,2,0,396.51802377284173,0
525.0510449008104,22.45825204198832,1,0,495.57015387194133,0
659.8162605705558,16.34154587810606,1,0,307.6052274127244,0
854.8320595226481,21.003233434287026,0,0,221.05705781631508,0
135.447544652609,6.799947318399848,0,0,588.2375885316674,0
2344.0535434071558,8.744341321119162,0,0,557.0262246384124,0
767.7690553153833,16.061103467827238,1,0,451.1250828148757,0
1128.7937490600477,15.271902398131799,2,0,250.7588031345716,0
387.2961577440671,17.519036911257874,2,0,425.1970099784488,0
1363.2122406784224,9.504019519759904,1,0,435.4729072987104,0
1865.5747083602719,20.152725026042752,2,0,813.2331314678532,0
816.9468471619298,17.762181004087395,1,0,477.1064640791416,0
254.47893366143964,7.702686175428216,1,0,210.83202220318262,0
737.610368727752,15.537764588642238,1,0,647.2735901423872,0
1817.5317415659463,18.696815320357864,1,0,208.06020027810797,0
806.9340632261193,13.987660753439123,2,0,211.200269240298,0
459.6318531748206,11.608836960707858,2,0,530.4267743848997,0
885.8115087379964,10.600320276207924,1,0,159.08786622576753,0
595.1787320650045,12.046241150476913,0,0,188.6204949718282,0
829.4265627153374,19.394149768700558,0,0,317.1557392202013,0
372.696141242651,13.218122613225193,1,0,359.44549039956513,0
641.7195385231934,12.237736482310712,1,0,464.3024475374446,0
596.6881357572856,18.33789738753136,1,0,485.99162208954186,0
1068.4044836606465,19.53749620059078,2,0,187.1166251134198,0
2492.6286324449306,18.401316028003585,1,0,493.49069270859644,0
1968.4144664856894,14.546735090110564,1,0,312.6445075836247,0
195.35809590090787,4.896702534003481,1,0,414.2706900555484,0
601.0719271022227,15.978487533040024,2,0,1297.3666176108636,0
1236.6048086880905,14.701814533604216,1,0,417.86276922061745,0
1490.430264433684,8.971435097887394,1,0,1149.4399594103393,0
883.9318900886885,18.05297486574296,0,0,578.423904509444,0
720.7458752473639,16.385615853147836,0,0,363.8211358913494,0
845.6803234796479,10.950893916363507,1,0,426.46254816735905,0
576.0634543987219,23.0,0,0,260.44222431973674,0
837.4857687283736,10.783757843937163,3,0,373.45913137220043,0
603.920408431241,8.695803455241396,0,0,621.9546346116193,0
717.2309803839431,7.476071242707363,1,0,1284.2907212723655,0
348.12130377581985,6.082552994434417,0,0,456.81748385008837,0
1592.1435123234035,13.726457643730129,2,0,761.8052349894723,0
740.2456969716968,8.677517894135235,0,0,594.4010395069787,0
443.55967091578265,11.147576571794614,1,0,558.1341352824466,0
1331.647574934365,14.162410273766218,2,0,562.9816844416442,0
723.933168536982,9.160408399879747,0,0,318.4557951127574,0
678.6668589840356,23.0,1,0,652.5039511417046,0
1138.278522098385,8.655649561308712,2,0,578.5233323723796,0
2415.9091713603943,7.634193029200505,0,0,294.52356032604405,0
466.3588163933525,12.352240610022692,0,0,547.2453884342284,0
476.71540395552796,15.173588664210778,0,0,782.1180424528249,0
1160.0616830233832,11.928101171462222,1,0,507.4530012139055,0
421.97738185770504,11.324178664161812,0,0,450.8202506010366,0
590.4986565199196,20.853041907450525,1,0,1062.995083143081,0
1883.292633787813,8.453687610463582,1,0,224.27581299194225,0
647.7339168615558,15.069311164144748,1,0,172.06402119288785,0
2056.33509209337,11.421829829598364,0,0,159.59323451199447,0
668.2375840599285,21.886636485252367,0,0,384.30341516154016,0
1049.1639357285555,15.716776741931515,0,0,628.6845336195245,0
920.8682087010628,18.214013456302666,2,0,679.7625492213514,0
1106.4549042084939,16.434682786999637,1,0,923.2095840470149,0
862.0762383052516,19.858410986114055,1,0,433.70545778348895,0
3014.8447995520182,11.592146586161334,0,0,847.4881727018072,0
410.0643782496912,20.926186898040694,2,0,218.78792803752242,0
521.088195716468,6.956683661207045,2,0,332.91672829906406,0
197.1121193839918,8.55741389233,2,0,730.8899632355693,0
944.7255762681452,17.930481600521876,1,0,187.8936864073117,0
1803.4313392524514,15.76464171645065,0,0,608.7329770590962,0
255.65303896414838,18.924750515029256,0,0,938.8805623626096,0
672.4868533632546,6.090061776482312,0,0,812.5568441104103,0
1735.4866337903295,15.272703231997697,1,0,530.4866717881021,0
716.5620496509698,8.665700791688476,1,0,180.27131389013533,0
931.8234960442783,10.425470764752093,2,0,345.1027251798661,0
75.20019221041002,12.279054740851135,0,0,454.3369847703472,0
701.0816550754414,15.274719207118746,0,0,557.9563903986716,0
1942.8853697949016,13.60536662112722,0,0,374.36105002073793,0
695.4013217395361,8.108926822935427,0,0,814.0661911124508,0
737.6304208508154,9.18119479544234,2,1,639.5503642025689,0
1666.620284728333,14.60622347647953,0,0,444.9055840018987,0
299.3101343009975,12.996684284440967,3,0,465.7464348715643,0
298.79151161743795,6.382647453482263,2,0,470.0854524829547,0
601.0406197108637,12.198891143469822,3,0,610.6389565203616,0
507.9414631436181,23.0,0,0,451.23417862272373,0
245.2196205564355,19.591024298796956,1,0,604.9629631639328,0
1061.735725784005,8.685148015109341,1,0,640.941410397052,0
329.32645411802946,11.146506647344578,2,1,116.74384829354614,0
83.38118750899295,10.57368345764776,3,0,638.3989236427807,0
637.24724912532,23.0,0,0,469.82286010674727,0
79.18438269029188,23.0,1,0,776.0919604093368,0
340.4092919707233,17.021521398507925,0,0,342.31670661408924,0
665.0670186647575,13.87976087450087,0,0,1690.059270589925,0
1859.143028610427,14.14364346235652,0,0,341.0620163698336,0
1000.6230740162146,21.813743925265058,2,0,821.7911368497969,0
739.4356677810204,15.639851952361164,2,0,352.1694265683497,0
1379.8867768284397,17.769560325960665,1,0,528.6350675099562,0
454.9358339275378,8.14782121251249,1,0,624.2768029854307,0
67.46855828915201,14.349533272294117,2,0,633.099105703704,0
852.8692732530054,10.329975028554244,0,0,647.2005003859545,0
205.8944646683969,15.11515128792567,0,0,685.5479787991561,0
171.3143955124233,16.071334498956958,0,0,740.1139448599552,0
303.18410758525573,10.264418694836898,3,0,590.6690327312493,0
658.8706905695942,11.898679844205857,0,0,200.67237020411574,0
958.6697069814663,15.427430813440266,1,0,455.06395579057937,0
599.2878937757899,19.945863915525013,1,0,316.2952682668093,0
604.4962486655835,22.5676486467014,1,0,354.3479588608202,0
303.782875171776,8.625052164347974,0,0,448.16561823160777,0
2088.548190177083,11.024736468545507,0,0,358.6547176911084,0
444.8237178081912,11.537793080393687,1,0,433.52525501294895,0
863.856299055642,20.975165700603444,2,0,601.3965821692778,0
576.6331062859131,15.799502788391257,2,0,234.89229348574813,0
204.55056252727303,20.626318015636944,0,0,256.621762741494,0
689.6242403521601,19.956175975903708,1,0,647.5473131122619,0
770.7112148455383,14.51239241016516,0,0,590.3430688570305,0
2422.7235830620803,14.124617430771004,2,0,647.4118128331475,0
582.6514607338906,16.19755009409559,1,0,291.3717929393633,0
518.9841319182812,14.082308112190235,0,1,805.9595375171087,0
889.1491632906124,17.022664720504782,3,0,750.903605846087,0
1309.8275912932954,7.527895142066527,3,0,197.19369041710513,0
1748.9347702594691,14.488973914098374,0,0,696.9244200572097,0
1323.0550388912773,11.832841811799277,0,0,507.288572253144,0
1129.6361083798713,8.974462495809924,1,0,632.4857978364007,0
2075.091140323246,11.654143715003357,1,0,184.9102951034269,0
402.96882912011773,7.278297639275541,1,0,597.3510755478685,0
2015.5156854874674,16.802646424352563,0,0,444.0721714048683,0
2297.0527588108757,12.72640605007054,0,0,649.4488231372566,0
2491.355765278477,13.462478897709747,1,0,293.3796772124682,0
732.7442032564161,15.878106158515207,2,0,839.1949964216572,0
411.24670839461754,8.431542424558643,0,0,308.4246436601732,0
1388.086801789102,7.839209876259783,0,0,400.39148569562224,0
584.2756765858024,16.56291576344279,1,0,391.15749004582653,0
345.2257951297904,13.941160810881831,1,0,79.88898934710633,0
1786.7312241622105,9.795935992201088,0,0,452.06201452589295,0
739.1461002798299,13.057565701205853,0,0,321.3796730856752,0
781.073193119026,15.098008409067743,0,0,686.1339776546206,0
812.4643668755368,7.954385143019304,0,0,480.264048564222,0
1101.189907907523,12.342767701958193,1,0,332.4187374859618,0
872.0963126261291,9.673388369760985,3,0,400.96913424116974,0
1405.8182233915334,18.28371587921936,0,0,680.8208965732919,0
333.9833664591014,10.44071922810442,0,0,952.4415099648226,0
490.5502128144912,10.144818429294887,1,0,888.4340170449912,0
844.4747479653962,18.13417358936454,0,0,237.30529924201292,0
715.3793024976198,9.241735881913943,0,0,745.8427190069007,0
481.8224415806032,6.015219621504141,1,0,638.9456464837309,0
852.8577117277863,17.03575520389653,2,0,284.71075246544075,0
840.5630598580681,8.237016993910574,1,0,470.7853901963448,0
1364.7920824449443,4.956597156957134,0,0,456.4977938862664,0
7076.049169081633,3.813215526450106,8,1,21.407560382744144,1
1059.4872648693258,12.05615624785209,0,0,505.64062447984054,0
633.2823238777983,17.844957681724587,2,0,439.25390785776665,0
319.08256235207364,19.726083432858296,3,0,695.7862634199389,0
1887.2598223920177,17.27320996412252,0,0,251.0702755610954,0
1276.9521720926905,12.946447597119143,1,0,391.25614304014715,0
385.60738255946194,16.861183634722792,1,0,190.60040052609796,0
1367.756450539803,19.31286002866681,0,0,613.8338586857329,0
595.2250793349814,20.267214115388064,2,0,401.7745420777969,0
2390.6017380589033,6.971268620548059,1,0,289.76763480853396,0
1670.3629874807873,13.666145911446272,0,0,857.118113296334,0
1027.3144744832239,19.37279304222993,1,0,410.10397132436435,0
597.2702953203268,21.055525045560675,1,0,407.4017932674673,0
8429.073113254432,2.1917744539307122,9,0,2.281075100788649,1
601.2308879194759,9.273249633463818,0,0,901.6531612318514,0
344.48661461058595,8.518522051568745,1,0,695.7633504471413,0
720.5857315984608,4.3458319963795855,2,0,181.6965110212865,0
633.7077655219318,15.189289670140036,2,0,350.8337687737124,0
495.28977086860107,18.76343377454085,2,0,217.01312596940377,0
2358.460720129156,22.580379731992586,0,0,324.083283056144,0
103.04889863670259,18.46332209467775,0,0,581.684089685163,0
166.19891199541325,12.077151165128381,1,0,383.6562168983031,0
538.0048346730866,16.70187065465519,2,0,419.6922145547118,0
1095.7579070491522,12.45073887654751,1,0,307.08345553088355,0
1415.002149417459,20.191416054278235,2,0,686.0477524401967,0
1325.8305196153174,17.760170795984337,1,0,507.55708950167195,0
1154.7302975137245,23.0,3,0,471.3870024175293,0
507.3561962783636,14.504395323067978,1,0,534.2681424811749,0
3403.175398858453,9.332893666448665,0,0,679.051235406167,0
645.5063071259386,7.347155752399259,1,0,323.93004568146966,0
1163.7281111955087,16.08794190821395,2,0,522.9976091293388,0
1190.5593484868957,18.857758554842306,1,0,652.5701643418607,0
1166.2626295813786,7.367825863460018,2,0,249.02009666610329,0
1465.7431380586158,8.113394793651143,1,0,575.188239488214,0
2407.7688450127594,18.215751862982458,2,0,714.1896482087537,0
730.0447208756333,8.56794523322191,0,0,523.9888494893435,0
1860.8111000620177,8.67811117881018,3,0,443.5086685271083,0
1181.3769037988063,18.691404492298535,1,0,520.4284441835863,0
397.32532690935443,21.646653268458508,2,0,231.53013694712564,0
343.29577725760515,9.761328850868857,3,0,309.4091433537519,0
720.5596651125761,12.382354692193994,0,0,778.438969113143,0
517.5013174828993,10.644991273444308,0,0,722.5078745589811,0
949.2493962921637,11.76092498064117,0,0,870.186743677222,0
1667.4599591257963,13.850226769367351,1,0,395.239020887947,0
181.4894147917438,6.936057111043616,1,0,345.0894309015227,0
1235.5265235059935,5.5177092277676465,1,0,362.06744382924694,0
1549.128942679826,16.804216429882104,1,0,406.58422847714536,0
1122.3014404160922,17.999517957505756,1,0,363.6228298973556,0
192.75761903199435,23.0,1,0,433.5697097434236,0
1293.8668766212447,15.413169281299462,1,0,491.5556801163878,0
4173.284706635207,19.327078151016163,2,0,479.76291383072737,0
667.0366572216867,9.958055813853658,0,0,419.22873868768187,0
2128.8910370066133,13.661012311100396,0,0,404.5052775989119,0
817.4684442788787,13.459173767327016,0,0,334.34874201982103,0
890.7943007769264,12.866196016749276,0,0,594.8526701667901,0
1060.521969694961,12.48456961443993,0,0,1193.513620863121,0
974.8861181420425,14.604529575430274,4,0,548.3040471329092,0
1593.0713572671903,13.803196875949252,0,0,128.04997800622152,0
1117.4889705339854,17.00058227622253,2,0,224.82433455742915,0
593.8487578633279,8.010731273370446,2,0,414.59856269883255,0
222.88690051581273,12.503030783338785,1,0,382.0577535943764,0
2022.314230194179,1.853535161632557,0,0,267.16566135870903,0
814.3158302838309,18.836671823390834,2,0,580.6572542916919,0
1423.3039191647501,12.375107029156661,2,0,394.36757737135076,0
98.5271190262412,9.400946934245464,0,0,358.05141978409233,0
2795.6090223929245,15.376652805659056,0,0,232.37369733552663,0
215.19457954865226,13.01235331265416,1,0,209.13433176481823,0
710.3880694542131,10.83501483851854,1,0,515.5452895836961,0
1183.8989992721722,18.710871517969345,1,0,428.2952634582162,0
83.59972201580347,18.552460659718477,0,0,351.68043387680603,0
37.674516432544664,11.400290812888963,0,0,449.82558630001233,0
1320.1393314436937,9.108035299363234,1,0,329.3791220569618,0
664.3549641512568,8.090530128140053,1,0,1116.8953628101801,0
208.33459105668894,17.295340144012428,1,0,731.0792130102129,0
1296.5417426757751,22.114379922356047,0,0,334.61239882055276,0
584.0655834990396,4.005812337003901,0,0,676.2928209085469,0
1138.1287286511651,15.852510054140458,3,0,452.98795731268547,0
901.547191610786,19.552486395457883,1,0,247.20183828324923,0
1815.8157825601388,23.0,0,0,902.9759830794808,0
201.45661375241576,5.388857196434028,0,0,494.6509233861941,0
1954.2075399413093,19.81935522772156,1,0,426.0713158272768,0
1029.3701510109918,16.457789597012933,2,0,494.9910659140533,0
448.9503913837445,20.94045016189639,2,0,566.1631477252239,0
103.5128738630356,13.022701713067859,0,0,292.3171021905177,0
1560.2605532032392,11.527536990589258,0,0,151.91422085005678,0
165.85821437251266,21.179945620845356,1,0,752.2301474282644,0
1731.2650321864776,21.98232262400093,0,0,401.7831852482086,0
1185.1755575086459,3.614201703495862,1,0,361.3265229877383,0
1254.8287984165904,6.192838701758088,1,0,475.398249531429,0
614.0466327672677,9.197915397953857,0,0,654.6905807601676,0
695.8086103525038,11.372785042829051,0,0,370.47101597297393,0
1956.8684870333686,16.873464968538,1,0,312.2226954243397,0
501.1017201482563,18.083123716311142,2,0,619.137889718113,0
217.4438406513812,14.549184646020374,1,0,556.9364980716825,0
1480.0651341894832,11.719791628570142,0,0,197.67508476914657,0
1821.7887943414662,18.793539224809138,1,0,985.5014930273095,0
956.988366453943,15.396188771376757,0,0,1223.8107784183064,0
1168.9847182823169,12.257551486154124,2,0,466.29872048416576,0
1524.950526361966,11.24283593801799,1,1,693.2487870147281,0
1383.741369526411,17.034568551435243,1,0,566.4617221287906,0
72.55078373331524,12.64919946693913,1,0,481.8907823404069,0
582.7725794941407,14.504044271296864,2,0,645.2873857328574,0
129.81843440353825,17.075188138805224,0,0,794.7680316544959,0
617.3187793212452,20.019373708967976,0,0,871.3740781064346,0
413.8770209906372,14.239443913376075,1,0,577.9489917318002,0
1292.25547161356,19.768842695442835,1,0,1138.7174056715494,0
451.6188846630156,10.03493336604922,0,1,495.592368226482,0
1451.6389526011308,8.264672001404616,2,1,379.719663229277,0
1039.5251161203068,13.58874956673338,0,0,322.2688105005239,0
1343.4740463986743,15.484135542729401,0,0,536.608436790417,0
1782.970976979403,15.517023352986275,0,0,658.8616965153445,0
2881.524632191078,14.434425699389058,1,0,374.89761684157344,0
1318.4431883869752,20.2657570042614,2,0,343.35366023416236,0
832.1534318808493,10.976490724514587,1,0,334.01607332039805,0
1303.7107876369962,9.24880639427384,1,0,266.93554174805934,0
377.38545774347847,15.794549907063429,1,0,498.2966197360027,0
1154.1620699073117,22.00950392384936,2,0,296.17196798951124,0
783.4800077910547,11.80966316934768,1,0,312.16760864019477,0
645.4921925454087,13.405421742617042,3,1,403.9799112633565,0
1935.3509887568791,7.896999463865846,0,0,367.8675808788273,0
3586.2572196554597,8.304716669301449,0,0,380.31637368073194,0
461.74659783563925,14.412952584377067,3,0,741.676486420115,0
2137.020799588686,12.794705330840062,0,0,679.0034940453049,0
1092.147769768169,13.515616364053331,1,0,750.8937185399473,0
2642.1586676972292,18.13145062311138,2,0,94.17982757938718,0
652.9410331095646,13.776567992799052,0,0,313.05503738093,0
413.15665954689325,15.386864757789409,1,0,438.70685298586096,0
1205.3280770933468,19.696209091816442,0,0,549.1381118180492,0
177.6303472237022,15.616969275328437,0,0,298.3907265653295,0
650.4607988281113,7.050621335978175,0,0,274.64006135995976,0
632.6966072010335,18.591815574669354,1,0,540.8874747548258,0
1066.4719495908566,18.226355147229334,1,0,401.74423081323107,0
1899.351033543959,13.504397404216885,2,0,477.6689709419883,0
183.06409903126098,10.319066449556903,1,0,305.65950265152276,0
1234.8604084060253,11.14087107137776,0,0,465.5355835007417,0
861.4151791371065,17.866306107100723,1,0,902.1276345414357,0
666.0800784375936,6.731830506408524,1,0,748.8267047282176,0
858.9657188254398,19.600947302034236,0,0,318.34818503922327,0
963.1276474226675,9.115879370623428,1,0,803.3720771876293,0
1817.3201032999862,17.200767211785706,0,0,683.2944035532624,0
189.59650643265198,11.869140462171572,2,0,269.449308727141,0
2195.97409250631,16.841760742713216,2,0,627.9240587665579,0
632.1800769174021,12.294482360416472,1,0,680.9961231673028,0
1511.235981699135,7.151117553704421,0,0,941.8051794699383,0
630.7450641088905,12.11705562591245,1,0,272.27409496407915,0
305.304482029842,9.232376370816809,3,0,610.2871956561847,0
576.6926184009559,10.368223490385466,1,0,526.6471277582921,0
1184.1139343217894,4.507367948887138,1,1,504.03905806760685,0
154.93456942114304,13.754129349864547,0,0,393.60646929084555,0
557.05199999579,14.525605482652203,2,0,433.0252023693201,0
1043.1998261947838,12.882464698517449,1,0,674.1555782128122,0
939.6054825601873,21.555705800063365,2,0,371.3499669564451,0
727.3578641716491,18.05270999473469,0,0,454.8385262946392,0
1238.7180592390444,15.46242093971148,1,0,307.8893539587074,0
1019.529093105505,10.66388381556676,1,0,948.2991542762751,0
1058.634983274414,14.068278319187288,1,0,667.8272073997639,0
1365.405393353329,15.495978110900449,0,0,582.8215116832491,0
118.5388884112645,16.373456122425022,1,0,428.96363610570916,0
682.6481876205218,8.799827360638975,2,0,782.6391447352485,0
627.931129390637,21.23928883075682,1,1,844.0773311904773,0
713.2354777856102,14.521431611160994,2,0,320.0202237775224,0
28722.3969284261,5.817899373086039,12,0,34.901688185894876,1
537.7074239764947,10.979308566241912,0,1,509.972903910504,0
1561.0089813673655,13.67867435785195,1,0,295.9306853506249,0
2686.7828214578085,15.459829312289536,2,0,337.9731779009749,0
536.5696944250099,11.805246147505898,0,0,561.2265578914822,0
1422.8642089461835,8.98395990068174,1,0,500.7275298405154,0
1167.5691886864888,16.497503984844517,0,0,649.643264465032,0
1989.7033226687859,20.711283914300903,1,0,861.6428655117526,0
926.2164204478828,13.313057002916121,1,0,432.1641835519614,0
1624.2296257126918,19.68955087402292,0,0,251.2087758928729,0
453.9063098231324,7.191817259100938,1,0,820.6896838921649,0
734.2175000579658,6.270226110384794,2,0,646.3046196648107,0
941.1265050014921,16.52677315495873,0,0,138.70709043249423,0
1340.1149362500448,9.006015624971637,0,1,613.2489875952482,0
3183.669653956655,11.162058225076255,0,0,416.727777251542,0
357.11240308045416,16.911564427622412,2,0,379.0439773212884,0
785.1167277911348,9.489168192476198,0,0,737.7865206315071,0
867.5232493670758,13.778699398607117,1,0,270.36594911894167,0
1338.7343612002692,22.594607868615064,2,0,183.97780324949505,0
861.9215431855924,14.290819494861315,2,0,634.3674298963316,0
916.6301022398426,23.0,2,1,391.34242307655524,0
1129.7431057328113,18.786315380895818,1,0,539.3551388896727,0
721.6100637432191,14.606218659101897,1,0,566.1944542994789,0
1377.2351770686712,13.095547725369574,1,0,1255.4236578151408,0
772.1726507881574,9.989077803909698,1,0,831.7465153823513,0
1053.231656252311,18.27500817355111,2,0,771.7094424286811,0
262.05540395703844,14.612775784753858,0,0,587.5658922562734,0
601.1605491967119,12.904464188331865,1,0,365.92859006107597,0
3202.447800145058,14.85287790738511,1,0,695.758896386446,0
550.8800073495995,6.2500041075199615,3,0,391.9352169405699,0
1355.0640895391948,14.188225325485748,2,0,374.5429239189957,0
736.6978484916777,15.374653905350437,1,0,650.4368540839387,0
1206.3589812735656,13.209053100889003,1,0,254.90597679152782,0
882.9497639135036,18.074925177021207,1,0,440.98254236539856,0
1699.3767067889676,18.062174504119607,1,0,341.50547617245917,0
1118.3660643812334,11.926360593268367,1,0,641.2550423283292,0
1920.0776474200154,8.115183974703378,0,0,272.14086433867243,0
1960.2706820378705,20.369733647374737,1,0,668.2872655499411,0
1419.6858424082625,17.343658654276418,0,0,340.8135564544951,0
642.2516738997097,23.0,0,0,418.47791903218433,0
1025.6386458980191,15.846974305099709,1,0,598.5990241520451,0
1154.6897502298864,11.310854657733497,2,0,231.69509446842903,0
338.720243623097,4.3525886868695896,1,0,689.9789883574858,0
651.2074469111487,18.01312380039239,2,0,426.7581909114214,0
439.55838242528495,11.83338890321683,1,0,586.4166974625439,0
1416.5980556265627,16.365039774837026,1,0,754.1799428328093,0
409.9079673411468,16.932561094834117,0,0,381.52486096056816,0
231.68420427911784,11.27735941532652,0,0,794.5306785209449,0
666.0879347762645,9.636082860731626,0,0,766.4978632261091,0
818.2227485495251,11.64584811748109,2,1,688.2663565873532,0
2306.269767536792,8.60419091547754,1,0,358.6786658385367,0
15548.308167696045,0.0,10,1,6.926577312785687,1
270.9795750577785,14.168249792677656,0,0,158.44771949768574,0
387.384427898792,14.89837009230223,0,0,670.3964630681281,0
214.60406561406435,8.303441639662248,1,0,364.44821014002946,0
1078.9528926307203,11.356391835815922,3,0,518.6151753288526,0
390.6217685250767,16.873734645627525,3,0,497.62414860061756,0
1299.603281114403,12.473131319531758,0,0,527.4412076691161,0
735.5453677417229,21.96553110751463,0,0,417.294354050166,0
971.5549275382901,12.731907605265231,0,0,957.8743784128865,0
509.0231314752679,14.030593320709015,3,0,735.383670288283,0
915.901926201354,4.865448480170091,2,0,486.9743673262784,0
302.7359175997638,10.846538371612121,3,0,508.07617886885754,0
1237.1726606768189,18.838056830610995,2,0,515.1420157670435,0
644.1959471913873,20.49081575721952,1,0,444.8078181639128,0
331.9655865903759,13.476719676104493,0,0,962.8851622370563,0
1368.3420978574409,14.150206822606425,1,0,420.1292791051686,0
446.65947619403653,11.518184352519993,0,0,516.3176423949052,0
1836.7257751520892,6.73196777445238,2,0,258.2684215467571,0
540.6233939399943,15.129937300521526,2,0,468.76407649409896,0
319.4856134247449,12.423949097971537,2,0,704.141117739324,0
886.5271468358981,10.357516328167698,1,0,515.9651655290916,0
2084.295458238556,15.906345734839894,0,0,864.7519379137343,0
309.11217874400813,10.439796722909884,2,0,543.2950623937415,0
1150.4293235920115,11.405999788143138,2,0,446.00518328390893,0
1010.6638007998845,13.64064607094613,1,1,388.7882343918844,0
330.2960244964656,22.573924668329795,1,0,634.1141270257159,0
2275.463725005204,20.978537409337527,2,0,686.0029565521535,0
696.5806736037911,18.107694086541052,3,1,271.6647766537008,0
395.00391983162604,23.0,0,0,326.4133897534947,0
225.98360001970477,21.00490424846525,0,0,592.214645913667,0
986.1593058281126,6.4029406198309635,1,0,467.4747975275917,0
1077.766130677788,19.197206961152958,0,0,485.9886505998906,0
1179.2224697053773,13.344397683751641,0,0,622.3734782288253,0
864.6913544375079,16.187491482042276,2,0,166.88660807589585,0
12165.842253623303,4.953371570066943,8,0,2.5957921481931083,1
618.8749979181244,14.940497830763741,0,0,1243.299151460187,0
367.63280842246564,15.348995372789938,0,0,618.9527408023697,0
821.0508619758812,17.540560700922946,0,0,361.5144628740406,0
310.6010525503536,10.378462181080598,0,0,724.0212785327756,0
328.6950413782662,18.223705555617087,0,0,211.97995630230523,0
1786.5473511175937,20.354061148284565,0,0,347.6552298303808,0
647.006026571785,14.180762639629135,1,0,503.31480772212575,0
747.546474862643,11.267394196457106,2,0,1066.3552685494965,0
934.1665114836295,15.676091731086858,0,0,481.5278456145717,0
1180.7470697900885,19.270915823186538,0,0,480.1219819297521,0
106.96688228216924,17.25268244488801,1,0,509.6287359490627,0
990.7340834887854,19.39991584817101,1,0,497.79594009037964,0
801.3446611598087,21.676668583192566,1,0,331.6754578703993,0
1742.9993085543647,12.554397864165866,1,0,242.56307180837175,0
652.0660760899111,8.22177445353476,0,0,551.801510898513,0
1985.6464590910798,20.386870192566114,3,0,540.1654022647228,0
845.1708587677597,20.699999427381048,0,0,482.2065850160835,0
751.1764777807084,8.407245202290722,0,0,265.63333457374574,0
519.3508138410717,11.038778111879932,1,0,834.7053948706794,0
615.462972152504,12.655234660502781,2,1,314.15846614425635,0
1013.1767429703172,10.90188122655355,2,0,215.8974047856039,0
141.99896294014934,8.092793692113451,0,0,535.2778147359852,0
622.4384199565774,10.292036804529717,0,0,1125.7322181510488,0
173.32276985270948,5.20148700674768,0,0,369.62939948422,0
1267.759153671143,4.8492389344157445,1,0,599.1258424391023,0
1323.1959207664981,10.655517541353927,0,0,350.595740973669,0
274.4536464151023,13.758231723814976,0,0,463.1079887302459,0
880.1788031946852,13.422713414054053,3,0,508.13965482038606,0
824.1557589237074,14.853685553103483,4,0,621.4622810742906,0
1592.3799711871159,14.539041641556176,0,0,573.3472025894904,0
547.0660313101225,4.688933367755762,2,0,745.7281742086614,0
485.8976773196479,18.146719626131407,2,0,336.6797425371769,0
1101.3210261269894,13.697969338919322,0,0,594.8875890641209,0
1319.903476753637,17.664449055149568,0,0,414.4819289521173,0
1355.1876025586553,9.609318409572966,0,0,236.68768498843974,0
510.11620085858567,9.779311381529162,1,0,576.1238210061939,0
2267.0237905979334,21.668798841776642,2,0,521.3479405335084,0
690.2874215123787,12.14701784112325,0,0,680.6897151120797,0
1260.1048415250364,13.521934882940398,1,0,218.34757408023776,0
209.1169339103019,14.958828165512461,1,0,425.7476246058573,0
896.3706530525297,14.422529028783947,1,0,255.18749376791394,0
622.7381196135935,15.223045859052386,1,0,593.7123596482758,0
918.0584251024145,10.27667548792543,1,0,435.2209488972815,0
172.27489111266448,12.990000014706913,0,0,402.88620158988505,0
1834.2126744671193,13.300606596971438,2,0,772.0815320100363,0
927.6232836605212,8.57621782920593,0,1,414.37158345822064,0
1170.459081568501,10.540345796911804,2,0,369.745273366354,0
1029.8963157456692,18.940479917883437,1,0,651.1167208040481,0
1297.429307341696,16.568006169873478,1,0,548.6235995043075,0
61.67637171460363,1.3701935911531073,0,0,158.47141375962138,0
1133.6350359002695,14.695842308663105,1,0,716.6398206171883,0
2504.1410008557054,12.703620128106234,1,0,580.5353207022395,0
2093.489496020474,5.443979854940055,1,0,141.33602942397644,0
2865.1586156692006,15.329160849276997,1,0,518.276168990925,0
597.7170706523514,12.28517581776628,3,0,507.3854669230357,0
215.12069228786916,9.827425722139292,1,0,407.931296082636,0
558.2430086015819,14.151169013586678,1,0,94.70277733798014,0
224.1643047105364,16.760041551578894,0,0,1517.677840517388,0
4070.410071897893,7.476770006927664,0,0,608.4962220941845,0
1687.7830118846941,13.918321188231902,0,0,526.4127391916094,0
436.00445267438545,23.0,2,0,473.40870538470625,0
987.3660346976365,15.884075355203885,1,0,502.7292015265556,0
576.3732298287076,12.764567516483561,0,1,565.4069655188441,0
2179.906686759219,21.78328283827289,0,0,333.15107719012667,0
1690.9449531205523,10.411822040141688,0,0,362.3918917385716,0
618.9655998155937,17.5686760983068,2,0,665.4545235512393,0
745.8591659425468,15.87156544773249,1,0,256.6879148654832,0
130.31799674109166,15.235428278437027,2,0,922.4806452953835,0
39.40635501177321,10.38920419239152,0,0,250.43374883080887,0
2662.6948441501045,12.819227160713867,0,0,169.08319231030418,0
1617.2239415325432,13.05559931643272,1,0,421.9989744430877,0
104.88262646610706,14.2569598448742,0,0,544.6872598539906,0
742.0269999154589,7.929677384637104,4,0,642.1135425675744,0
928.0342754125569,23.0,0,0,266.0511499719402,0
1007.6791733905268,8.985285984549591,0,0,314.2426069343159,0
947.8330875087448,14.434242595276984,2,0,502.7112722374554,0
660.5472716907095,19.825785619472608,1,0,387.88365544058416,0
3527.4789259823747,11.461660753951467,1,0,320.58590630664537,0
1441.3860773586339,14.046953040092996,0,0,494.9898872954716,0
427.84756005254326,17.47859850422538,1,1,424.02612944939904,0
1072.6102085496746,6.782934684907131,0,0,555.9211987081363,0
409.95993490290954,22.256169858534292,3,0,229.15665538265867,0
1192.3207906830255,10.174326664451897,0,0,543.5816769009925,0
443.3148517185559,5.9693955956593765,0,0,413.8452727656384,0
3326.341400295711,11.276883053308513,0,0,558.3435911562134,0
138.31602612418433,0.63498178057967,0,0,396.044126623737,0
1427.5566526760372,13.256296426004308,2,0,361.3491190168223,0
1603.8298556475504,11.523377947281478,2,0,362.09664594332213,0
823.0801696030098,11.717642420247445,2,0,228.3600713265638,0
716.0797097532508,17.866708473223543,3,0,332.62219274128546,0
1430.346272060695,10.834065297253977,1,0,348.17553634800714,0
216.4121143953715,11.4210796624005,0,0,430.0159345017951,0
781.3584276827954,15.979490534716842,1,0,434.87383597009125,0
136.29892460949299,3.7215011302189165,0,0,594.6964323016206,0
897.9825725555992,0.9226551999807526,0,0,583.3240804728522,0
4815.118516531281,11.125455856471483,1,0,1119.1994766621783,0
1006.3225953716126,14.077922862848293,1,0,502.84517114967844,0
1656.8384832095105,10.533619380384216,1,0,937.0725950506909,0
2367.3376841835016,17.316915244236927,0,0,536.6444057850804,0
797.9623917054639,16.219306153652067,2,0,256.3952656509669,0
342.44046236298277,15.188182015053723,1,0,594.0199929358747,0
1135.3306225732758,11.126985392329924,0,0,196.17553225591382,0
639.5663078993974,18.630337966164227,2,0,367.939558266508,0
131.75757281432084,18.23555603719701,2,0,457.41789343250645,0
758.4556430829291,7.854025238107339,0,0,1001.8717730396323,0
1046.6211741075049,16.818171627215598,0,0,268.04039524699255,0
862.8666420081912,16.36048345527548,0,0,177.72338515812726,0
890.2463137238824,9.062478008918418,1,0,755.6214107090603,0
613.6849680049472,7.801647803237596,1,0,319.5060632932205,0
286.95140407233777,19.4626270733921,1,0,674.9937841931231,0
531.5256066656003,3.9634805016234846,1,0,450.4296754328905,0
320.88339937957755,18.840113533381302,2,0,441.9312350488713,0
1109.9585843062123,15.024945736544549,1,0,431.8885429776242,0
2496.1307995336824,11.79313193151535,0,0,442.8675365837958,0
923.8447284130643,17.734980191776735,1,0,771.5980325382276,0
289.2442060408349,11.873758271352466,0,0,325.2982664733075,0
419.34583111907114,6.976173891664996,2,0,728.085497604145,0
751.645824551098,12.878706042802573,2,0,616.5935393255967,0
1091.5026152290338,19.387082494260866,0,0,485.59579121090684,0
862.4352384737388,10.143853527744913,0,0,1138.8019662073275,0
195.62624056348952,18.325172403160465,2,0,327.423178044077,0
3893.4452132596166,17.47010043530371,0,0,486.1093550345709,0
812.2854404890827,6.153012894316956,2,0,360.7482824310805,0
425.52136608044697,16.433552651627494,0,0,352.4486465835227,0
2694.9966393025466,7.684621747370395,0,0,508.60329065518613,0
2287.604373341045,9.456738590422708,1,0,588.7857420777738,0
527.1542443352188,15.02222585261587,1,0,234.08474618566234,0
1138.811066047811,13.972318204168653,1,0,751.1670983604112,0
1358.767638264373,12.303976173950582,1,0,409.26624215581376,0
498.4402655541834,10.382474454689962,0,0,114.14905954148513,0
226.52709667960042,6.935412002925638,1,0,804.1291866368996,0
753.0777529861675,11.822629759809145,1,0,729.5125197463202,0
1831.5737814672927,18.603752340819348,1,0,411.6979533308744,0
1876.6824615235537,7.849039416517628,0,0,509.6029603680594,0
268.8209161229976,18.961773656233945,3,0,373.33852922232234,0
1570.9039213654858,9.991054460244747,1,1,723.0216982734084,0
604.2955641077734,13.136983761915888,2,0,763.7036687205226,0
702.2889372451656,17.88656443642926,1,0,294.97649559575086,0
1682.0355406613069,2.309956416042244,1,1,658.9120276271238,0
3178.9286371254275,17.06080963197677,0,0,92.00610582178031,0
1228.1633593037632,23.0,1,0,597.3576318545161,0
639.147221793144,17.148240067149473,0,0,771.0353602972201,0
2020.1688888653355,12.596812603432715,0,0,313.5762005494175,0
1749.6848682062468,9.447911629151381,1,0,432.2387614967012,0
376.6734709570612,12.719170468770832,0,0,717.9362956872444,0
1283.6686929082136,15.909608350015048,0,0,326.5098328368421,0
3144.05165343502,13.880981459521335,0,0,425.79905852521387,0
345.63813237116653,19.88318774308372,1,0,993.1532046303283,0
138.27167922259798,18.18873112777576,2,0,221.36089990372253,0
16618.073324789824,0.0,7,1,12.09027071800313,1
951.7339633107338,11.732049572890922,0,0,346.42784967521123,0
1423.6618646990971,18.72577367833415,1,0,146.16750950839864,0
195.4300549366745,16.628199613635473,2,0,509.08427203641384,0
1064.2745986677223,18.770217057316547,1,1,227.0454009357751,0
709.2465557788249,16.11242310967136,0,0,294.0265042898188,0
1786.615656132049,6.883316025593067,1,0,328.5175893912874,0
2010.9649319603755,7.03097777050175,3,0,943.1977689896277,0
698.3692453331662,12.367316983118357,1,0,320.61859070370593,0
778.1586390915478,18.014749632597475,2,0,677.8469381245797,0
2143.557245707177,8.724312265338188,2,0,285.93852018421524,0
368.2035050015603,14.916840016659318,1,0,512.6907095753369,0
1062.4023086911568,21.46620779736052,0,0,363.9536698976916,0
390.6768648453631,10.486114170039983,1,0,478.3162352830371,0
2488.310421583082,10.339456126558147,0,0,717.3175394388705,0
507.85529198271837,13.926261409915789,0,0,527.9169144094749,0
325.7004327252547,10.328397483630123,2,0,304.1587840725049,0
432.8490874200624,16.85804355403558,1,0,536.2151801573827,0
3235.6297982507253,14.442890647083676,1,0,564.6756906021253,0
935.1110376567792,14.37950511442184,0,0,980.4121965218501,0
1690.1073000851545,21.27664467441099,1,1,543.9044286508058,0
1104.528425471459,3.515429103874105,2,0,330.31942235014037,0
931.9219194883526,14.372670001111217,1,0,1380.9101453420208,0
1531.2346548975372,13.72287969008789,0,1,328.81715476619786,0
833.1308749310477,14.156072948347823,2,0,872.8365438409097,0
1001.4019914331527,19.017524312082077,0,0,203.29037310426327,0
2435.2676966602307,15.070169189055159,0,0,977.4943296562643,0
1132.15001040876,20.530493563828706,1,0,627.8818393403899,0
1127.3558283744885,8.644219612983626,1,0,631.2576644030129,0
1258.487253094813,6.524301707580583,1,0,281.78782578402706,0
1224.5252735217114,16.204720099613084,1,0,441.7724147947922,0
11149.100654766698,5.5600545578768354,3,1,4.807478572999973,1
381.70622072904894,14.707796334478973,2,0,404.30769371303353,0
1336.7255926122505,6.688071340663046,4,0,373.6653174755807,0
677.6379055977717,9.04697831462086,0,0,288.6761652961162,0
1750.9830932997925,11.15085371204475,1,0,433.43178388471017,0
148.19545529309357,18.92242501217328,1,0,888.701018811649,0
525.2662059516078,18.165651641991722,1,0,475.347238559465,0
786.1964820006544,9.728451747928187,1,0,197.2090019953106,0
375.04997824020455,23.0,2,0,1034.9883625295377,0
894.4868739566136,14.982559630006074,1,0,436.7984216715719,0
514.5223556132406,4.225407552184384,1,1,448.3723174949508,0
905.9606854318397,18.915892404995105,0,0,651.2703991755519,0
809.1160265834395,21.560243076446536,2,0,581.0993592542262,0
1682.0481489888305,21.583723987669085,0,0,270.94267493642695,0
906.748714196507,6.448351152928494,1,0,504.12237585776074,0
412.31849086126596,15.061630703339494,0,0,480.20505447986534,0
423.19102838416245,10.195285097165142,0,0,565.7524033454865,0
72.89555811150024,15.13876960629418,2,0,494.782381335723,0
1904.8568427062573,15.509062430379343,1,1,771.7552787943544,0
315.64049882623755,7.228535368365314,1,0,475.7895774045605,0
624.0464412948128,14.097470116384281,0,0,242.97658849634666,0
590.465903993659,10.042661787435732,2,0,692.4514426761275,0
374.3093312722121,15.740994142322242,2,0,424.5237709366266,0
2317.0922965009495,12.627839865137739,1,0,849.5830595426924,0
494.1725457743247,22.16792416204529,0,0,192.08040582976466,0
1255.3328727845478,11.763946317277242,4,0,281.26851789516746,0
2580.642994828331,14.590247333448872,0,0,352.48999917597007,0
1005.1476386965439,5.113932712095986,1,0,294.6154958349192,0
574.9462688021983,8.745622751742394,0,0,373.7753986405791,0
333.8358663422511,21.811221053191456,2,0,281.5852615199099,0
584.1327503449063,14.388921709885572,0,0,336.67087664579117,0
975.1676642362721,7.805170275975814,1,0,254.8575367078425,0
588.5624184946781,7.330166845060543,1,0,676.6784054131195,0
1003.3659509243795,17.7843763273166,0,0,490.2340491244926,0
694.4698211244133,22.708303319861436,0,0,548.9546864361465,0
1490.6902985223594,15.286280235146682,0,0,441.10981230278503,0
954.6695557015998,15.71555331715683,2,0,260.17108277152505,0
369.60373734120833,14.450552146155431,1,0,247.4650660726325,0
67.01746068830222,11.472752393222427,2,0,583.67989003697,0
144.22557941891293,17.391885998223135,3,0,391.8347976324435,0
432.87050859915684,14.494217541947531,2,0,760.9691957083194,0
855.3884387111915,15.582233792911076,1,0,500.7864589911227,0
2373.5894768306603,13.58145071430489,1,0,956.6012101395842,0
1069.4640926409877,13.784800338817053,1,0,652.0591546419332,0
753.0165435994178,13.729963990403709,1,0,251.1639755986546,0
1078.6905574782136,9.836977940048827,4,0,276.84001549043677,0
867.5793659192141,9.816656107884764,0,0,776.387772677791,0
1419.0363482361804,18.247281275521654,2,0,245.03675681995313,0
348.53055004068415,7.156227322019852,0,0,335.4755678420813,0
205.58688776349376,14.884796248699166,1,0,855.8712943029834,0
2129.184418836556,12.071637014390653,1,0,289.587206329379,0
4615.821940317207,0.6745161281483076,11,0,30.83545849257645,1
427.37721154709055,13.81391070668113,1,0,341.962425564745,0
1054.0258243492979,14.57577401918888,1,0,568.2443331705663,0
1404.6288213939763,22.681619044249445,0,0,229.6603094932059,0
2011.9199519242597,21.5141354262479,0,0,671.4815867189669,0
84.79343397071729,9.683936202694593,7,1,422.6749785184416,0
979.3103708488949,15.820850315712054,0,0,449.3531531692778,0
837.9756075016033,18.767974753312586,1,0,656.5010198955135,0
7421.330177232977,0.8236621910638515,6,1,4.832707099368651,1
817.7887739139119,19.992411761919495,2,0,452.76231796909457,0
1863.5484434181192,14.005804933604363,0,0,614.758903009709,0
2089.9519694698765,18.858631548802514,1,0,444.546002025828,0
747.8924483838293,18.745825313451796,0,0,233.31359515688982,0
771.4717747440129,17.66133809964116,0,0,365.0024340852719,0
168.86720392194198,14.736594295156976,1,0,341.33179873275196,0
1788.4843846350445,14.651820299809133,2,0,531.5287695146203,0
1344.8965773134432,15.748648410381831,1,0,510.630380866189,0
294.8022092932754,19.380893668024576,2,0,152.46642316388392,0
916.4821651454013,17.194615111872757,1,0,130.4527958570963,0
1095.8747229903072,17.23435232448389,1,0,263.42954815629633,0
548.1928266090636,18.936186192096287,0,0,335.16351762104546,0
688.8194206380196,14.813172349500885,0,0,701.7951776652164,0
1747.695614932399,8.979452963969406,1,0,262.54681362552094,0
1253.6970080941433,11.928066419454824,1,0,513.6929899346327,0
2646.7295891623294,12.852503081092001,3,0,1058.5263353379744,0
521.5169459558444,14.973870028140336,1,0,309.26777996417735,0
536.3927119470139,13.988282984252399,3,0,502.1378762532639,0
741.0335360068729,6.10985708639439,1,0,237.46884444483717,0
684.2236866242126,13.496991624219065,1,0,288.19022595822526,0
1735.537618975572,16.70791465999706,2,0,262.36685102004583,0
246.29811727229117,10.891171562055838,0,0,86.53010748104928,0
483.2910556522138,4.229248798355796,0,0,589.7265604265584,0
367.85026751260966,15.681783687353073,0,0,370.66877831523095,0
507.60941724682385,5.941074682563993,0,0,714.54170856294,0
958.2858718888062,14.087071244991154,2,0,201.20474749717675,0
3334.6850755857713,10.799501741415465,2,0,725.2559575304632,0
829.1693471200848,11.71222909309271,3,0,258.201468195716,0
1710.4277236987214,11.480346600193304,1,0,748.2528181286026,0
6227.475192059531,7.2644336905074045,4,0,55.09204946235915,1
862.1004103991709,15.92425282341101,1,0,573.2772570951942,0
591.4244581322541,12.99591382729175,2,0,1173.9910085152305,0
149.69325586492525,1.415022238942413,0,0,263.5394938067637,0
1033.9456963384807,8.177266109449418,1,0,460.4830581564153,0
2077.400862846895,22.42191664090769,4,0,516.9525853888235,0
556.2193175668635,16.252059799647334,0,0,498.6759381999561,0
1612.412695368916,11.049870154545893,0,0,563.4439966631979,0
2364.5621539846193,7.804140584430911,1,0,505.7027834036333,0
1110.9764428663295,8.329361687607836,1,0,523.1995493568012,0
64.98138247357625,15.292300871595344,1,0,457.2648222603946,0
813.950858186671,11.563300369804173,1,0,582.7001382781814,0
2273.602070205651,12.562954950871461,0,0,509.1257887541179,0
889.6280636522929,10.426935939378517,1,0,911.1231952185259,0
1130.4394188945246,22.323340151338133,1,0,517.9495350432184,0
697.5018229059798,17.7734687515429,2,0,368.24681543495245,0
2119.985527222789,7.034838491455869,0,0,424.5464853120533,0
410.0408859420055,9.521557441521137,2,0,426.31367216245593,0
2349.8067907693594,6.047848707403514,0,0,452.0387735145704,0
2265.4612320336128,16.15927746730808,0,0,351.11725957977694,0
1717.8319716705507,14.100006610754622,0,0,181.11920845200763,0
1262.7585817959239,21.766395938462466,0,0,390.3263035435239,0
674.3704139646981,12.588268138113502,2,0,337.15901610289853,0
1754.5577812897343,12.372728355474969,2,0,713.9927343285027,0
850.4524681975489,20.920700620232317,4,0,465.87022341781005,0
937.9146197099362,12.43329545326433,0,0,581.0853403426903,0
929.5274442730516,14.201512997492909,0,0,555.684185336442,0
1285.3978555227118,16.846289276121002,1,0,166.20635630252102,0
952.7194765256535,5.701323193092145,2,0,641.1353250538881,0
1151.2207578699893,17.05553047723012,0,0,357.64450443678066,0
1019.3503709082817,11.917029771739202,2,0,341.33538398162074,0
864.4863927990783,14.470176993575512,1,0,378.9121817427025,0
1413.9248624395125,8.885160575659661,0,0,293.6208202860323,0
684.7599190694651,10.514842653175691,0,0,1045.39630196568,0
1347.2345230675119,19.413124605011053,0,0,200.00224369702028,0
650.6815083664573,21.674731370157556,0,0,304.3184287377142,0
342.4392177818319,10.14843231054552,0,1,488.52397535081013,0
1654.7554564946706,18.970840231506596,0,0,546.5387875235318,0
2825.847748035694,7.1806842516643075,0,0,437.6068628024516,0
563.4623082100147,18.292757350516894,2,0,387.1419767495148,0
1188.2086974380823,20.92050015445052,1,0,147.49122676741206,0
504.76593302948413,9.60362768959661,1,0,612.2336548910447,0
854.0185857201676,11.79741527820094,4,0,429.0885308804003,0
807.8459688752088,11.307500565028295,1,0,386.48855373420076,0
1689.8389510939724,16.323976347219826,0,0,512.4939900895864,0
723.6426985372221,19.580493328862765,1,1,322.61570052234146,0
811.0634584852908,16.79049686203354,1,0,420.48305298116617,0
193.9882331453524,8.617589750525504,1,1,611.0141660765255,0
1520.4955532178792,9.29833906245216,1,0,285.7087325206286,0
2389.346168544793,14.29827282503542,3,0,1071.6916415918706,0
1662.4021342031613,15.55603797086386,1,0,405.548346911901,0
1457.9409661354186,21.187733754663235,4,0,550.4948582561707,0
741.1475406818149,15.908633233939431,4,0,498.63589639497025,0
3055.8113054883274,17.812552903819984,0,1,244.4728424374257,0
2224.092867257861,7.386085126368814,1,0,528.5626233742902,0
2222.6124708705206,12.609157132230644,1,0,313.42025261410174,0
1413.8370342411274,12.945773286370963,1,0,105.80075850740083,0
575.200660405437,18.536714730305086,2,0,351.565392090889,0
458.17947855895613,18.515837959973883,2,0,241.99455584502832,0
565.2560241852174,7.584572818117787,1,0,424.4074455501127,0
3145.5514755835234,4.854527930393916,2,0,626.7828458188104,0
745.4772941524985,10.501086278977018,3,0,780.4820148013575,0
2003.5732677880956,10.731546565018714,1,0,669.735893102362,0
1235.7164695019787,11.610358656113938,1,0,430.5907709392927,0
149.76735481661154,14.368703931032725,0,0,944.2729122446414,0
451.40938210908627,14.900861777484744,0,0,585.83560856743,0
1231.0715554693916,13.688844715137503,0,1,536.3695578301182,0
1295.3540202728548,8.9549488445757,3,0,142.48857321048735,0
1067.0814387926782,17.417086156194458,1,0,270.38570792234464,0
1069.6910441614532,16.70414105192246,2,0,335.18119652868756,0
851.2027506195354,14.586617484171368,2,0,381.59339204017306,0
1190.3860881358287,10.010565892520548,2,0,590.9380183174866,0
958.5187980225435,20.887886679227087,2,0,179.22599993473392,0
898.5632245900393,23.0,0,0,666.9645238634146,0
369.1539403586173,22.63228185939344,4,0,803.9331595029984,0
275.6370277255485,19.97592701201549,2,0,63.276796077310685,0
560.6384111341899,12.241245990956655,0,0,669.3555678042895,0
1015.9793341075535,17.337680473970657,0,0,439.1923696248761,0
562.2873111910995,8.82384578590094,0,0,536.0439639176785,0
1184.6806366270623,6.889623362870867,2,0,442.95737206967726,0
510.16191932378484,15.188986815695296,1,0,711.4600526468745,0
754.216867676776,15.32503179534152,0,0,250.56209636440911,0
64.36756586291835,12.87443719657442,1,0,407.4772123312455,0
1473.9222025136532,12.29865161022915,0,0,882.2170543265672,0
2420.937529556548,18.238189075347137,0,0,596.4459966501277,0
268.68180755718356,13.499794811347,1,0,261.4835742595137,0
84.43142269795199,10.933121857634067,2,0,314.2754966182364,0
1730.977293372417,11.364915063083465,1,0,516.4803635698172,0
217.93681423132307,10.941785558975447,2,0,553.7830586466602,0
1567.8127701067954,14.883818499861034,0,0,470.1408255122852,0
624.2824170490551,20.003148304898616,0,0,491.32377371469624,0
1176.275320742789,7.801965943097389,1,0,1058.925624024471,0
784.0487331752302,10.600760326732745,1,0,138.76815157224763,0
3760.145413859501,9.883252308186819,1,0,411.32878764713195,0
514.7359704631315,23.0,1,0,833.287377321604,0
470.7434224119193,22.583813745921752,0,1,544.185298716258,0
370.3106234537094,22.987724223429936,3,0,408.658868106727,0
275.31225540449384,12.341133031276279,1,0,617.8745600602479,0
340.5363287601906,11.831435466544889,0,0,529.9330631075138,0
182.71107966264154,16.997556205821247,0,0,430.49286241206914,0
1556.600248006322,8.335109526543663,4,0,594.6755398060862,0
798.7751738594993,13.147036676049655,0,0,434.65866664881815,0
1272.1547183150906,17.010262616050625,4,0,687.0750989657439,0
378.6985218256866,21.208230916711003,0,0,419.0179697553785,0
2756.631585817896,0.0,0,0,296.04266726989187,0
832.2273415460306,15.448835721782677,1,0,616.4648014889815,0
2463.81462047684,15.609351911915287,0,0,647.8763726845319,0
1883.112307745831,10.212956720102941,1,0,446.60680301183805,0
2646.3627582099366,14.253536269318372,1,0,1099.4080132458712,0
1081.6828843690344,7.035091911624047,1,0,403.8460014117601,0
603.9556241202897,19.37370625110419,0,0,511.5704126521127,0
238.67906198078475,15.347117260274505,2,0,168.35230592804788,0
831.9709928280307,15.714975570356529,1,0,297.2895980153461,0
411.180435478546,13.592246024551105,0,0,397.6977258552184,0
694.3110157998036,13.051108502160094,1,0,490.4038957345217,0
468.53614554166757,16.539399225343104,0,0,888.6701229127697,0
870.4381794471657,23.0,2,1,677.8202993743517,0
1204.8697722487825,22.089798421904526,0,0,341.6146667558775,0
316.66610492457056,20.395878886740956,0,0,394.14314354776707,0
296.6684179948561,5.343465951636233,2,0,952.2335645179229,0
1784.3430432315747,7.494457964967525,0,0,299.3087206911972,0
637.2235442885108,7.789233246041949,1,0,825.3955209702693,0
744.2384463728139,18.402355527141967,1,0,909.2180547893697,0
1376.979781863568,16.467942429370964,0,0,961.0951299468397,0
1256.3704034022126,17.42955559834484,0,0,615.008761115055,0
683.4474796048733,6.780367350624818,2,0,294.6859743901034,0
905.5445140460106,13.15891613948371,1,0,471.9493897036361,0
3062.4993663066366,23.0,2,0,344.74326657041,0
260.3005213249733,14.084598995833751,0,0,478.7678482349656,0
635.766850690334,15.587713785095048,1,0,536.1058518369091,0
555.9175205003681,18.951931183056764,0,0,254.8419013556615,0
861.9346306765744,5.9535645665628305,1,0,376.2354981124393,0
345.68147800588287,15.228925086905951,3,0,360.1116075393647,0
1477.7639249184356,6.869754791521439,2,0,360.48995331786176,0
996.8640933943357,3.2349528067793933,1,0,636.1249472345339,0
960.6314721082384,14.584384849592832,0,0,540.9300630055003,0
878.3786468040737,13.070971949501109,1,1,706.7364913510316,0
376.7582279841358,13.212190222231113,0,0,330.4562131053382,0
1046.5147767519977,14.9709045279721,0,0,572.7983548994752,0
1897.5728472448159,18.460510202234996,2,0,629.64168466754,0
2597.6638287447663,15.75130523983524,1,1,304.69192171303393,0
640.1101644543477,18.052653813947746,1,0,270.82965574036575,0
2472.6042420050394,13.10890493716072,1,0,443.5921447559788,0
1048.9167630417192,10.791494847887414,0,0,435.12147167753056,0
355.2667957694791,14.576461347850962,2,0,160.3390374849145,0
306.7323314569485,23.0,1,0,224.28939413585042,0
1080.9572607768255,18.338300705278073,0,0,362.1192901994971,0
1546.2394936710493,15.488344576563971,2,0,476.02415297268743,0
1301.6108895684097,14.022192613049071,6,0,238.21569685359648,0
862.4237169523257,6.621606259049209,0,0,645.9955005637372,0
467.39904900574874,8.237777659455661,2,0,1376.487933525473,0
1121.2540135623485,8.754648202046335,0,0,1677.1843188897424,0
1806.8402865288479,13.094245616343626,3,0,678.6986484625775,0
1807.1253750904518,22.919570990915744,0,0,652.3722506978203,0
1365.22968154224,16.834901316335504,1,0,387.0203747554805,0
654.7464804872632,21.913095218670257,0,0,711.0635193038319,0
872.8195138926117,10.649547130909832,1,0,496.98975014058465,0
1100.6836635042469,6.56918862696692,1,0,450.00195012359876,0
699.4263059006392,0.0,1,0,446.34539447546234,0
506.41851132115124,12.591558396054351,0,1,399.6296870484798,0
1071.864272172368,23.0,0,0,643.0913602895674,0
1544.1489549102885,9.420162093174241,0,0,671.0913754650578,0
796.831110333692,12.467740999944056,0,0,586.4266915928598,0
1719.960354108445,17.96714829851239,0,0,356.23836661745554,0
1080.573186027873,13.62585728340401,2,0,638.260414632191,0
742.9877128735299,21.549971622159653,2,0,732.7322275100123,0
328.73628519244255,13.686257372154245,0,0,547.745926170885,0
160.5071331774774,19.189034707635525,2,0,278.03862198638967,0
683.307788643477,15.408479569136768,0,0,405.18632729331927,0
131.29792723857858,4.291529762535275,0,0,566.6801670045666,0
196.46888109474693,9.731068099859797,0,1,269.70738294802345,0
1850.039905505276,9.980308116364181,3,0,310.06249911696085,0
533.1157301637306,12.571176419818219,2,0,690.2931998765961,0
2051.131228603605,17.323815448621815,2,0,394.00894951960305,0
1351.9990360626937,15.941074957955365,0,1,272.7810751463441,0
592.260681808872,13.698010375046307,0,0,465.101149829896,0
1440.458060603768,9.587314704264212,0,0,240.62464104467313,0
622.9322140235654,16.131839094867786,3,0,349.7765827434179,0
736.3535241991608,13.416077371118009,2,0,297.4766801127913,0
2005.7586781704235,14.483453514434098,0,0,369.23269862974036,0
11565.744151864372,1.1705371889680167,7,1,22.46488704968219,1
1575.7418932783826,23.0,2,0,169.03461327778442,0
248.21401037818418,4.3742409368686435,0,0,572.3543944289944,0
649.2316673870837,14.49906834410821,3,0,493.96101955980265,0
1068.8625709946662,18.757760390395433,1,0,487.74951398122886,0
151.33492387453558,23.0,1,0,208.39145274289064,0
41.93169395381764,15.155295605414771,1,0,341.40848193854714,0
590.2307068025574,15.070071948504184,3,0,424.2286027635652,0
87.83586327022897,12.296884743859115,1,0,494.3120815355914,0
1879.168186420097,12.03620038957903,0,0,512.1598293543584,0
779.1965929076438,9.486901043143835,0,0,514.8103750296722,0
539.4081804755056,7.136043751267955,0,0,426.67117421487194,0
1491.5489258857515,18.62645274842749,0,0,330.5018564238853,0
1340.2481367944638,10.688809606671882,2,0,569.9759843557545,0
122.81838132050585,12.376308226395285,0,0,632.8928010309218,0
879.2073191359731,18.505718152646125,0,0,474.6303186497185,0
1637.3326064426185,15.228014085289578,3,0,602.7565918153144,0
252.42662055389636,10.453205451787902,1,0,340.68386588693477,0
463.93949506612984,19.1581155643582,0,0,387.62455568621783,0
1843.8971674159775,13.698336387899667,1,0,382.5027714946785,0
294.28974774074186,20.63310819749971,2,0,332.56410551480144,0
438.3115834308426,10.920093284575739,0,0,498.93753513289454,0
780.6263387708104,12.37963908099109,1,0,362.677280052232,0
449.4551980009034,13.403548471521304,4,0,107.7248051101632,0
357.52422821845175,11.909954356832902,1,0,330.998370542643,0
1297.526605650233,13.798778626539072,1,1,447.53240538765215,0
496.78339542603516,8.350559560486245,0,0,731.0917571357808,0
675.2141880022193,16.738848880097933,2,0,607.0114937409259,0
178.44701220316264,12.511321755593844,0,0,648.8105884098553,0
2575.0485323033454,13.860080036646025,1,0,343.4707786590911,0
1809.2747977416261,14.392319467242073,0,0,419.16757468931934,0
4023.9263348544505,0.0,9,1,2.9801352513325545,1
98.73995085991412,17.457573532160843,3,0,716.7740039293295,0
443.5229236354489,14.316894344326622,2,0,798.3671952117542,0
844.1644934893726,12.930770760293347,1,0,309.5282625709092,0
1281.1970562525628,1.7322221417478723,1,0,287.28142578515,0
334.94275111799436,18.984787407613098,0,0,428.91678506695143,0
1322.5103187553223,14.462803085857173,1,0,182.79711984876283,0
1484.5529418335188,7.675528957733168,2,0,545.7828225398363,0
523.1253995823904,8.506520924657341,3,0,552.652973843476,0
620.4724473772609,11.844224667913178,1,0,953.5946572588308,0
554.6084871057693,15.853069859739279,3,0,317.6460619680345,0
2021.3451017985813,5.040691298636425,1,0,362.2663695453071,0
548.8949063732489,8.841508401158343,5,0,276.9752917842336,0
835.5977403723738,13.444436429636418,0,0,312.6789147168323,0
1118.4796132481788,21.073726689841102,0,0,381.3586197532376,0
2422.5197371381155,23.0,2,0,214.72959246361097,0
277.2735644507022,7.407952747209755,2,1,447.0849997135022,0
581.6493169166374,17.515781582098086,3,0,555.1440023350681,0
3977.388414885829,20.301892590700213,1,0,703.9408324795726,0
1390.2866855622856,19.21997595665343,1,0,413.16435713299836,0
1194.0512106543463,7.7021863556512935,0,0,347.2610332104852,0
761.6042052794355,9.334860145793677,0,0,594.3901381523507,0
1171.4489035745655,7.731168340044885,1,0,485.70506441414494,0
1148.2552297698119,5.570253994653747,0,0,570.1330197221532,0
392.9011176062052,7.846016968717865,0,0,435.1498461917183,0
901.6003951822016,12.021419445624286,0,0,979.7923824591866,0
404.784567735862,19.644532979386113,0,0,426.0190666090018,0
621.8628962927924,14.928347795222436,4,0,298.97401893447733,0
1016.5961866542117,23.0,0,0,291.5967813529469,0
1317.3194273670128,8.724070276844136,2,0,379.9480654182639,0
221.70993174225202,9.266950448942264,1,0,249.56391265615107,0
778.6114896272229,16.605143446657017,1,0,553.8132238686153,0
835.3668341259246,14.659088662983594,1,0,577.4699277622038,0
243.03384393436684,14.277693704458331,4,0,340.65688387978264,0
958.4291856860622,15.785964394974695,0,0,334.6113010301317,0
1851.7428761158048,8.923728633268592,0,0,357.99119374069636,0
2642.423641451786,18.78086717780322,0,0,867.3129136674836,0
265.14604877385864,17.071084577419146,0,0,398.0931394011627,0
784.548598176049,19.70481466182704,2,0,257.2301205637464,0
1498.9346999737547,13.092880694409503,1,0,551.5605029473204,0
895.0696856302889,5.596101875446742,0,1,231.9397572916937,0
1303.383624710842,23.0,1,0,617.1678167436614,0
574.4753912022463,16.371955325780284,1,0,467.10462543195194,0
126.44360870583706,10.2257072339873,1,0,475.2933042196248,0
519.2672113632326,9.957439036251646,3,0,499.51057575670745,0
1078.3854159569269,17.803723808176795,0,0,377.5563900884594,0
1509.7261544341752,16.956706605863527,0,0,647.0794115631187,0
986.5154041163017,14.696756039494643,0,0,534.1014478027093,0
1109.4646992457958,15.940911463620758,3,0,387.81497387218695,0
973.0837920868576,5.772227735533313,0,0,443.9479798923622,0
522.149266178646,17.160041614299292,0,0,762.6992326536785,0
857.8095386705422,10.971613936214109,1,0,420.98373903996463,0
3039.011639857533,19.923478989405016,0,0,542.5173338663867,0
521.3392470731112,18.446473927178552,2,0,331.64252565035366,0
927.2123334310987,17.244702081039854,1,0,333.9506172213566,0
709.5136113215898,12.1879878315596,1,0,306.27488321966115,0
666.2501764732414,9.160185802691018,0,0,661.9191409792229,0
554.1659112611543,10.275698604323942,0,0,487.0544213713334,0
1199.6593690010195,19.177825338887047,1,0,201.54007494858584,0
923.6700889214428,7.77818757925106,2,0,978.5187473860965,0
1025.5412365730774,21.182841758634186,1,0,442.866332809382,0
256.0974459505309,7.306003942102772,1,0,437.8434180899591,0
170.6511232934947,19.780573083226535,2,0,346.237403559516,0
354.6196720502806,17.252963099818714,1,0,455.5858003395245,0
640.380405982208,11.076690606628787,2,0,159.32048677060976,0
800.7699628949815,17.49132768246048,0,0,401.3986199161727,0
715.2298863153165,23.0,2,0,580.7984266030248,0
2155.857655242783,14.792748265798213,2,0,199.35113063338576,0
411.86128129653457,9.738331607734452,1,0,278.7404157990534,0
853.8267837661201,17.19258289624182,0,0,284.38552375213277,0
3263.0807632588653,16.982716932615286,1,0,263.38537500373326,0
1361.2527367803038,23.0,2,0,299.5550165496738,0
2205.8166193464863,20.408055557629265,0,1,544.9120257205877,0
294.40460864839673,14.840507306307977,0,0,423.75856274359336,0
247.1509221801085,6.982208277633686,3,0,592.5595858850983,0
608.120083398421,17.17126438235713,0,0,685.3294833123806,0
477.2825200304982,13.848936366078583,4,0,514.8975951539014,0
413.3074149247778,12.821968783180589,2,0,532.7182501353525,0
2215.9206660169016,4.448729093594746,0,0,194.76611185452356,0
127.63942040986461,19.457837696122446,2,0,778.3301801471747,0
1129.3081588611574,7.397018551266998,3,0,703.6855797649072,0
327.0317796721365,19.696941792032913,2,0,869.4556555875026,0
957.1248054522877,8.459733365852788,2,0,246.68612231028777,0
8890.968464189438,2.256908251674238,6,1,18.35216339273943,1
1002.4862433363833,17.015980365293423,1,0,385.525812786617,0
589.9468672516019,7.3525321390354055,1,0,327.8814092782077,0
326.15840664987536,19.179730701574275,2,0,314.16617986348433,0
757.3478766869315,22.538433585766853,0,0,207.6212920281022,0
860.76502751479,14.401424759340602,1,0,409.49541583026956,0
1030.1411554274684,10.655027837801478,1,0,120.15379873062211,0
508.6104790325211,17.070738470188665,2,0,407.4677358431856,0
693.0622301943317,9.837992616199706,1,0,426.96570242153007,0
819.6949731762796,9.944973802680561,1,0,447.77189155161307,0
1977.3185016892403,23.0,2,0,274.2334938347531,0
1154.747450018608,13.611101844952172,0,0,785.3745381443927,0
750.331096256746,14.36664964125318,0,0,168.472056626956,0
825.583402796191,23.0,0,0,560.7495918580561,0
1946.2227154180555,9.314297381594788,1,0,296.1671359854889,0
1390.6113144710412,13.966677498048693,0,0,584.9392801648039,0
1781.95171651279,18.910576560825305,2,0,446.89379198737197,0
1225.255298712605,14.70583124693996,3,0,535.097492484417,0
914.7576153350064,15.811484018232768,1,0,789.4242328019159,0
740.4006572471228,16.534134556889086,1,0,545.9820765271639,0
4309.072849760609,14.419011798056703,0,0,381.4780453629011,0
504.3238086121958,13.361463964256824,3,0,399.16410786144894,0
3139.099598439474,18.92327899068805,1,0,943.892966352092,0
1200.157612387446,14.273632125550106,0,0,749.2921125551401,0
1147.3885004570222,19.13071201617983,2,0,430.5656709275575,0
2091.8819328018285,14.256217558265103,0,0,415.7846352228442,0
1596.7683500709668,14.476320321883577,2,0,907.2765802165628,0
806.9621895301735,1.2523032763165958,0,0,378.18695328305995,0
1552.4919105249676,6.8122710927779595,1,0,294.59520714818217,0
1689.8133058246733,5.365983986466221,0,0,564.1586499231663,0
1382.7644104198428,8.43949053025996,0,0,548.3432052510806,0
1196.970707267028,16.652448992649365,2,0,322.2169832931768,0
1986.9241729447374,7.613711657800338,2,1,523.7491062542867,0
875.8444707145493,13.76532837082197,0,0,1307.7821212560557,0
654.9452897055705,20.529305430934063,1,0,334.6289874715949,0
926.996565072437,22.31435549282029,2,0,723.2767340008562,0
1345.3743043879729,12.32481053990824,1,0,487.00455794580864,0
222.22195915717626,9.467461095336148,1,0,633.9781756761436,0
720.1249109494127,13.194362566569994,3,0,434.6619932868666,0
316.4240635775751,15.364083661389206,0,0,685.4957270400998,0
889.0947315749492,16.124480520862015,1,0,537.9328657996899,0
1011.7773814767745,6.590772494593525,4,0,794.7880651458371,0
225.77688204348738,12.85454948308423,2,0,473.53607498523996,0
106.9043832787196,11.304446696491755,0,0,296.70035807074936,0
2344.4743114471144,13.728243627998989,0,0,277.33818210842185,0
1247.6459901229896,18.9805239465855,1,0,408.304907594779,0
48.54059934263045,16.914140347280693,0,0,545.5200739820159,0
1364.9978833384932,15.018302113630892,0,0,517.0455677284297,0
730.8963075591068,8.94835106201733,1,0,369.04603867508564,0
1198.8098252271284,20.109174530027595,1,0,447.03764608045515,0
393.7767658782376,12.121410454731416,0,0,499.47360296217937,0
222.08900783399181,11.15051040293947,0,0,243.87811235689486,0
307.11308227848053,20.959978490563348,2,0,450.0545792119668,0
88.61144537025676,12.561464722252618,1,0,158.03075328039802,0
1473.1849841712433,6.431729127688412,0,0,758.3443319020748,0
2291.2699036742456,11.248232060900893,2,0,394.87782786821236,0
1058.1329620272181,12.929711146839914,0,0,477.9022465433842,0
757.0027000890311,9.046763449539704,0,0,173.05679307224727,0
769.048413917884,4.826558247738772,0,0,232.53138451194326,0
936.6432391621214,17.367107035459565,2,0,132.58930439774278,0
1210.3111089651638,9.2435060175174,0,0,529.155244494158,0
448.26720537341515,7.014724884265133,2,0,239.9523701194998,0
780.4130732608455,14.968141254591316,1,0,365.7098296153582,0
2104.9704109801996,10.44858981424461,0,0,248.4151993198753,0
425.22316191650253,14.123129942783985,1,0,504.7746338034961,0
1323.3819727213265,11.898223367117371,4,0,412.5609201715128,0
1201.5998914961444,11.641787106824207,5,0,391.8751908110707,0
234.01095899799225,16.53191269244029,5,0,566.2627637976332,0
641.4632901720321,14.753429289419303,1,0,368.81193979105984,0
259.9471381723579,15.47072941944553,1,0,836.5010569026787,0
413.82777060599057,6.548250962696013,0,0,610.6219441905806,0
824.2655799124303,5.70066074871105,0,0,596.9860360272256,0
476.59229375347826,2.133851335746801,3,0,503.54701358305067,0
1327.6587982794326,10.876429165733626,0,0,209.52628188806563,0
1676.1805982556489,12.575345906784111,2,0,282.5123042669316,0
422.889985526446,12.101344374830804,2,0,456.9316630995358,0
238.8965835888547,12.440864735627233,1,1,393.6387996889437,0
829.8971967096418,5.3434203209449365,0,0,191.4989445252217,0
488.4862505395906,12.682502635369806,2,0,308.88130391637594,0
457.34289189076264,8.840867246357824,0,0,474.76052191432194,0
613.2041923588473,13.151347563572394,1,0,783.8947628611205,0
1544.0883497082489,13.763546771457326,2,0,477.75432262679834,0
759.4732303967834,12.972853352533976,2,0,360.57934486025596,0
1261.5348159129414,16.287003713958722,1,1,509.44483103302065,0
1078.0239757126083,5.509619260402177,1,0,216.9364517786187,0
510.4786065977054,11.533448085220458,1,0,307.65729945271,0
856.3094198550048,19.583414163711236,1,0,353.9570061237643,0
313.0260652881479,19.80950564978253,0,0,593.2993164993511,0
378.20736187376156,12.928055340116108,1,0,280.04022057713416,0
496.80125604371176,15.313417289734183,0,0,710.0826072844424,0
296.49721537695945,13.984120716164343,1,0,467.85865037831655,0
1523.5083918438154,8.81743684620705,0,0,1022.639997362268,0
733.4148925476665,14.031255867919045,1,0,436.2606468296663,0
840.0337994127285,23.0,2,0,400.3540227272527,0
739.8623254843126,8.409941459822008,0,0,451.9234727318492,0
381.03589899382973,8.863432884745137,2,1,279.96412083566435,0
959.6860457044215,7.727994701362494,0,0,560.3963182889676,0
1205.1483787053587,8.424614807950931,2,0,419.4121086373872,0
3089.065112939371,13.334577860396564,0,0,699.5949644229331,0
599.0692985063811,9.231181670641014,1,0,570.5761772820506,0
1621.0715630420698,10.721013442651039,1,0,655.5594252278653,0
1013.1637933477051,11.16506043078661,2,0,617.6697864760946,0
914.5974493497805,13.871153220613715,0,0,459.24984082344207,0
946.2468232249947,14.86406139885642,1,0,353.8648746266281,0
1317.2452529237382,8.453462337510025,1,0,549.770580396522,0
1477.0809006539207,11.954174653930293,2,0,180.7363356152518,0
1106.7500828308157,17.06561249614592,1,0,345.93130504920697,0
1329.931362077826,13.793896283159413,2,0,320.2296126057334,0
1785.6485484569455,11.176182805996758,0,0,993.291620307205,0
258.5325405106157,10.159028824972589,3,0,333.40799066321426,0
295.6952549680008,13.066933891356976,0,0,267.07125795409985,0
877.3279271927546,6.273854425006644,0,0,276.5074272906272,0
843.0713919934108,13.209529815704045,0,0,745.0169764240942,0
430.9278106119733,5.313359687179037,0,0,577.4923080679544,0
379.4007215211384,8.19813274466,1,0,683.7666896321314,0
686.7836887545872,21.765656017696777,0,0,627.8298323127116,0
264.9711942353949,4.185040461736394,1,0,503.83580809741153,0
607.5770083643482,15.969816118673023,0,0,180.51040675599072,0
162.75863209564358,15.688801599676554,0,0,147.42321720019035,0
391.84708675788306,19.75064339196816,1,0,156.10275843588457,0
1334.3774506665222,17.658592379310658,1,0,180.9614284791491,0
69.46006281926773,14.803478043284592,0,0,307.5502653999053,0
898.0795397166966,13.29431589241817,2,0,726.1026954931751,0
475.5825003883505,10.35911576601695,1,1,290.5995461161375,0
811.1442431466597,13.543051639748693,0,0,435.7886739092341,0
1037.6912677543562,13.04297691857992,2,0,474.3088170681764,0
640.43030680429,16.34560177432377,2,0,503.5725542611777,0
2372.3663426366406,5.636648076379995,0,0,692.9914036280795,0
771.952863286813,21.820070091059065,1,0,771.1662669811064,0
1336.3142265948043,15.42373280276872,2,0,533.4032439781859,0
827.460894783098,13.012356978543925,0,0,634.2228010169225,0
196.92088927692643,6.628085653409259,2,1,708.2126297269809,0
623.7579494996668,14.69475286527547,2,0,529.7670386098209,0
1074.892445156628,16.660642857876173,3,0,1110.6008340943981,0
326.31896112790804,13.885931529760384,0,0,223.63867214999152,0
534.7192209583138,17.289934148874867,1,0,206.30528018483,0
1305.8901913227198,13.554997316957646,3,0,610.8262729206799,0
1513.5449498025607,14.38854230012503,0,0,166.439510907144,0
2836.6315681944516,14.070398992322922,0,0,198.71001783041612,0
1115.909737482273,15.342679651222873,2,0,385.3679886782395,0
1107.9577519949964,5.1920878637267585,3,0,1031.9734798099657,0
1076.284131972146,23.0,1,0,158.52247667340055,0
1768.2689389663824,14.954399679593541,1,0,666.9903444029771,0
833.7741687866557,18.563634065599043,1,0,728.2400462694403,0
88.8875879191954,4.959385230291881,2,0,487.7482692713185,0
494.2332975550053,11.535335087766562,0,0,567.9501092459168,0
3585.179909056257,9.900094723177226,1,0,402.9426432843102,0
773.293479413719,18.170137843631654,3,0,217.29736014846438,0
611.5549591196526,5.630510358256062,2,0,359.60596666171205,0
2260.546129266374,13.448000479504783,3,0,647.3734175842304,0
922.6352575128627,11.989154213028186,1,0,396.24933142387977,0
1582.4812691179336,20.837628769577158,1,0,829.7956097888939,0
1289.6373792404888,7.883464761067482,0,1,429.9200451885115,0
1005.4541071987197,15.670346810806937,2,0,594.5915754187993,0
3648.9988943914354,18.56011835494153,1,0,565.3590279737853,0
1698.4225577652023,9.809964898792437,1,0,310.7488853824741,0
761.4036894645147,12.628782457617765,0,0,1377.2166538859524,0
142.5473864483609,7.3331020198230865,1,0,675.6446589071431,0
693.2115363172989,18.751208258585486,3,0,760.1077018339183,0
1465.4523654284546,15.427434715995831,0,0,686.1807753499779,0
1280.5468447516182,21.23343084743651,0,0,185.4924722746164,0
3017.1030489395534,14.028925574133268,1,0,438.65230500183935,0
625.2444428775409,16.389059231346923,0,0,312.2475101865828,0
1195.2555940987995,16.147956516570453,0,0,448.17300509065643,0
873.1891544723875,10.500095498983145,1,0,420.8676858410047,0
229.94589300757227,12.69265718729534,1,0,748.1611716690953,0
809.1119880562801,15.604678771604338,0,0,461.2565657661162,0
657.8374231386045,12.30301592316691,0,0,607.313479659472,0
981.2394199618748,14.286877769034906,2,0,581.5320402557483,0
1112.6065950791012,9.62517491659915,2,1,812.4447148645585,0
1272.9064595354516,12.490770529236222,3,0,900.9948061715723,0
1988.645483065256,8.90414689349048,0,0,584.566998371338,0
1118.4382988080508,23.0,0,0,350.3442672021362,0
859.2322581052192,13.727878498143472,0,1,681.3310041472946,0
1709.7946235727438,12.288095723306878,0,0,553.4785135706029,0
999.1832987188043,16.099373113958837,0,0,533.3519112994796,0
1113.1999630507203,13.51972456914962,0,0,636.7447208836645,0
436.6027315944588,12.235178846288978,1,0,1087.0213637951301,0
68.2260595147772,2.898718425801931,0,0,485.20567695986915,0
993.8453495575666,8.733968019786687,0,1,574.1463209747619,0
802.3212320512617,10.97215172348284,2,0,821.6552641345411,0
102.55587425008224,22.19648567603638,4,0,409.34936223758706,0
817.8279184424633,13.724882260408254,0,0,383.3075499360569,0
2253.9863528759897,18.292294213195152,0,0,724.3232645286996,0
319.95804585094965,15.120897424268962,0,0,714.157980946905,0
933.02856660706,11.001390770343095,0,0,326.16060915916785,0
649.6170133490072,12.010437131909825,3,0,215.90673261421728,0
1339.3123032641427,19.68267427887384,0,0,252.24247330820063,0
1264.2042113141117,13.36204659685568,0,1,269.87917395108695,0
871.3780838547679,17.028431055645964,1,0,827.6064329551127,0
1693.681666484559,8.635549421425413,4,0,280.7498350417641,0
936.5801598714202,21.01902366420176,1,0,431.16329437513787,0
1712.6310186450198,16.435046295867693,0,0,893.997061897435,0
6725.152981722712,3.3629041702844114,7,1,24.256978356956743,1
946.7108960624126,18.15327845647704,1,0,697.8464847119151,0
542.0374175202357,16.96475404712565,1,0,946.05598341432,0
686.9655400381024,16.783979734138903,1,0,423.59513194721404,0
264.5156601146562,13.817503612769173,4,0,498.4304679531808,0
933.1742803773926,5.7615323261520395,1,0,215.52035157217287,0
847.3575989522436,9.58526735500715,1,0,862.0336043364476,0
538.6190579704185,10.38526241382474,1,0,291.5462310786495,0
771.3011588767441,15.672788172689401,0,0,486.93078402991216,0
398.90943703522123,11.919226014435248,2,0,429.88745104475123,0
393.8004172076079,10.243099383067209,2,0,486.49821621531026,0
929.3794331895409,18.326874852982822,1,0,510.7297424939454,0
658.834880804098,12.064413632100978,0,0,182.16669328824503,0
886.0443351792119,20.57468522670148,2,0,637.6599315662895,0
930.0104827227807,15.495822835942393,1,0,643.1732092290285,0
224.42217303653257,14.494436079275918,0,0,591.0015088087405,0
894.4877504841272,21.060347154046397,0,0,388.1111411384795,0
351.9224829478037,5.000117147904726,0,0,299.05662733243565,0
409.7274170434664,8.110818224618482,0,0,259.74310903866575,0
1858.3903045654401,18.645947807738555,1,0,421.02570777977013,0
1561.9657263501256,12.520142480569008,2,0,457.79166722904705,0
392.4995595351426,14.115830400310495,5,0,650.796786486384,0
1452.685431371209,13.072482354819046,2,0,311.5268820055583,0
6054.118269931939,4.350492030345373,11,0,0.7944332256210633,1
1212.904446552765,13.516252973348225,0,0,293.5826147998898,0
543.0641941147122,21.89428060186742,2,0,345.0729392223194,0
828.3799548588993,20.82434686927536,1,0,764.3890460306309,0
2718.4007567283174,12.401298928662479,4,0,532.6812154919218,0
825.9904778104677,11.325785727376442,1,0,469.70009463420536,0
1050.2374811383156,17.775138967598238,3,0,494.9115053211732,0
1229.1220404460364,2.177423150720811,0,0,928.4190835697931,0
250.57397109106606,13.612494056061424,2,0,427.9538387455318,0
1227.4844332342063,21.76141454688357,3,0,275.9460452593536,0
479.38883704474256,5.475424596355172,0,0,403.9644765819399,0
641.9872903465302,12.145689860974954,1,0,438.0413055575457,0
38.08092897343871,20.344825127158167,1,0,451.82035886033225,0
182.89780120316118,12.157575432116493,0,0,478.5429390392203,0
326.1798984019975,17.874572774569934,2,0,370.4101571672811,0
1374.8663434495377,15.737627470133555,0,0,536.9161012626886,0
1012.2551063139382,9.573362194978307,0,0,215.1806735298186,0
2696.507197525307,11.068861528595004,0,0,234.19633348756417,0
795.024763186223,17.17614239395602,0,0,636.2134741036225,0
670.6345016341801,7.833401318158426,4,0,139.0881585680899,0
886.775266036464,13.940814268798379,0,0,155.3542494440629,0
695.2587552835423,17.534644925680844,4,0,670.4550908196028,0
2020.4743689529719,22.390926894494548,1,0,349.8856885992608,0
367.60742358366565,10.082548291624752,3,0,752.2568453851375,0
536.8662135917491,11.03628135294026,0,0,358.2085233620267,0
372.59898933468844,13.348032238980817,1,0,1011.3868235377424,0
741.9083964071805,20.667834110991727,0,0,285.60702539583264,0
519.3049007513289,11.545580211696205,1,0,347.6866821625712,0
1167.7961462676399,22.171372429882652,1,0,1106.729163787567,0
638.7003228963872,10.270607467819053,2,0,333.7529758200872,0
177.7855290186133,19.208550992713146,1,0,326.7366714972954,0
928.4265331892566,16.91083498368674,0,0,160.98230446651093,0
630.7773912815766,9.350366950654195,0,0,323.74421944383926,0
2436.7983515529863,16.39538527748726,2,0,467.47040897316026,0
196.69959104786,20.051913045308815,1,0,616.570504728076,0
610.3328638944731,13.895100212927744,0,0,1224.2100424095393,0
268.2042314862176,6.557276804840242,2,0,330.7294559299085,0
3190.2389572422626,12.193041797160426,1,0,473.2424334208168,0
924.7562024866651,22.96225411569296,0,0,311.11735889290304,0
1662.1277134779605,15.502080497756346,1,0,587.9265132280012,0
473.3764603832496,17.677342546408447,0,0,490.9073560654243,0
138.036234252891,15.177761056440453,2,0,906.5110157000831,0
1635.252026429385,13.418913683743064,2,0,171.90736234201933,0
2372.210676568844,18.612138753091553,2,0,361.85214719148297,0
179.01123194664856,10.353290705184689,1,0,584.1554117053819,0
934.9368750004555,9.87364727401899,1,0,751.5344120991931,0
628.0214313070275,19.176382830901282,1,0,373.54945535071374,0
195.70974636309796,21.52056418850398,2,0,416.90612210669366,0
245.24265719595982,4.709374931332041,1,0,726.1879293500012,0
1354.0450303454143,13.97294332673646,0,1,514.3983972797994,0
533.484060925868,15.68061451472786,1,0,874.4742854434672,0
14812.089419608441,5.016988519524645,6,1,0.9821197945751837,1
303.4985911202596,8.83485577482528,0,0,221.5821332636041,0
444.0164767652492,15.748152708348137,0,0,427.10075103192986,0
1857.4155592985935,12.397411381670153,1,0,380.57205543425084,0
1116.2648166594493,5.36581925989924,1,0,410.17907716560995,0
11.532116867151599,16.40870516293813,0,1,368.7667841614884,0
535.2224399310822,17.686613078377704,3,0,246.65967281363697,0
1089.5434116574463,17.57707020622022,2,0,283.7224373331066,0
871.4744377596461,7.9795652491440165,1,0,600.4805162464054,0
911.3852869591112,15.401456459829536,1,0,948.8702393309694,0
349.489263016108,23.0,0,0,350.75319336111977,0
1005.0503545828416,13.665735712242416,2,0,525.6527773685434,0
341.9977147320702,14.077114854444918,1,0,178.03589915494123,0
180.99734077667947,18.320785561420266,2,0,227.56503655358173,0
378.22897202122584,23.0,2,0,803.0160810108011,0
1877.0222688706085,11.119874147616661,1,0,515.1601205890687,0
1308.9789805199052,19.662956544609358,0,0,619.299227304498,0
295.84148140775335,12.434192385599433,0,0,109.07663788215827,0
202.2416215259881,17.21060894433709,1,0,561.2812429606088,0
123.12189577696446,7.893564971672609,1,0,259.30714313505223,0
1024.4776694602228,7.719099866391068,2,0,442.667191775335,0
414.50655555049866,14.248306778541087,0,0,553.6763413334523,0
645.7816504981275,8.9995476926497,2,0,626.3977446600823,0
296.0263687642167,3.3253905461949422,0,0,496.39993769710645,0
1855.3359342083825,15.315175909089518,0,0,253.5302213723248,0
1525.232809770833,16.76497078835684,1,0,323.4928018707317,0
717.157187902044,22.574709437746225,0,0,1105.0874561072299,0
1827.4098890506027,6.974180700301087,2,0,644.8762510104974,0
427.50498602295085,12.318398140852395,3,0,459.02234279966024,0
653.8497106186944,0.644690173151222,0,0,412.60724756412907,0
775.5279520356607,20.222744953815294,1,1,542.499136094297,0
400.82828374942125,18.46164826698585,1,0,346.54148788512884,0
1363.605044381064,23.0,1,0,752.2600350216937,0
447.91639284316545,18.812959914229012,0,0,452.05119336972973,0
358.8368509621809,16.58742451440221,0,0,237.3476321795701,0
268.8831125872756,18.691956670297934,0,0,695.0266923599618,0
874.8195190235944,16.817267608006198,0,0,373.4646227287031,0
840.254911776346,13.27699230938909,0,0,248.04247503307008,0
6247.865317996032,5.213518458577467,5,1,234.82741834612773,1
98.80423043853294,10.120678472198707,2,0,384.1156030318486,0
576.7405093152197,10.483965599359008,0,0,242.9164551607192,0
1795.0023603575398,19.444552563326194,1,0,287.2897664952954,0
926.8878894163352,23.0,0,1,553.8287207736731,0
1628.7375454087567,14.123888732483806,0,0,644.1850147143814,0
740.2304437209895,12.772988037063708,0,0,285.21925700892024,0
245.78570001681456,8.98038991149251,0,0,766.3223700244785,0
1825.3176426691896,5.781829288900248,2,0,373.6352428928691,0
768.3358959770602,17.350836310652316,1,0,550.9561775947337,0
577.2289535327677,5.323446482036143,0,0,308.2090895590643,0
1380.2547208402975,19.90159158493055,0,0,845.1337320001835,0
2166.461698072988,14.906355797570276,2,0,375.9540210740583,0
983.9525019522449,23.0,0,0,532.6912994023393,0
1024.73325169701,15.05031806478714,2,0,307.330559876209,0
450.6922808585131,15.057294725258735,0,0,510.1211107800512,0
557.6168926197023,10.962953761619323,1,0,694.7721379192737,0
1246.0711135396994,8.063897951285554,1,0,459.75040666547466,0
1491.3048179063114,11.74666423587688,0,0,320.11093015269876,0
1261.952292357932,15.396922467003032,0,0,388.67545006371654,0
315.55089631817714,18.312523666843216,1,0,393.2858914922853,0
77.17821895941672,11.685847382848147,1,0,331.01132288264574,0
895.242660704994,13.783634055194419,3,0,597.2138872317748,0
513.7209534266871,16.88096375164211,1,0,548.8000002792958,0
812.8356803502885,10.372623415405496,2,1,209.78634793893448,0
721.4574131569067,13.166864459728025,1,0,160.71792327448452,0
1758.6094974401087,19.65839268500609,0,0,421.7359504224048,0
1693.437285366692,19.771781430762125,0,0,219.3449946471819,0
511.25154921976366,12.499221998886172,0,0,358.1129007622204,0
430.1777774450453,15.466356877217152,1,0,556.7965010522896,0
2878.450550374379,16.049043998247974,1,0,341.26346545949815,0
357.7938430366056,11.61950765278577,0,0,373.8314488880465,0
2080.9446967460863,12.238475633254147,0,0,483.71350092359285,0
837.4593913843719,17.372024005284743,1,0,232.91321224942087,0
2746.5591174147207,5.9950377766230485,1,0,349.88553781958905,0
597.6532467417452,17.85697217445158,0,0,390.92980226988664,0
1860.5796058142844,9.719495862813847,1,0,306.39507800244445,0
434.0693096623027,10.965341863222626,1,0,377.41211163460287,0
750.7424299827592,10.373264353967773,1,0,359.00303313072993,0
214.25272393848982,16.899882884786294,0,0,318.36785388451966,0
1160.7068301283327,8.67279130224707,0,1,516.6728998799487,0
341.2036246506336,11.001228809205937,0,0,310.8962784443544,0
1624.7330389339454,15.405825714473085,3,0,618.4995893480523,0
921.3304333134023,8.729472815021573,1,0,245.56957993708917,0
756.6407163976304,13.966411669808481,0,0,388.4722359860483,0
273.1866297497098,12.218937749361865,1,0,618.4341526189677,0
590.0828809230557,17.719122303165665,1,0,492.69075786975725,0
374.1489514706839,9.192777780128106,0,0,558.1300938388019,0
381.1569825671672,16.8889331531592,0,0,405.0807572923835,0
434.0676165171605,14.7898968635263,3,1,177.78625089983854,0
359.8978523836544,17.10241761963644,1,0,722.9751853564678,0
1851.9975996893527,12.143702108029917,1,0,614.5546390780248,0
1201.1060840923403,15.27267150518474,1,0,786.6895602548857,0
7622.168634794829,0.0,9,0,62.16616969969694,1
1252.9062476435695,18.090877627357372,0,0,342.1522480148688,0
428.22927591289607,13.602164755069312,2,0,888.9755778412289,0
426.90260844922676,22.78464529099704,0,0,572.2794103430506,0
1098.9806030567731,10.965659919777725,1,0,294.3428366737196,0
2394.9070113856737,13.362460105454232,2,0,497.07937547981345,0
1147.5987916311078,18.85302088309185,0,0,401.4933500456474,0
404.58596858276155,11.453274518346458,0,0,508.1237921369519,0
126.63451481902474,13.758004746857106,0,0,290.70829242777376,0
5133.769037771429,3.8579785058136236,8,1,6.8099220311004505,1
1216.703532523935,19.53655266969671,0,0,285.8488665552799,0
958.3187806107568,14.500243138888726,1,0,389.5946300552023,0
1562.4293869106646,7.927216788386545,5,0,362.70878049845066,0
281.45435283705945,7.253723700977275,1,0,421.5166954221991,0
10057.341695366762,0.9508927856413223,11,1,2.4333948674270065,1
662.6624038671736,8.448229195291614,0,0,456.5028981939067,0
931.5038642634318,20.879542096494866,1,0,798.6193465657657,0
929.2885260960581,11.998557593354551,5,1,358.1998289876234,0
1500.9124422949014,22.52858880689068,3,0,457.8594440799353,0
1040.1118352851447,16.808555139592215,1,0,837.4335359856037,0
2535.2984140850913,12.474622304488724,1,0,274.17461295304713,0
1305.5742378751013,10.00464471583056,1,0,376.48839740600323,0
660.8944751256876,12.53196420501187,3,0,798.9888898689833,0
843.5639436518859,18.4974998123858,1,0,673.2429124767799,0
867.1271376626966,16.69017419577231,0,0,446.8741091083222,0
2939.4092503333363,5.757162001935615,1,0,505.359846947225,0
1101.3072578760048,5.3433771056184245,1,0,513.7186877823453,0
1008.084823805056,11.767582072027864,3,0,463.25371936581854,0
440.0766242116999,21.294899084159194,0,0,184.17483845834127,0
440.3135041584836,13.573785354302704,1,0,358.6237002835171,0
806.9830610274541,21.17212658222401,1,0,645.5123606969753,0
3332.10651034494,19.707688301175565,0,0,913.3802704875601,0
793.2480815522662,13.032271254162056,0,0,488.1166493128518,0
2095.2351022597018,15.741431238334092,1,0,766.2663107250851,0
1351.168762684124,19.72102579328966,1,0,336.73816465896624,0
1519.358822326639,21.1508637180939,0,0,492.85030283375795,0
579.6111590489783,23.0,0,0,532.3118676399324,0
1252.4203701449962,13.176519762710374,0,0,162.5395606270031,0
762.1574141903808,8.191763071814293,0,0,651.4770586096951,0
641.8810598663564,7.8366872828312175,1,0,694.216931900528,0
964.495566892518,17.830687922633388,1,0,601.7275703199149,0
709.6566046807242,14.743851746247081,1,0,292.94072340958155,0
647.6548585610972,10.964266456363704,1,0,455.9106550713868,0
998.4738012767048,14.614161597981683,1,0,601.4835020269358,0
765.0875313889992,12.991014484991954,1,0,328.8949745696052,0
583.7719872067647,15.674001455697207,0,0,257.94658342503476,0
1031.813580487211,13.060785899681045,0,0,305.88874618172747,0
1060.4859427343433,21.15312198499197,1,0,365.4731479669021,0
490.90282914669376,9.915493740862154,0,0,527.3252870774916,0
412.2517605015706,11.345201764228705,1,1,423.14272346561745,0
497.5349999747845,11.095604309113511,0,0,490.06521678079895,0
3090.8629877543044,17.92627679785774,0,0,818.4126707538935,0
584.2216733594323,17.43728198939014,0,0,624.8664870548712,0
741.9999802629656,13.811291018956997,1,0,611.3827292302002,0
444.1141272492582,14.616773961035818,0,0,368.8161034978611,0
867.7975883547622,6.526648899028854,0,0,681.0532123024255,0
770.9908928160044,23.0,3,0,297.33991300171584,0
1623.2319164921983,9.04643239305953,2,0,350.0006056145393,0
262.48634405102894,11.326245977045424,0,0,405.9781274047882,0
1393.3996780203797,8.172353052118442,1,0,742.1914517768977,0
1555.620324374931,11.449809127428324,0,0,210.94795333853068,0
577.1596837644009,11.04312888304031,0,0,235.5679955297498,0
3122.763960299729,15.164212253683196,0,0,200.45362115861147,0
2479.644698925876,9.44986776728067,0,0,997.5224117895699,0
1035.6136862786439,20.33401804221667,0,0,541.9723787515663,0
559.1629020716751,12.000913344626998,0,0,147.67154435343565,0
2503.080045033449,18.579977815764202,0,0,1061.6550188126075,0
181.29577872726398,16.231267549786224,0,0,224.0566477732163,0
1066.7975803607958,10.058812674147086,0,0,232.17514033237418,0
882.1430470223082,8.527270124405,1,0,521.7987333525513,0
2114.9303828288134,12.420138073178432,0,0,80.69091678474223,0
271.1157307644121,16.14227340780164,0,0,359.25208498572925,0
111.84907148369726,22.70909207479857,6,1,620.7174531356058,0
421.83524432008414,12.467027376788739,2,0,336.75340125896366,0
198.27387049740386,23.0,0,0,512.8573746052097,0
1065.9427038188196,17.76607517999474,1,0,210.8291428582666,0
2255.7411043151296,14.032684238675978,0,0,386.92789163998566,0
575.9603528570544,3.908699233354861,1,0,182.3202184811842,0
499.5683150280178,12.49245330149936,1,0,692.8129651667833,0
497.6456925210701,13.319517706591753,0,0,279.90785876574824,0
1268.9185846738117,15.346586189232058,2,0,546.9800288138094,0
496.6788934363883,9.814625062943172,0,1,240.7975052138191,0
341.14384707038505,18.31921046819391,2,0,564.098658865029,0
1214.1324218595914,4.841743856431869,1,0,527.8692391596475,0
1448.3753185125381,9.600432976384315,0,0,698.9802301860483,0
1622.6975702019497,15.24868033931906,0,0,614.3026439013474,0
658.4168655129912,11.37427638990891,2,0,275.9948136174212,0
1047.1652215302067,8.013011568498499,1,0,568.5022233100393,0
588.6348033445134,16.116174012590633,0,0,490.09107373240346,0
893.1832409609924,21.848172522888568,2,0,505.2111933315539,0
1295.1854510005974,12.00223472001625,1,0,328.04898019753483,0
210.25343727534326,19.182161778725835,0,0,152.21737561128407,0
471.63244913189845,15.989222077603543,0,0,859.3536936699343,0
451.0887941065433,16.87413242230931,2,0,500.9942070151295,0
3313.163145398363,13.137565579130323,1,0,650.8650454986417,0
420.5998041334977,13.850282764711253,2,0,329.95181661901114,0
2189.5453463484046,16.023754294981806,0,0,453.8079221708716,0
904.4543863935164,13.351950273581574,2,0,753.3952990962478,0
122.3712078186137,19.590847074476034,3,0,683.3507472136579,0
2482.7622642351857,10.09869637260601,1,0,368.64669514441977,0
551.9464952731973,13.842191436838556,2,0,255.3042870639611,0
1591.7521190577445,15.37446504455486,0,0,295.89305994293136,0
12.93024256272609,14.237573173806442,2,0,429.1859954066572,0
839.3444423687624,21.762745325733988,0,0,328.9983685646673,0
496.693827380756,7.0885704793198485,0,0,512.8614675834905,0
2447.8920536602677,9.389893108470666,2,0,457.03866516897824,0
844.2939415500323,11.385635933130281,2,0,565.9914427164542,0
998.4060030969116,7.067024967214174,0,0,459.8494548052451,0
1895.5684909803988,14.462656958705386,1,0,608.6575046467848,0
191.0968852012167,12.810043363469969,1,0,904.5914073222397,0
151.10213855227286,18.5185918052496,2,0,1397.1028460399525,0
284.1636389662697,19.551535878740612,1,0,1088.6790535303317,0
496.8706251528358,18.974466674441896,2,0,629.1326765340034,0
720.647739033059,15.780202219940431,0,0,226.78948023374042,0
210.9524611635438,14.791959778762342,0,0,366.78171738301046,0
1190.6583043677083,23.0,2,0,484.85348397298844,0
980.9010534528164,16.195169173476515,1,0,364.3607259001991,0
1148.5422237235127,15.595982223210601,1,0,411.8347106193541,0
704.8737057793841,13.220827549964998,2,0,510.18909806860415,0
877.9057537310607,8.096869773524446,3,0,492.2943803758944,0
758.9446220460026,8.764142923418635,0,0,601.6300763511035,0
422.02140093796606,9.63829857349852,2,1,555.4615767317777,0
458.18087487283606,17.37335767803831,3,0,615.2861481536785,0
566.7031198972786,10.196591300570491,0,0,420.83166137143667,0
1882.958326379125,10.063951561074683,0,0,382.2364292088411,0
609.8458396505795,10.96708990440468,3,0,371.11542980996313,0
749.9898455584846,17.573269902401435,0,0,898.0892151106799,0
2295.421562859973,5.172393555420989,0,0,542.1968596608,0
690.1014371408241,16.816459478855986,1,1,532.4840164003053,0
1807.2131818221415,16.8945651188645,1,0,198.6838508331778,0
99.7062508720964,12.371701597031995,0,0,383.5681709197679,0
1950.8740983625194,1.0582041822427577,2,0,303.0652984049062,0
2777.086685265053,9.240355761618734,0,0,436.5191136170368,0
2262.714822216685,6.820225109859919,1,0,533.0905212288138,0
440.9123794758768,11.55649014883938,0,0,475.70858467776736,0
1036.0606417543702,10.472831379713568,0,0,997.7913624492592,0
1294.2254065786988,19.669712768195865,1,0,472.6543008349926,0
492.02637282585624,14.449170610642275,1,0,825.9690835486806,0
806.9697166513749,17.735311250453393,0,0,346.2086036532765,0
1515.6780953103275,11.022643056691914,2,0,429.77296703541066,0
1235.6044110919715,8.538318510244947,0,0,520.0882824189144,0
1894.3188700012704,14.024906519697941,1,0,755.111062967712,0
462.45756650108115,11.327651620791396,1,0,495.4362137619907,0
645.7966975325375,4.513113347385918,2,0,271.0562847602811,0
646.6618437299489,9.903762436356656,2,1,597.5083991163125,0
1564.6075068913287,8.118090727422434,0,0,460.09474058078547,0
533.6166044766594,9.084835066401231,1,0,473.41144680657993,0
948.304151360898,14.742476529005527,1,0,1024.3180570506427,0
560.1301244555542,13.562991451544109,1,0,524.6199271573923,0
685.3666411882327,16.147025400451554,2,0,602.026511346088,0
99.42118053863982,10.666903612526387,1,0,475.1016624272956,0
1038.732831827982,19.60409324415398,1,0,340.34668235955564,0
3168.2880514518924,13.824840504235754,0,0,850.1771783954302,0
1391.6862433986478,9.739734311787501,1,0,344.05654026431506,0
744.7403168434597,17.483964802480358,1,0,230.51304135301564,0
703.7010134453375,10.435407948785663,0,0,662.7321893143446,0
72.4758282138868,4.008566617311313,2,0,472.58541801262083,0
322.55577395352753,15.572763979286922,1,1,550.234301622241,0
1667.5314188740392,5.375072829343665,1,0,196.11445205337864,0
791.4875637119909,17.10043294749727,1,0,405.1288353064829,0
1583.164926224759,15.027063486093303,2,0,532.0046418354955,0
609.9683205302513,18.03709591191214,1,0,765.6310620720033,0
1320.8663392739652,13.619755461514787,1,0,781.6434059106556,0
1335.7759914207677,17.98155041426768,0,0,188.16964297135615,0
451.1319208972549,18.201710901133858,0,0,473.9461337437998,0
2146.8725885889025,17.289563157963805,3,0,234.88860803162694,0
760.8895885423004,19.40790364182391,0,0,549.2063757822277,0
820.9255176100883,17.226923358784408,1,0,299.9156504842206,0
1336.388820452402,13.524250917005848,1,0,611.7955225145572,0
123.92208467918583,13.791601109352927,2,0,385.2727187458337,0
1027.926525284099,14.781625719777217,1,0,626.0760030185737,0
692.7683979544896,12.41727148395129,3,0,247.6361354953206,0
1200.0895803226695,6.589633622587869,3,0,355.49834671863437,0
965.031262046036,17.846031737487742,1,0,673.6381697546482,0
800.4792440532284,11.180982678478117,0,0,226.8421117634973,0
1125.1697581672088,7.535953550359189,3,0,533.9249633554132,0
1121.1924681178411,15.26784114068923,1,0,845.2374797271677,0
961.8841420021861,18.202838488958356,0,0,1833.4348835789542,0
476.19906024914997,10.753556693194945,0,0,750.8778322760004,0
877.894394709561,10.589890925679743,1,0,507.8314968459871,0
703.0100443303332,10.40983458913863,0,0,605.5791369417584,0
456.8570102636932,19.081439713783176,1,0,809.1230225164137,0
64.95520636381137,15.932230917590232,4,0,386.64947496062194,0
620.5588686461007,13.404570787863408,2,0,624.3853445900115,0
704.1971275256462,15.044596367388772,1,0,721.4073141230224,0
1286.4763543074557,19.806111365770818,1,0,273.0730148917022,0
702.388919297259,13.17976405925898,2,0,280.0506317638352,0
395.33024759078705,15.332230378093211,1,0,575.0720329615133,0
4060.91915162792,4.905924460537598,10,1,15.247346153008499,1
544.668124898206,17.00442224420702,1,0,479.10553008037795,0
885.8787995137163,16.638482516500616,0,0,863.2165831805571,0
275.7400126985371,19.59234705721672,2,0,457.2586374096206,0
795.8596871633385,20.829161443949374,1,0,833.308074088724,0
1432.9968368815928,9.596424844465211,0,0,465.33955292529765,0
826.9946763644491,16.010822782863976,0,0,832.1772988859234,0
1286.9297692486657,12.548483656324047,1,0,213.14524361139314,0
1531.6007863642442,9.696310057634484,1,0,217.96246213237546,0
2094.054641281338,8.322779028314384,1,0,340.74597088688824,0
845.906578298275,18.99574797308593,0,0,545.6174139663688,0
2076.0546608351065,10.222583032315416,0,0,422.113954122565,0
1811.6986038884463,15.78532687230192,0,0,392.42862090917396,0
649.2507035754405,19.811305552855785,0,0,525.3316517362681,0
341.87546914277567,11.99888523800216,1,1,319.3980262305946,0
1294.3772581110663,9.269232094351597,0,0,109.36112550643338,0
352.9105803834239,12.484790895264624,3,0,608.8846002247453,0
1654.287073226204,13.954718681885094,2,0,424.494978931067,0
395.333201865447,9.98611162565702,1,0,396.22731762748043,0
1458.8367306702141,19.222732890715918,1,0,373.7040039581695,0
332.6721597872376,14.288113815797978,3,0,778.5382547012563,0
5551.117674176628,3.4329910260706025,11,1,11.102544035329235,1
1697.5300804572155,16.63074412561673,1,0,138.4455002725782,0
1701.7199912051851,11.914889087108198,1,0,617.2646640678801,0
1218.4317903327885,18.71758409076354,0,0,683.3399837392369,0
3688.736696940546,0.16776283726144925,11,0,45.20361324367313,1
922.9721298189178,16.549656206783975,1,0,716.9413826739662,0
2884.1036554430707,13.251623129933696,1,0,464.30576521494766,0
1446.9180206050096,18.91963454603112,0,0,585.9727350947801,0
2392.853031486385,15.481259659449826,1,0,463.26027447863794,0
121.6496596572332,10.356704294831088,0,0,261.8349134339888,0
283.70289894109885,13.456891010552456,1,0,536.0899916502887,0
2284.5315433733917,23.0,0,0,364.12910161322736,0
1275.4193819466645,11.441019931740097,0,0,824.7437956760245,0
1068.8597689394994,9.211083215485164,0,0,278.5003621908673,0
933.6763485567571,15.33695650398703,0,0,176.53084630420878,0
424.9172874084043,11.712845812458026,1,0,301.05608542015324,0
2070.6200456020147,20.82529160756112,0,0,473.7471038035128,0
1121.6096288943177,14.871978186889498,2,0,434.589700288066,0
3571.997510459401,15.957297489667663,1,0,676.8993549237786,0
886.9062174632927,10.115043941532278,1,0,239.91570432233294,0
3424.586854993992,0.0,8,1,12.421106374351407,1
352.4576286541991,8.193265646413764,0,0,772.8816544601433,0
722.6171731310793,20.10149891502543,0,0,605.2514243229504,0
1179.564776874835,12.520362298956183,1,1,781.359256988094,0
573.0124837943835,21.767974052249137,1,0,892.0680983134595,0
852.4754241882839,9.60491556917625,3,0,435.99360879360063,0
1209.0761110166907,10.75099837367686,2,0,1056.815481525251,0
181.63166179350213,11.07817234603515,2,0,268.4636514319451,0
2300.415277075792,12.71973104802374,1,0,685.390366242136,0
431.99157527192915,9.649117649373,2,0,419.6003107423964,0
45.66170512186567,14.454519286038156,0,0,631.9013732436259,0
853.5459415583406,11.56615883522607,1,0,844.7512767243343,0
1443.80141366481,23.0,1,0,452.21576601795886,0
315.83072139548887,10.686783030859862,0,0,554.9849562082985,0
1828.036406448466,10.311868673645726,0,0,455.7956299091892,0
229.6388351694347,10.603548401861973,3,0,640.2942598829609,0
1446.4237187364402,11.452805278898845,0,0,310.8171017719129,0
936.5531399933241,13.062592562543589,2,0,393.35883291949995,0
104.12454890634659,10.845724806437904,1,0,719.482779141163,0
788.6369618443516,14.563396731245346,0,0,672.5898032467238,0
596.5233400942648,18.03830443839025,2,0,1069.1026954068354,0
1114.250440151767,11.28512146613994,1,0,325.74464917292227,0
1916.8979486765459,18.44929744325467,0,0,596.7803575336868,0
4308.860212492897,12.10798747041276,1,0,636.7125808917992,0
1002.6792568380514,4.994669476410078,2,0,566.8246438089209,0
2141.2748338802844,14.767204765459999,2,0,512.3811813875129,0
4093.618157207783,9.960024154425637,0,0,651.757260147704,0
2259.997426657381,23.0,1,0,351.47942799092743,0
1835.2238715896597,10.847507428766235,0,0,878.9866304435035,0
676.6995215676003,15.030933518422524,1,0,147.94002315900562,0
624.6237357381193,22.275761301949537,1,0,94.42569417500303,0
127.06889397334429,9.203396173905151,1,0,538.2990558047601,0
2102.2859688518924,11.661952332913863,2,0,440.6400753113803,0
963.977696786829,15.172850099682668,2,0,241.83016738156317,0
358.2137238665743,8.0301440848704,2,0,432.6757901979936,0
366.6203283285254,12.806914857446975,3,0,401.28179099322836,0
1383.770267250014,19.99624499206878,1,0,821.9208411231657,0
366.9833821547069,12.609328308550914,0,0,478.0130926650303,0
1379.3020379102184,12.76723196212005,0,0,216.8493426463582,0
784.1024144526284,20.23748361784137,2,0,587.6421193582077,0
1054.4570038105903,23.0,2,0,434.0363396223018,0
379.80202656758246,12.461710293995427,1,0,402.0729259799114,0
460.96824417608315,16.1173124580071,0,0,399.7097937224983,0
2561.9942595466705,20.891149233350745,1,0,473.89246200436065,0
154.77849699170287,14.267573262898336,1,0,270.0107538954967,0
320.95736628208715,23.0,0,0,363.07091367762496,0
1335.0425358180185,17.864440891359962,0,0,342.1064205709001,0
887.3851518157732,4.723747302236683,1,0,301.98801665631436,0
1336.517879680582,14.086187675015355,2,1,660.4432396450418,0
1374.049215282691,13.34202958918337,2,0,290.39266803397254,0
2164.5827831300503,5.661082697262611,2,0,685.7682551187575,0
293.5591724373228,21.079553202463384,0,0,300.8206124979719,0
591.6349894998876,18.583138443614207,0,0,421.595121975734,0
9641.934985324087,9.805141893910346,11,1,3.7924333879887104,1
1138.041821527911,16.843172917814748,0,0,509.585809342017,0
1513.602828767667,21.838251798937517,2,0,312.74170365139315,0
885.4069812373074,16.996138153321947,0,0,242.80946771897453,0
490.2596110852253,21.874671568945292,2,0,327.3823410382429,0
1346.9713465884888,12.124131375822218,1,0,270.2558322839772,0
1745.1710279021468,8.046452840274195,0,0,556.093089554692,0
549.5985590616813,18.972590580142384,2,0,684.9396986877271,0
1143.6589840648926,13.009863902012988,1,0,496.30994177178553,0
1013.9539261307892,12.557417624022174,3,0,383.28613672013734,0
1085.7945403488575,17.946112495302366,1,0,254.6610726417784,0
2114.261233598065,10.238827317362787,0,0,356.3655060480158,0
1391.574058049926,14.148105709784582,3,0,463.4353558078394,0
807.1550032289406,19.702581674231098,2,0,1111.7272611095996,0
1282.5208234810657,10.547359870892464,3,0,557.8731617890744,0
1049.6757604652269,20.693389871165273,3,0,580.6139712035007,0
701.768896112028,21.289352839757377,2,0,226.01261604894077,0
834.4924558052966,9.33919472567319,0,0,186.94588585110415,0
347.4123150853742,14.590138569719095,1,0,687.6946584335248,0
611.857511297382,17.63391239280086,2,0,589.456794839179,0
1210.7683323514818,17.884609273800958,1,0,870.829210308434,0
381.2391674948085,15.059854678249916,2,0,770.0805951401936,0
451.5948561500617,17.997594245367985,0,1,579.996222164951,0
344.24914511478227,12.798715800827889,1,0,184.06489073348322,0
139.51557512151496,6.550319250737143,1,0,566.8727788911592,0
205.77096436403974,9.815219801505851,1,0,165.08319265405322,0
626.047094736022,19.227362502330365,0,0,523.4374965850761,0
768.2838413436675,16.02481098795583,1,0,1268.548529213606,0
803.3342722923951,13.963055650598381,0,0,379.233208652866,0
250.203620558509,23.0,1,0,428.63706698438085,0
408.89734125849947,18.813036370383262,3,0,353.2852399985679,0
1711.9388389566204,16.935571985354915,1,0,754.9024224604898,0
462.9653408935721,11.880293502196086,0,0,456.02734712490565,0
238.61997232496958,10.703504815747747,5,0,1035.3387269327927,0
2817.826230235915,19.494353939219934,0,0,1008.4611146369901,0
2762.57755703812,18.63906839286018,1,0,562.7466730916226,0
800.5158994100967,20.850694524022785,1,1,1066.2077824582684,0
749.609133319291,7.642279639366164,0,0,397.66243551025633,0
1965.9142561462888,17.309697920353997,1,0,477.6901923287723,0
889.735346363753,12.54437060653386,1,0,668.6943602756376,0
2073.35055847678,11.439852428703599,0,0,317.4452822494625,0
465.0756376135229,12.02625189832347,1,0,270.71431153730884,0
2167.580962843096,23.0,0,0,373.3344581878124,0
1569.9740199286796,14.565103551494142,0,0,416.9693101198436,0
763.4071758280737,12.907208308307919,1,0,262.4659219916372,0
1163.670701451192,11.731219411942455,1,0,662.8429196511001,0
1206.0014388408172,15.111888744652783,1,0,271.95897349429987,0
1080.020500086209,10.721243696804304,0,1,386.87900591799524,0
772.1588851688253,13.999693771862232,0,0,394.90166176881945,0
1192.9040478013924,9.979935010228768,2,0,391.08410908939976,0
468.89846944926717,9.526385002806798,1,0,691.5442963136289,0
241.83476105275585,20.843117113492553,1,0,317.55713325596173,0
120.00512250268328,15.994340620655716,0,0,626.5169236599695,0
391.7969212715074,18.205654708834043,1,0,503.6315085888123,0
2407.908734709081,16.86716895843991,1,0,432.70316792656223,0
234.33475091129986,11.054934803426175,1,0,536.8050469235726,0
9798.133945327421,5.32532915675215,5,1,5.344798494663544,1
1083.3238610474855,14.758979744362502,1,0,936.9225791425663,0
5980.2075928284885,5.68069837394537,8,1,2.0970205742478,1
1294.7742658624766,2.816774233896423,2,0,479.8605862511714,0
957.1378872327707,15.275615440617251,0,0,463.82305343139774,0
2859.172970594594,11.527726985897736,0,0,539.4920503139912,0
1132.5910656873848,13.004418807754899,1,0,191.71865740959018,0
804.7892294282948,8.120701147063777,1,0,963.8724611097107,0
468.5483694644228,4.871824564915002,0,0,421.8140825288696,0
1609.2867228925713,20.16433395693357,0,0,91.92972121275334,0
517.1934008762075,15.654264391313731,0,0,313.30366164998253,0
727.6541243498668,13.259147976228848,2,0,711.9284138661369,0
419.3035546456686,21.312651913457223,2,0,1232.7489144073081,0
1329.293767235805,8.139134764867809,0,0,292.2916755038117,0
1318.8990820108363,12.739384206139619,0,0,940.6007498474729,0
421.13392129382913,8.927891883582074,0,0,615.6857263532222,0
584.0318389068549,17.43686621118752,1,0,344.54387155223316,0
1004.5395702551183,11.280301165142031,1,0,554.2394995608722,0
1440.0347494803887,17.456781905402625,4,0,538.5534631471389,0
427.3376060375712,4.463904644960401,2,0,387.4568656229589,0
64.11511432481622,18.576591501360756,1,0,386.5363068104768,0
551.7546264356714,6.844066170765565,0,0,688.8564709048474,0
904.4431042922643,18.955235234637257,1,0,430.4502114076109,0
651.3102661466511,8.942148621478047,2,0,642.4202805712796,0
388.9085688662598,19.725007392609925,1,0,335.2223041324528,0
321.8330823942838,14.73711220711306,0,0,358.16947661876395,0
1570.8049881448608,13.473309386042368,1,0,623.7130764286313,0
107.08241961019544,21.3497387809542,2,0,294.27074059944334,0
1451.5911695505993,22.949682431531414,3,0,790.3122585389267,0
1618.5513029159024,12.788799204692468,0,0,808.0816122064125,0
563.4951971746545,10.37024049850376,0,0,487.8132660857636,0
4438.341191856732,12.077025807924212,0,0,346.90771668434036,0
1387.9682931563257,9.457649828493055,2,0,412.7887879809164,0
2542.514488867495,10.004318995717677,0,0,338.00301205626783,0
1233.0824359714886,14.103543418427018,1,0,261.959047311202,0
377.7547219952656,15.486435473799865,0,0,792.5071978182518,0
1146.8814852877626,17.50414549912501,0,0,215.08054701475493,0
185.166924929505,13.695302441070016,0,0,297.0560910022591,0
820.5420742037359,14.973037992305121,1,0,344.28967214123406,0
1328.8844015534435,6.751257745722732,1,0,541.1014941860409,0
1048.5959799941377,8.809465067694829,0,0,297.381647271181,0
298.7535675686269,8.515359541692447,0,0,360.7309031730142,0
290.47246357162624,9.586605889197017,0,1,241.83026103021567,0
189.58344024847221,18.85959346910122,0,0,412.00160923332857,0
1257.5119554691737,10.794437862277737,1,0,700.6836272245798,0
678.3545795209338,13.165393332053588,1,0,543.9153083587296,0
1014.5223169163855,16.370209782808292,1,0,1091.399359902,0
544.4222482415983,23.0,1,0,597.0631354501016,0
1587.3646823356282,13.755613832402029,0,0,443.15320995900277,0
1277.3065826295535,8.583991584076994,1,1,818.388036776894,0
865.5817938306631,13.218274132504071,0,0,955.499463583355,0
1238.4122110228882,12.618948093998371,2,0,800.640465058575,0
1037.941341366165,5.8158607892356855,0,0,381.70732367244915,0
874.7938210832486,23.0,0,0,622.3643634998642,0
831.090818683661,20.702195679825458,3,0,521.968747631757,0
482.6967877205523,13.080477097277381,0,0,689.9401193566035,0
654.5444389700159,10.259210313507046,1,0,716.939177241962,0
679.3877392375816,18.799377306424446,2,0,186.5516609541649,0
1949.4465689958768,13.76449146053227,0,0,192.05349987365125,0
835.3010776662569,11.649774074225657,0,0,833.0279840971139,0
977.2384677369838,16.94641716478798,2,1,401.3934970629645,0
81.26478088868959,18.032377775011327,0,0,227.15705573309268,0
1074.242256183226,15.84632767328095,2,0,767.7139572177066,0
1864.540655720326,19.279360706780295,3,0,574.6289326047379,0
2512.5480526675865,13.137378133366267,1,0,467.98159603339275,0
969.7098101385359,15.458635835336855,1,0,1460.615077389538,0
754.2187676457461,18.240435794004622,1,0,432.63806560884916,0
1035.9228043237042,17.539422572061156,0,0,183.3989979204071,0
296.3764700791048,18.417467135525975,1,0,301.3002351342966,0
333.74772436342107,14.290201510321202,0,0,238.44159232106978,0
1746.1090536999923,10.335934194481505,0,0,280.8535514384288,0
6538.7982080376205,10.069759239921416,8,0,40.71726278611103,1
404.9045404082165,15.261649866858379,1,0,408.2063177900087,0
966.7328350123588,18.34881029088146,1,0,1250.368591769147,0
459.3747171325353,18.843118928529186,1,0,392.5170762339836,0
452.3714218154973,10.251120624840947,0,0,619.6779713554572,0
1654.1362259374775,9.656353836041355,1,0,119.7131974931111,0
1783.9453807516556,13.689483000953564,0,0,237.66434875818604,0
2153.6449572630754,20.026847778922452,0,0,337.3986967824766,0
845.358196232066,8.733774199330643,1,0,407.8661485074831,0
799.8988447518449,18.372938229049037,0,0,408.4404858633914,0
499.0750064147181,16.678187942325817,3,0,534.5209971759439,0
792.4896292160198,10.916875288690015,0,0,283.4635827845443,0
670.7534568529803,14.88987417093627,0,0,251.75974967765308,0
968.4634913881226,15.211221162448249,1,0,260.9248857627212,0
222.14484497904763,18.174085793337937,2,0,361.4811215624336,0
478.21376642141723,17.00541369053882,2,0,362.24802870714564,0
1155.9507872519396,21.292713828302418,0,0,258.69519055693104,0
1152.394870212498,19.47936727488413,0,0,387.5315240845528,0
443.3435365636337,11.99632100691825,1,1,624.2836573097701,0
634.13368063763,13.257886764204,0,0,663.0977538857451,0
2047.4022288512792,18.708744276821854,2,0,636.461267003931,0
742.0886899055129,16.37624964502917,0,0,433.4560988081801,0
3670.1307546038574,3.4155185478721113,10,1,8.73862133315962,1
322.2568173031743,12.566468390981735,0,0,647.605542417621,0
703.871369489928,14.908000695646406,0,0,410.061931905718,0
2220.080840674059,12.88802924460172,0,0,757.5653851331882,0
1545.3042671127005,11.813820289208127,0,0,235.82105674268269,0
572.6987158168573,17.22128090405396,1,0,234.36691192033612,0
2650.0197382139854,16.25711909398115,0,0,284.9966231566402,0
65.0705730735495,9.68666821055734,0,0,612.7209405366555,0
327.6338479289338,17.695593263866005,1,0,966.1648394280755,0
511.4288668870786,21.846205906423542,2,0,480.7541160165823,0
1595.3533989888801,10.620608178238443,1,0,398.738851394434,0
991.3045989051254,21.29664825800766,0,0,281.7316111308792,0
981.527941586071,13.842688877523177,0,0,690.536527112647,0
352.0237173083486,14.65556098089217,0,0,641.6685592141755,0
1000.7157028239533,12.29802421642068,2,0,502.51105206542394,0
702.7609368490336,18.652553827680507,1,0,424.69851607239,0
272.74802172794307,11.136807402878983,0,0,575.5374834763587,0
600.9349813040317,21.30278317791773,4,1,659.8374230816042,0
2732.332714034063,10.980569749734729,0,0,301.23330237049595,0
2513.787147381774,8.322409774055025,1,0,597.7926034918393,0
1095.9741926933275,23.0,2,0,591.4187136250589,0
1053.151743784424,15.944792680201449,0,0,369.46468354219627,0
394.7665662151307,16.62101286523589,0,0,273.39983868592543,0
2846.792114841613,15.714921706795534,0,0,279.494324959329,0
603.4706725097474,9.707541998772697,0,0,638.4592001223556,0
649.8929888309651,23.0,1,0,772.8875153633982,0
274.4442333443523,11.334313661301199,2,0,622.6464552793816,0
991.8367435072686,15.918221924848206,0,0,312.11664184004405,0
576.3309792862858,9.291911172081491,1,0,753.3040524383574,0
948.5638881265772,15.166437907786896,1,0,252.84031066046614,0
244.458320182324,12.339111030346308,0,0,850.5385961644761,0
656.936698558673,14.997969615415947,1,0,1274.4815993432385,0
678.4332237260097,22.100558025032186,1,0,387.42793058207593,0
2364.842723344773,23.0,1,0,141.37775553212143,0
513.0476086394017,4.690903702391395,0,0,599.8468452232254,0
608.1671619785723,23.0,0,0,417.82419688408527,0
253.99625851069135,12.652946908336661,0,0,953.614207542484,0
397.1993138930623,13.892908525238317,0,0,224.90027824677378,0
101.82670064738672,6.3146600646556825,0,0,277.99656800672034,0
95.32087185836437,13.991936638027457,1,0,427.8001901585232,0
446.4350051649492,22.7063602810956,4,0,463.9403025157587,0
1813.580987980743,9.527778999064097,0,0,409.5740705330206,0
304.2543983910608,5.260577026690722,1,0,339.311014033276,0
454.09386477983105,16.496292427908323,0,0,698.281216109605,0
495.2429206203049,7.724009425420847,1,0,444.66077183360323,0
1132.8908943196284,15.004199193405535,1,0,413.4318240628488,0
990.2955674520439,5.952489380541355,2,0,1091.3821064731958,0
285.868493960106,14.01886928277603,0,0,504.3610108593436,0
621.8642266433526,15.730829105273905,3,1,513.0785769594531,0
22.891290342343268,20.20567160007401,2,0,615.6646222893859,0
1199.4298479161612,3.593293056786443,1,1,428.97972202186673,0
389.1301868618629,16.598187341342953,0,0,153.70519779434304,0
1949.8507357972749,16.78931514943807,0,0,366.010068978353,0
2054.321733779761,13.460003742371734,0,0,322.33310591753536,0
145.6907127751644,8.418549148494304,1,0,554.1682985041309,0
525.4575171541336,12.127997760005467,0,0,646.2105205638187,0
1014.5653258699703,16.050757838567968,0,0,260.6166315369532,0
1777.048571486306,21.11070905774044,0,0,470.4383237847146,0
659.5620932523457,14.763911835501178,1,0,877.5400874654796,0
781.150286746233,19.408275908848402,2,0,497.8495670326267,0
241.99526418891125,12.778502973679924,0,0,226.84787139765078,0
224.28529224572037,11.469012616786912,0,0,620.0099134132666,0
966.7567856493331,14.741014843139489,1,0,519.8158301968577,0
239.49071376833092,12.677598256156887,0,0,461.24454951394836,0
1305.2913792149109,9.24577332770465,2,0,521.9910981378906,0
1423.375667603877,11.146994307558423,0,0,892.4646024037015,0
506.79763898306794,18.822882473349935,1,0,526.2291634003866,0
1061.0331789231714,20.022039780653234,0,0,309.2724495066893,0
1380.726256521316,15.387769850799309,4,0,568.7343119449632,0
416.8594569333801,14.13555476569456,2,0,306.7258955723328,0
967.8475817873539,16.079613295287952,0,0,600.6384416363832,0
729.2984292337231,10.23621251571447,0,0,374.3321035117971,0
1606.1312413198395,12.961854317370621,0,0,252.17104126527897,0
204.13802596870508,6.294834654497686,1,0,557.6553146564833,0
1139.5803942703174,18.764093886117273,3,0,343.5557383831049,0
796.183005345673,17.754160546734077,0,0,265.87427159465756,0
977.3728270122699,16.983476904552422,2,0,385.79948990470695,0
397.6429664358105,9.684964309985041,0,0,479.34760126392933,0
321.39226831075416,10.679436426851433,1,0,442.47720199392137,0
184.23556308597068,18.49520766418562,2,0,497.7547182058829,0
1048.4142794963238,11.557769543306746,1,0,393.9117107894102,0
2503.8620443955297,11.770852595122323,0,0,280.91000126880704,0
1390.8762903445547,9.182504697419741,0,0,632.8393516225144,0
61.824805357424765,11.60816641706031,0,0,153.6952952079198,0
1211.3104949202414,23.0,0,0,767.6321979199436,0
1068.0146877849725,12.600447134147593,0,0,494.23371609956763,0
534.6029685456288,23.0,2,0,423.96771375909077,0
1133.4825148909144,13.157270420482211,0,0,541.3618635822143,0
826.125182666043,15.145164802990692,2,0,747.3518921498844,0
698.6843441404875,16.997205076531294,1,0,390.1642394998593,0
609.0232738203619,20.638489314658333,0,0,521.4300987852438,0
2652.7519950865712,13.205838197090456,0,0,120.58341355262631,0
394.89508787824894,10.162267493849235,1,0,1049.3707844655607,0
928.381744317968,11.94396594714592,0,0,190.89270103267967,0
1073.2933688332412,15.013901814024974,0,0,729.9316974104713,0
623.2427381684665,23.0,1,0,772.7205998836007,0
866.6146869241497,14.931262299506331,0,0,288.4932969029218,0
440.1121412375572,13.42000636919707,1,0,339.2130120519974,0
1300.2923870528803,20.933903286426055,0,0,342.59162770296314,0
811.2207345689053,15.981908612546686,1,0,307.25574596111665,0
1546.9817595741968,23.0,0,0,475.92608948003704,0
1614.9873161645255,11.65740035369974,1,0,458.27201835500813,0
906.9750257061356,18.926446165555113,0,0,468.2945497172031,0
3959.1135397784346,13.07772764672716,4,0,594.4923056402116,0
1265.6731796966656,6.468925645467458,0,0,367.72447798278785,0
527.1021641636645,14.739978047700138,0,0,330.87618970754215,0
663.7953618108767,17.94235520006595,2,0,884.9540022796971,0
1006.9816931995462,19.371689388385143,0,0,342.435725431956,0
1033.343304365316,20.324018091085918,2,0,521.2093993771471,0
1248.5186605348572,10.814026413702218,2,0,516.8496156512012,0
571.9320397529467,9.288694030530195,0,0,706.2125013413784,0
400.0185696019231,11.495043651347915,0,0,325.4649494131375,0
1060.805985202936,15.398838538641082,0,0,387.79833012025205,0
2242.7385429315623,15.13507868477953,1,0,564.349961858114,0
328.9337642398305,20.257896913413482,2,0,981.1130952274743,0
1605.8184219147574,13.298133321942876,1,0,449.1097167862691,0
115.69044921724277,14.955038171477337,3,0,287.3222888615932,0
205.26212662923132,22.82485927063222,0,0,396.19139387874725,0
795.8012841943812,23.0,0,0,444.28821441286505,0
1727.547524078351,11.185978343510543,2,0,787.0377822703306,0
258.9909347855823,5.159593788066928,1,0,693.5189988693674,0
905.3908758975118,11.335742295699077,0,0,662.8051616435082,0
948.2370923220167,19.753516373333643,1,0,635.269934820721,0
2828.268427154383,9.166549455374867,1,0,341.52715635892247,0
845.8270864919918,23.0,1,0,200.02646051066836,0
295.55355118080996,12.12608103093384,1,0,394.72769584058733,0
1140.171763199775,16.0086281886308,2,0,232.51153531063574,0
1330.8081617330272,10.031917501733112,1,0,685.9561765778531,0
971.5345565351034,8.471098569701484,0,0,527.3832149305473,0
1441.3307744961655,11.280992022693168,4,0,728.9765966035832,0
753.9197540084833,8.812040642551718,2,0,400.97183200137596,0
347.0281703260802,18.24436915142524,0,0,516.7760314705969,0
565.6879299284053,17.989259127391502,2,0,950.9200656858221,0
860.1982243328797,8.40537861511991,1,1,120.9212083550365,0
315.5938274146119,20.982328502278666,3,0,592.7117120807569,0
864.0640825295702,12.458428153950763,0,0,474.86982264539535,0
1860.7763750982442,17.672408279889687,0,0,369.8255062084656,0
1533.2475327749073,8.590270604105177,1,0,704.2451951025239,0
492.0280679609482,18.628812252284888,2,0,352.195006501799,0
1835.8924434794353,17.136863350937112,1,0,699.1455960134024,0
142.7044023296936,5.463794323973163,3,0,177.9917228402369,0
1335.2494392462459,15.482337830246127,1,0,895.7704316400202,0
885.8414170783482,15.562274280758622,1,0,466.8720008177369,0
1818.1781595440248,9.714326447827295,1,0,507.8089714524715,0
1259.0753769316552,15.326640274999498,0,0,488.4803087498598,0
1935.6457816849293,16.283207636539725,0,0,438.25559772879126,0
232.98475431582276,14.767105977519593,1,0,308.94234253858065,0
1603.7488086635774,7.459392115137568,0,0,740.4380114520461,0
835.721156309067,12.84273892506173,1,1,314.5130546514268,0
849.2549187731581,10.915723334482113,1,0,400.6687598880186,0
282.950248568128,12.177865741944686,1,0,378.4399718997075,0
1115.051870027127,14.165687310950556,1,0,278.2493348012443,0
1625.620979168854,19.438958557185543,3,0,882.3822096265875,0
1279.8516787096023,11.718829976957528,0,0,263.8922017723127,0
960.0392537000055,16.751902350765107,0,0,452.95169414820106,0
1110.1104361966957,17.032463130793698,0,0,285.787937818762,0
1086.6208940546771,14.758745704877501,1,0,214.15032847537384,0
322.59708542034264,14.14453296662897,1,0,253.09518843673544,0
952.4932636965343,14.21820066232869,0,0,502.87051570740493,0
653.1737744145556,7.271860408359267,0,0,390.9386895467675,0
428.071307486178,16.589866881450828,1,0,447.4026175287356,0
1906.1385496165894,10.4280672014799,0,0,549.5586818249964,0
2278.268458084548,17.08842806405649,1,0,614.8778429703398,0
917.0027363051216,8.603137436796727,2,0,266.89124798468055,0
1114.7635476538617,16.39249865897945,0,0,100.90672227100829,0
210.69884548272907,9.275597494379923,2,0,483.2670174918734,0
1137.992412720734,7.668206725767953,0,0,387.1939680121044,0
1910.3143884676663,21.035496445805567,0,0,302.6255053072122,0
696.2201682013766,13.76995585643694,2,0,397.79515931850784,0
492.3262401191756,14.697687345415197,1,0,826.2919457580473,0
82.88561182608032,5.480843324168909,1,0,331.9442258588811,0
927.3616915295713,7.045971661123979,0,0,503.13288821821914,0
428.47441072333135,17.828151690858082,3,0,176.6371081097634,0
2266.3269500046645,20.18855348074834,2,0,566.3607683503218,0
1596.0994430239627,9.720592468111837,1,0,247.28600303359576,0
957.7302860570292,10.52748419307595,1,0,431.8888431055335,0
560.9564467965961,14.620277089192694,1,0,532.7963837350146,0
2375.850560002629,17.445947993490744,1,0,384.1158075142558,0
911.2460841667518,20.450800118829967,1,0,794.0766946332095,0
642.2784930899483,9.356184997745775,1,0,717.4945679936443,0
512.1364531233886,15.008331237433879,0,0,224.669262871156,0
423.47002061427344,9.743883041684368,1,1,310.34022131034266,0
2677.2241593522476,8.206724513385417,0,0,504.1273056438892,0
821.4401871197542,16.28835805596793,1,0,559.1256463641142,0
186.80117964701284,10.576851014112247,1,0,260.02119652857124,0
747.0835514555023,16.124512658931923,1,0,307.54492670937566,0
339.7999316470607,17.698612432437137,1,0,337.3100351181568,0
854.2361462299102,11.080231151648144,0,0,168.08528784179964,0
483.1407382042499,11.844500052371536,1,0,765.770686675749,0
212.9583482952668,9.775000454541875,3,0,593.0042465874374,0
725.4222915185352,16.686827124674124,1,0,707.0972414413378,0
343.11624560485353,14.27319720822519,0,0,723.4483307197198,0
819.9140942317639,18.533241929046415,1,0,173.9522628375749,0
968.9973353744057,10.271181279446669,1,0,328.8027365814163,0
357.25449941319124,16.56605525210426,2,0,593.3478842725242,0
860.0265934211798,9.611517432417198,1,0,722.5576048484903,0
1630.7772849463126,16.862454402260685,1,0,426.945369601832,0
721.5456448365092,19.69593156675386,0,0,635.9770334195331,0
2565.5001597732544,16.946141424433186,0,0,249.77176267155113,0
128.339015421736,6.5292510242872,0,0,519.5315745631199,0
1541.1981936485022,2.000756432721566,2,0,381.4206612552285,0
1807.0663715889102,16.15154782253309,1,0,463.4395901119622,0
401.95751754348896,18.47720445474162,5,0,434.83532032638254,0
1824.1191732989191,15.850848174101685,1,0,241.90756360663582,0
1001.6708758224933,12.881653629010419,2,0,404.77009299186494,0
1618.7951914485636,8.061109041007043,3,0,494.6623413001496,0
492.1768676451381,17.790136893802355,2,0,586.4976851910914,0
1400.468501980454,18.48598776136773,3,0,264.03889974328376,0
739.4511273670254,9.61111346782095,2,0,133.91612311762833,0
2019.4213332122874,10.198688001482603,1,0,816.4422618122966,0
614.409730865399,18.728337239424555,2,0,746.0427290896977,0
259.36491135905675,9.971070515130535,1,0,529.9471766994193,0
2797.7034128917876,17.936875691119965,0,1,520.703133360406,0
400.4950027113118,8.75676926952971,0,0,487.74249692533544,0
991.2314790861867,18.56913328072775,2,0,386.2025325137598,0
1687.7863475873626,17.81416320837242,1,0,233.2743142180855,0
975.9904837826073,21.762401868925366,0,1,470.64948468948637,0
549.0550243848488,15.366598222559634,0,0,463.82198032070113,0
1015.2937440500496,15.730734719762006,1,0,660.0289513633383,0
2227.0228019523693,17.727307273727504,1,0,541.6310520635103,0
807.1169265046472,13.050824359682688,1,0,411.6347410437598,0
2168.711216247739,18.069202853253444,1,0,483.9984784235316,0
2488.3058195614162,16.007490752731044,1,0,432.84112097672863,0
812.6718384168103,8.613055180505317,2,0,242.36857812507907,0
854.5796595207219,16.85126361771812,0,0,484.9312593803001,0
807.825686140005,14.343257285371418,1,0,877.8765306690786,0
107.05254095300032,12.843120212549806,0,0,307.7858211149261,0
1180.9548773151525,10.953503027468107,1,0,776.4516389755079,0
178.28850706534857,11.416347812390729,1,0,360.73789374688346,0
978.7353895695567,17.73158261279563,0,0,450.946007591108,0
1722.0620560131022,20.077352710398937,1,0,306.46660835160753,0
370.11660830534277,14.99510556381366,1,0,399.49784131600455,0
916.1614321971805,16.523906804575354,1,0,698.0597927907628,0
1502.2457122271858,12.154999053742339,1,0,473.85044002876276,0
608.6042573170585,20.081469425486414,0,1,671.0036304948352,0
415.3320451438881,6.556636581090714,1,1,228.48792752821083,0
47.96956392421523,17.35738835716043,1,0,563.1873640509584,0
203.64705131753576,6.536244120469875,0,0,297.10493171106674,0
1690.9798811769033,17.527742823979935,2,0,776.125826209444,0
476.5597664854497,22.516354630086724,2,0,556.3738338057587,0
2362.8868026787372,9.594293455611188,1,0,411.43155462998254,0
231.1575981793011,12.986399852816648,1,0,535.8882086942172,0
1482.8370277485549,7.758626219851368,1,0,370.53982457024296,0
1093.9275389482984,8.36071876927122,0,0,878.7477934024682,0
1717.7855061031148,20.441052355330417,4,0,312.8923968091421,0
592.153941552852,13.35052694524396,2,0,898.2615771084095,0
1398.2475765372697,18.076584426039524,2,0,483.14262420931755,0
351.6214140534499,12.741797426576099,2,0,474.9949575220397,0
932.312313337886,8.731816929768065,0,0,433.66243152517814,0
834.0500048973327,14.795181323658674,0,0,391.54713655408074,0
1372.215544455351,17.478433555380626,4,0,726.3028430330737,0
82.39193498854972,9.909605063470114,1,0,401.9529194915572,0
526.084920223448,16.77647095006808,0,0,407.5236124165122,0
730.1409877172698,14.436149462097102,2,0,683.3222058231645,0
270.8374319038393,22.916149458722593,1,0,599.4601300001999,0
426.4814951331393,17.93776703402524,2,0,462.9457494223205,0
2129.8021834516776,9.341457029001889,0,0,67.6453778069218,0
566.1882191779088,6.547670029730742,1,0,322.0719736704307,0
313.9598947621438,15.768397977528522,0,0,375.1751477765486,0
1643.872721392027,13.45707919109805,1,0,794.4268721179936,0
1790.1841233376647,16.410198986098244,2,0,1086.674522109121,0
698.7029681387484,14.701025630856225,2,0,1050.0064610934903,0
360.1186546113872,7.1606411152728455,1,0,541.2795417158598,0
1015.8221274680487,13.23727526181441,2,0,639.5038326459143,0
1148.4549621454826,11.596597950117417,1,0,498.11486125656427,0
354.5750410211701,10.674057296333272,1,0,380.5119973848035,0
1201.0663980986035,15.655379454952449,3,0,394.63028512768204,0
805.5395760156363,19.494849979095687,2,0,534.9017857820448,0
1000.3033595360927,14.106165328879106,4,0,547.8782150491304,0
940.8377982037281,6.757345289831498,0,0,422.7968940972199,0
1270.536045425453,8.484703679344928,1,0,672.9296054627464,0
1682.3862651639247,14.262390285852256,0,0,377.8700505442342,0
1614.551156299074,7.625742144938488,1,0,229.83680195388808,0
784.312341650717,6.13282580504743,0,0,814.1204527158862,0
1105.7518073857948,6.441267309559178,1,0,533.5882492111201,0
180.21658741478595,15.723311523219913,0,1,696.1035238670843,0
596.2773352229151,11.523385090080646,0,0,260.65575478234393,0
1908.6983174778597,16.56818694500102,1,0,484.98644958442026,0
2881.628668907882,14.173307160285926,2,0,481.08278002648416,0
181.79881733792726,17.44331147573208,0,0,695.6530937450548,0
1709.7925543370918,12.24258181919415,1,0,573.5452337377174,0
2055.290094017797,15.874720042798472,0,0,319.7968171664348,0
358.6893833320974,22.775418028807685,1,0,314.4123531823924,0
173.06323800009406,5.938211845373132,0,0,250.74358327970282,0
378.7015937552988,22.129889800031993,1,0,450.40750776030023,0
19.891064850397747,9.053943080953099,0,0,677.9153424482764,0
1131.598279553703,13.272161751285578,1,0,630.3237795132152,0
1731.1350333934965,7.742386028477345,0,0,407.31178904564047,0
3157.6914863365937,11.272231097942363,0,0,889.2567777333985,0
1953.8996376156701,16.636773733761817,0,0,354.3121573207459,0
1105.352806322237,11.964840865269704,2,0,416.0370384100381,0
1035.6787283400631,13.138989177103698,0,0,738.1777306044262,0
878.5037271023888,12.936635716552411,2,0,622.9102046267641,0
1283.9134245580894,19.524349773493547,2,0,332.4842771962497,0
624.3236067343327,14.714610628449794,0,0,557.4465137841452,0
1121.6899799607347,11.113720895041268,1,0,221.3122762427855,0
922.1454353404846,5.225645742288744,2,0,540.9677430924536,0
674.0747095414368,12.504024249153392,1,0,416.7475363435461,0
1379.0782614334548,14.664642324137505,0,0,686.6300978214044,0
432.80778984354157,13.739682294003755,1,0,639.5202131900218,0
1889.0070471585757,12.36315654528124,2,0,802.1376961714058,0
3196.676163392528,17.964808027227374,2,0,601.7449805351863,0
1615.8358050346644,8.606653619680543,1,0,557.2842064661434,0
866.8202327843258,14.69611699231808,0,0,399.2093436527765,0
670.9866101331731,12.62408781306827,1,0,354.51618651096993,0
1161.0873409963972,18.398304986844686,2,0,492.0760803879685,0
1598.3140120629691,18.160215229648102,1,0,531.5998250209744,0
1028.3390855624905,13.154325196640176,2,0,575.1660369026725,0
275.88750696534225,12.477784645803395,0,0,664.8682711652706,0
306.5473608255016,19.069205805340708,1,0,442.08714086407974,0
3157.43501169123,8.459064460307687,0,0,477.28021075158733,0
1522.8877026067441,9.721605167370987,1,0,641.0539193544486,0
819.0851354315947,10.081199153149154,1,0,397.2563315277509,0
993.2652477912857,11.253397348583734,3,0,612.2577803481482,0
934.3207712858381,20.307304019944024,0,0,269.70257108383333,0
242.72684854976856,12.037191613212052,2,0,235.59334971028036,0
1177.490780157,23.0,1,0,616.2208055494464,0
1059.3675274446991,14.065023819916547,1,1,810.4018912531011,0
483.4737646331051,7.820389132454035,0,0,728.2809292668372,0
614.7039051705628,16.20972191904189,0,0,477.79471678845414,0
246.19328249893655,11.2328437701239,0,0,305.43692985589877,0
590.626320677666,16.076477406269596,2,0,405.028580741228,0
813.2037272717838,17.637736868953102,1,0,738.7560935879629,0
1314.1885498746456,7.575156268490228,2,0,263.81888807151245,0
1976.136323763934,11.644732148075526,3,0,706.6765728734372,0
19813.63347136351,0.0,5,0,9.536272796138697,1
787.5342406879919,18.77294920255168,1,0,599.0786982447715,0
250.0866200619678,10.265048108964098,2,0,298.9767223142834,0
131.62197583555096,15.582178417132262,1,0,514.2185107361086,0
1088.2849506158857,19.173498480436407,0,0,686.9676845495338,0
606.8610677161178,22.553878888471935,0,0,411.769006616019,0
133.76137781267113,8.028304176903625,7,0,503.09030551084754,0
120.51289048946329,23.0,1,0,159.98853503684057,0
2073.139512063484,16.132839558918388,0,0,495.4734259545279,0
293.5012207025405,9.31882897121276,1,1,335.8201481490053,0
554.4055470472808,15.11021774073036,1,0,276.073523843995,0
841.6416464338055,4.429970859932563,1,0,674.5647887012577,0
2090.4509881234203,15.196450573901782,2,0,879.4136140500079,0
3590.0469348901443,10.307926475985608,1,0,509.6315327241232,0
865.0479395465495,22.919593033037422,4,0,596.9624272387233,0
844.9120978339535,15.849972536137603,0,0,389.22630859251956,0
639.2174586154902,9.55373918764541,0,0,245.79808118831045,0
890.7994083523861,9.493501461898429,1,0,428.9291652029262,0
424.37911266536327,12.383715234756963,0,0,537.530301354951,0
933.4980680288431,17.275501358112653,0,0,850.9351554866191,0
653.6907174917371,21.94723468052354,1,1,365.70804463235726,0
1062.7298233124409,11.703324379737168,0,0,235.26522393599376,0
8802.233983463555,4.722848742685896,9,1,8.129531401418475,1
1358.8409724998498,18.099995679586296,2,0,706.388312484178,0
2150.793060887499,14.009165002972408,0,0,539.926412589122,0
695.4961861512046,11.5369856444884,2,0,485.2867547595035,0
279.72234632425335,17.654677170507888,0,0,484.38998847945635,0
171.16004295299632,14.047631886099012,0,0,257.5518677572702,0
1058.4065381715886,20.28838488926602,1,0,1093.5674590230046,0
861.6445024238101,14.582071139453369,1,0,310.93888443335624,0
534.9983845745675,15.274096091734991,1,0,619.6706787968641,0
788.673804566067,10.916243279240339,0,0,502.28612138833284,0
556.7856985331053,11.332273313079732,1,0,437.4570251037218,0
1117.5840833736415,9.369689178254934,1,1,570.0147891283236,0
1365.271194732348,18.174178687923312,0,0,722.625199324206,0
691.3864481682618,12.669479723768914,0,1,603.9118472335122,0
1572.5870313445243,8.653955374652844,0,0,578.4724456107901,0
817.7545679507789,15.00969951667741,0,0,601.3008546021607,0
1008.9992795736226,14.886641815705719,2,0,531.7065058620085,0
1861.0802184721247,6.63359913553154,0,0,160.70549598388988,0
1184.9931457516902,23.0,1,1,232.64930632957737,0
5773.309794722774,6.425862344400471,8,0,33.90179175938252,1
1128.658313097072,10.231112707211942,1,0,697.8190679625068,0
176.53411419925737,16.59440337852668,0,1,497.9781906471249,0
947.6317599207822,18.091433793807546,0,0,376.98356690794134,0
420.02132887024976,12.907098979560374,0,0,885.3938547597561,0
306.6518885570061,5.18736444327493,1,0,1039.6765917817625,0
914.7950501985473,14.315388377146201,1,0,328.5816986502759,0
514.2511121565884,2.392573289612109,2,0,668.4948432945542,0
352.50600161174646,6.9026214069859835,0,1,486.4996103275653,0
551.7728802103773,13.810746545949415,0,0,545.0302216249735,0
853.0247730584217,22.445465655386947,1,0,326.0273260750871,0
327.48113543194216,15.93291294585465,0,0,213.59411695369425,0
1353.083891681675,9.020014465193048,2,0,844.3727096448843,0
111.38403890627478,20.637501227277106,2,0,677.3479078707711,0
1192.130064836284,16.52128622242076,2,0,259.876297783235,0
598.6034796034905,14.539899064425214,2,0,728.1185387617631,0
541.0190402235663,23.0,1,0,727.2625848602296,0
1342.3427881538962,19.693194748435673,1,0,84.27705983535365,0
8897.8925502461,7.802876444241894,2,1,9.85030897672207,1
1146.6592274382,20.142332452117714,1,0,473.1874136427845,0
1359.08071137382,10.941349817907275,0,1,760.8611307154715,0
911.0446423373361,13.359744106351611,2,0,377.97078661266045,0
547.2163848265303,13.668150803949729,2,0,774.8150995240325,0
145.03669943997258,13.986458365758251,2,0,614.0553155805339,0
635.1987187872026,15.36822993734895,2,0,329.8137799646364,0
533.3392725040063,19.934465387979486,2,0,308.1949348385533,0
1238.7363320526515,15.150904031146098,2,0,744.7704368792243,0
3479.9979083997923,14.881063528193115,0,0,426.612190667911,0
92.78873214857805,6.047927316195892,0,0,379.6096727477017,0
1179.6978771533388,12.471749524554598,3,0,387.0250198875275,0
742.6272928684342,8.023716003081786,2,0,535.6173265487174,0
1446.2940243811047,8.038712955031052,1,0,483.9055891091298,0
1122.302771015884,18.391069990774973,0,0,354.1757938575538,0
1401.3516879447839,4.0069721672224645,2,0,317.64512208055777,0
125.57756371147552,9.691681483136302,1,0,89.37124108961764,0
774.3409462951345,15.972618025809378,0,0,500.0517664517743,0
609.8459923881082,22.736186642549455,0,1,834.7086217600438,0
887.9814239795458,18.447354732258745,3,0,358.2189327680763,0
1524.3297690009624,17.93580759009086,1,0,732.359957449558,0
322.6418645174033,14.448552845596582,1,0,296.8523232912077,0
1146.7520825620866,14.254838587998407,0,0,444.35513524185257,0
949.4040012945767,7.055297404684727,1,0,667.2968195422806,0
1476.4810798521264,8.231703242867155,0,0,663.9034498130987,0
2321.8357263043595,18.52381950864507,1,0,648.9779011855968,0
1369.8821650859807,21.1326807720332,0,0,231.16757260414454,0
1732.788485480824,19.063176272009706,1,0,729.3450101740922,0
314.7716146169669,23.0,0,0,112.21455792322912,0
499.0466783592337,21.584526766679407,2,0,243.0662456241625,0
474.49366501609757,17.78297059253216,0,0,481.3493829767815,0
808.8393824272538,13.637974263410515,1,0,172.07749328069758,0
966.2512134919232,11.791549477857597,0,0,321.2570604619774,0
560.20206511622,1.7062903836422478,2,0,663.3709860461391,0
1067.4705990466473,10.595165820435103,1,0,190.9754471296649,0
330.5172804726052,13.714600484020512,2,0,423.8518832667236,0
750.9164508380161,21.23567399222422,0,0,555.6154655814381,0
1155.4168815842288,6.76196653862431,1,0,374.72248787223754,0
512.1880044926996,6.713476155072321,1,0,398.33715679279396,0
1011.2795062454026,13.07918730228902,0,0,470.0248782736712,0
201.40690311070696,6.874837465481635,1,0,879.9521132382391,0
1252.1101929880228,22.00198649444647,0,0,557.110698896786,0
1875.4330791659538,12.535545848985016,0,0,402.13155721223205,0
2007.1661388891857,3.6101937091393133,0,0,419.9639174612629,0
2304.7046979927873,7.996781338394523,4,0,835.6059441457861,0
1856.1370701797557,6.665952673035541,0,0,804.7257639096896,0
1082.1495413771147,22.09661038161652,0,0,386.5449634071623,0
1060.5015472042885,4.800038752931837,0,0,827.7462750721709,0
179.46167143323473,11.55931859928938,0,0,339.5804983376162,0
12273.606338039437,1.8800898120335103,4,1,6.884353775271074,1
528.0876015162544,9.065403083838344,1,0,736.6787449011059,0
953.0971869227258,19.568708661165605,0,1,623.4536329624708,0
1645.9591368980805,8.226907162311367,0,0,357.10930136185016,0
1573.5792383351807,4.815084193874272,3,1,188.75278199034148,0
985.9292790357704,18.676343776220996,1,0,169.71504596491974,0
486.72226882542054,6.19478712206611,1,0,821.3720681580138,0
486.27166570344923,9.953620403063802,1,0,633.778974234988,0
343.4149635239183,18.270351253559767,0,0,431.02164945771466,0
1463.4268694609907,13.057970919246255,1,0,394.68985036317883,0
317.1701614397682,17.78276450351241,0,0,905.421165373599,0
965.9922517226671,16.353766207738932,2,0,512.6084253687584,0
197.48503957877313,14.222239593877534,1,0,294.267582955517,0
810.9517778350511,22.776555353166522,2,0,234.42674396579798,0
526.375698939517,17.421349778303874,0,1,300.49728765919525,0
235.146980188506,8.976553605625426,0,1,419.9981120499346,0
2763.5034010887603,13.727033669436432,0,0,409.6735722676014,0
396.3778744741006,2.4501569978078006,3,0,677.3397462492364,0
1213.8142277763195,5.724998001365774,2,0,326.9930471347008,0
656.1286713305543,14.273888834936866,1,0,410.6296719678272,0
1544.925393927684,15.292874503685708,0,0,416.926754246973,0
1082.8364023013435,6.244414707004351,1,0,204.55476824672263,0
1466.7086330220632,12.994069149245414,1,0,601.3763755576069,0
204.86876595548264,13.803430307500832,2,0,540.9506758127892,0
428.5795448107593,17.857612654380596,1,0,743.3916104979266,0
307.34571390566646,23.0,3,0,463.44948055425056,0
615.3660325066681,19.556780920865467,2,0,533.2238700347199,0
420.0196094557183,9.0264136298204,0,0,1030.9239909118053,0
283.8793291050628,10.11494884897548,0,0,294.0370563968436,0
2687.272059365297,16.037090173259877,2,0,301.6855553562119,0
82.65593324987927,17.48740545405593,2,0,551.9396260359558,0
1332.4802316646176,11.064715307594966,0,0,465.40096647840386,0
458.45055037784965,15.261991033260246,1,0,270.5230373319055,0
119.42950964911945,21.928872840231694,1,0,719.9037584779401,0
213.62001011363213,11.966346547392957,3,0,342.4227014375791,0
1267.440257162048,11.975406546482503,2,0,397.00300782866026,0
967.3367975317464,23.0,0,0,646.2416640756579,0
917.2882535111739,9.414012771787249,3,0,303.5473637907422,0
5178.8008778884005,3.143337078388579,7,0,24.73003558811795,1
397.5077800709811,13.701950773057328,0,0,503.5134548998417,0
325.36348559581774,11.276518564401439,1,0,725.5889111171439,0
607.2891969220129,14.458594748741827,4,0,260.0425178413714,0
320.22538854930485,15.486458138527029,1,0,232.54092223281285,0
593.3229188950199,15.79760531070236,4,1,648.1592406544582,0
619.2043440962024,17.835220644376385,2,0,895.857312341277,0
1378.611536896279,18.902816294957677,1,0,310.85780323971505,0
1809.4138631560895,13.327686722398276,0,1,661.3684660702675,0
824.7746965632007,16.28606318105993,0,0,426.73427759874977,0
335.87704344981046,17.95576825182113,1,0,558.6918987181027,0
831.1570277167723,19.07671393135498,0,0,412.1256123182671,0
902.6529653662396,10.865081131141812,0,0,656.3198600815999,0
1507.732243414321,17.804146057612584,0,0,584.4526359032589,0
723.620911837817,10.493359499309184,1,0,447.5998126242781,0
169.3643881295044,8.315546538004256,2,0,584.5975035095144,0
577.9248766560672,7.525130129519568,2,0,292.30968184187645,0
438.34653206319405,14.139832719893134,1,0,287.7113010178877,0
1015.8382872826148,21.822906205287072,1,0,256.8440302083544,0
547.1825696752787,13.579123373294385,2,0,499.73507909061084,0
1070.8027905200895,22.231416917919887,2,0,413.06959138905455,0
1532.7542796629093,18.071614257038885,2,0,152.90010657684002,0
1403.395281564429,12.424039700382778,1,0,343.141120327291,0
358.37611923515846,9.750166916628494,0,0,657.7181327457696,0
478.25292150448934,18.64734280649796,1,0,882.8759983988946,0
766.7977475704962,6.981663469747363,2,0,568.5747600823317,0
2349.666287268596,14.426522575237271,1,0,742.4722736171776,0
198.73620018095852,13.156022942050013,0,0,456.99943865956783,0
587.9013141053525,15.01620936939221,1,0,717.5388173638477,0
317.8537278780572,15.206336876327667,1,0,324.02940944308057,0
1491.3676234034033,9.897757666139583,0,0,303.85263826277776,0
3386.7946564188987,13.179513744438017,2,0,352.07504707544086,0
1302.9452481109874,6.472143294901582,0,0,325.4332511449504,0
724.7317670622568,7.881653639696145,1,0,301.041354772736,0
584.2726165317949,23.0,1,0,314.50447012547215,0
719.8075357572357,16.3156923998752,0,0,355.9657244097172,0
1273.4915418923174,6.936589664965441,1,0,382.5104951080157,0
1272.2697529522306,14.544768586354035,1,0,579.8994299010145,0
472.8352370604338,11.928974994210506,1,0,260.37927090184996,0
273.55715657134584,23.0,0,0,342.62144729243727,0
546.5366056468484,10.997816617663977,2,0,353.6901148473506,0
1530.684229547619,16.989398436482766,1,0,300.0794364949653,0
1042.9639453225675,23.0,5,0,358.60386425861986,0
601.3877623364783,5.306441397347367,0,0,349.07973364616885,0
653.3093262524106,6.402940545628468,1,0,535.6251328967815,0
1849.4092327085898,21.937904564211834,2,0,484.2692853969835,0
499.18726891673384,3.4847524156501315,2,0,402.6060392537469,0
1585.3415197348131,17.97633606241102,2,0,907.4762700845106,0
183.9727055952238,12.345797669594035,1,0,810.8809727146694,0
258.7413979828728,19.62965165317028,0,0,686.9977186350283,0
2850.5708130653443,18.27099824306408,1,0,185.37431135227203,0
1115.8192633958206,13.476766878708984,0,0,554.7962259776447,0
1556.8634919904514,12.21849341133969,0,0,442.5300710563052,0
1259.113457582495,10.945809988609073,0,0,571.0089183777516,0
686.2669351859405,19.51138263292675,3,0,872.2241781109734,0
1020.7306111149952,11.649508633281393,1,0,1039.8235771290538,0
140.46425768723637,13.03072421851358,2,0,506.33712798262377,0
212.14529482190002,14.074080049652528,4,0,681.2835090695896,0
5004.281128452805,2.0711696624785376,11,1,13.015522964301852,1
789.2994312037664,19.38668443639185,2,0,852.7392292808366,0
178.79786130498525,9.406528195399694,3,0,386.61314177007546,0
1761.3978778674343,17.647952104922272,2,0,190.71214626604745,0
279.52690270722997,8.793104557392379,2,1,671.0074866611986,0
1944.5497701916725,14.37217615254531,0,0,262.65154128709014,0
1683.5139173634627,20.63777325354618,0,0,507.70536095155927,0
1424.401855940703,16.467671556557512,1,0,625.5337695996327,0
1702.844645348215,10.17173357377311,2,0,803.4987628757499,0
396.32932091255867,10.889675825275226,1,0,387.96121878304945,0
794.646216922759,10.879524748055271,1,0,256.0691997858507,0
1659.4646125161914,13.227205900561302,0,0,519.4537659398026,0
14474.867333268809,2.956369858178878,5,1,19.66604054026995,1
622.7106350357839,13.5369058740643,0,0,471.16094358232533,0
315.80912803569356,15.641101659904937,1,0,536.4575264074194,0
1147.90031394319,12.040031876061425,1,0,287.92574467919565,0
891.0822757740743,5.886467146280657,1,0,771.2625403752421,0
1273.302468108126,20.54169183527164,0,0,475.3977527996443,0
1657.0489576231919,20.562546719772175,2,0,636.307929989035,0
1691.7208367011087,14.65178601328555,1,1,204.43449105469713,0
569.9549153433252,1.3599770548975485,3,1,622.9010897233027,0
622.5085735442505,13.326314683793436,2,0,434.4127255312495,0
1765.4375578693475,17.319465630480675,0,0,753.0854717129223,0
1619.6080478631409,7.303648422573495,1,1,162.70433315210403,0
1546.8745625869558,14.569967946958466,1,0,587.8495701739158,0
1166.9205984596265,13.594131948416045,0,0,601.8755693530145,0
443.40780543902974,10.464444593533953,3,0,633.2125135737966,0
153.29980968054286,18.647395310467694,1,0,283.67848864902203,0
1004.9468464525581,19.901589195888125,2,0,130.7671443084433,0
1049.2326910741901,12.256774545414338,1,0,511.0471998858922,0
96.99948903752099,4.741715181599719,0,0,443.929338503759,0
1637.3075875889274,10.500717201711216,1,0,662.6630587238079,0
1129.857570129107,12.767130434392541,1,0,286.7217505188276,0
1582.4392348169633,23.0,3,0,181.47253000102683,0
356.53387468134525,13.217476756995723,0,0,619.2576246647217,0
616.9887940609094,16.59732220306753,1,0,529.0225897542592,0
3587.3792021494687,19.845054629319076,1,0,402.6181083325495,0
1033.94246148362,15.663103923905194,0,0,1061.2807697579678,0
1460.3054943712266,8.709691413547413,2,0,794.0308810303173,0
537.9450047265792,13.123101578395097,0,0,452.2663467901526,0
521.9682122547042,12.874838655192054,1,0,664.370441691056,0
769.6220682294737,18.597802734314126,0,0,707.2390662719476,0
650.016494336411,23.0,4,0,213.00769600493493,0
1377.8699903409452,23.0,0,0,586.2237064240287,0
1744.5390228344413,11.85328074752643,3,0,600.7159667272516,0
532.4651726124919,16.258876929373454,1,0,436.0928151600649,0
217.11607148857598,23.0,1,0,156.300513020768,0
1141.4097195218774,9.532904570803574,3,0,198.01796944370858,0
426.575541605024,8.263740044126742,2,0,689.9655349453914,0
309.9325884744648,5.6790852271448635,0,0,167.3624379766882,0
2858.8692675588836,19.80871150252883,1,0,412.4861425478989,0
280.0013101906898,17.902487603439297,0,0,575.1945897871814,0
166.7523169860701,23.0,1,0,207.75366449555236,0
1177.1325318275492,18.108078761185816,1,0,339.5055964719116,0
845.5252011499924,19.44248428764556,1,0,558.5934434134035,0
1873.3059508287483,14.631279363569663,0,0,405.90380405098233,0
833.6741757687174,23.0,0,1,237.23024818060736,0
631.0220643532579,20.845306499212327,3,0,405.0963641272273,0
535.6599473488075,0.0,1,0,506.51456293851885,0
492.5447856009797,4.792526453317707,1,0,530.0538587008214,0
760.6777101850712,8.805132581426179,2,0,397.97070745044,0
1946.5365246034305,10.918390054455696,0,0,438.69845844392523,0
643.9977575341547,20.422471887675663,4,0,808.7935557550044,0
909.2664200118761,6.583655047757776,2,0,686.3567127833154,0
1129.478928008385,7.332839272752157,2,0,1020.01632287943,0
1150.429147514865,14.090467407802514,1,0,549.7960077765997,0
2664.233088125084,19.06346102275468,4,0,604.4074911577964,0
1030.2406521388004,9.5942346882687,0,0,696.9067775727034,0
3815.525793161489,13.188757300207524,1,0,394.4980398989401,0
822.0769901003753,13.214986657715412,0,0,70.57521539718437,0
860.670633717834,6.969287790085494,1,0,517.849900748814,0
915.0511618143933,10.413680470778264,0,0,417.79493247786814,0
784.119364533632,17.863114929840165,2,0,462.3999916474987,0
12262.160064378282,6.110994232301291,8,1,28.259892499218054,1
525.6145213258305,21.225336644368845,2,0,508.4943190012737,0
1182.7030405434461,23.0,0,0,446.76899865939686,0
410.99158941434337,10.67707256025703,0,0,190.51592825565,0
4527.80080854471,3.7684879458171547,12,1,6.448493422273196,1
299.03998834187536,16.69547052127551,0,0,742.5180618183165,0
1760.5987368105248,17.104607784445825,0,1,815.6442041796835,0
1993.290681545322,6.778072427508647,1,0,479.762778428056,0
1345.8292146745368,18.773915483475008,1,0,448.83868950425904,0
419.1304145978289,3.0658531436426557,3,0,356.8322843888797,0
2045.0757549918453,11.126235083962936,1,0,290.91483367479884,0
248.34928385718135,16.943944386115763,2,0,221.0805248886116,0
761.5018001634647,2.4894097446547434,1,1,244.0780874981871,0
1805.0524664659172,6.2082177763974,2,0,318.97168929020575,0
1446.4026301454458,13.369189355105801,0,0,526.3694546205096,0
2293.973720615551,13.54729380125812,1,0,173.55899635980282,0
747.5195767828551,11.545879085113208,0,0,611.4054179083112,0
540.8090702867134,18.829158234290652,2,0,512.0825649511875,0
705.0493151795005,20.215960095724277,2,0,967.9671620856583,0
1381.2834110487129,15.416617962678332,0,0,926.1140503536062,0
1008.1946770697994,20.067987811511244,2,1,398.05791936716435,0
2144.37661467665,21.531479574435778,0,0,417.58479067142093,0
1046.9736115829505,11.122072730773542,1,0,546.3188185321526,0
412.7486082597412,6.059579424778129,2,0,424.10221966437706,0
1335.6712024184596,11.903843105505427,2,0,520.1446490736263,0
43.64962819006545,17.37582200494147,0,0,351.5773811341506,0
370.9679828312994,12.883328152829488,2,0,211.77187252944017,0
1230.809041666327,18.969935784526648,1,0,504.7202844822335,0
1898.9402626988388,18.531405600880106,0,0,216.8235476140391,0
1275.700763745148,19.20956302088739,1,0,865.2076476429967,0
665.4512568059877,13.42591480175787,1,0,416.0265591423624,0
941.3401154934154,12.056273531642493,2,0,869.8419951101926,0
242.0794873957103,23.0,1,0,556.2875168968276,0
1128.5348873903658,9.295732352089093,0,0,373.47584023317444,0
1717.7578656032088,20.760211843325692,2,0,428.9086143364146,0
1557.8929292573118,16.388171955049422,3,0,264.4403376456593,0
1852.7336206148393,17.57933168582038,2,0,911.2119954787678,0
1120.9659422612551,15.028273329648588,1,0,231.26908853246232,0
1456.9306032114637,13.316105664704649,2,0,234.43837574158098,0
541.8809855085859,22.79136078937639,4,0,438.4700177187881,0
697.0080026673896,16.937827977176653,2,0,275.6093619899808,0
2938.8443951062727,4.9718335418872766,1,0,314.3926950364337,0
712.8391057283134,0.0,0,0,1123.3361561398706,0
617.7772689858617,11.431754922755808,0,0,566.5319844751409,0
716.5843540811171,15.923752668834016,0,0,378.55487804715864,0
2880.9918214058507,13.489061101414446,1,0,619.4876462350057,0
1577.7636478995712,13.82049351199946,3,0,467.80500391895254,0
401.41024348284884,16.443932368911995,1,0,586.1675932325854,0
470.3736874180986,13.535457650758586,2,0,392.9931648697411,0
1169.499951715419,8.748079463250967,0,0,260.5117462179523,0
168.24894872626572,14.293019697628596,1,0,967.2580078548675,0
527.0897494296456,7.027607109504901,0,0,253.18571634343778,0
1862.2694844237878,23.0,0,0,437.5209342836191,0
1852.7324656229641,11.711053235704904,0,0,453.19570345583963,0
394.16909767583644,13.4635302828306,0,0,1175.9379798660195,0
1355.5364734219943,12.555113708669207,0,0,311.0636829217249,0
399.6172435527912,18.322579328843396,0,0,227.82646996533705,0
2684.104944403351,16.62556471442908,3,0,1026.5715292460452,0
709.3683539571198,11.751091969869197,1,0,796.6948476576032,0
111.792964180331,17.253024768157047,2,0,193.72766203154708,0
612.677777108293,11.675434622219885,1,0,528.06412722308,0
869.6057943557636,11.047865229701241,2,0,638.8843117054516,0
468.2711156622557,8.978408078084959,1,0,380.8450486269739,0
698.5534697611399,17.002165383655008,0,0,690.5403461509484,0
408.0515109996707,13.017653877242372,0,0,266.78339586138367,0
1163.6056816967027,15.100725951756374,2,0,691.1015886293841,0
1178.7638009038512,17.53293222646131,0,0,320.88118100919456,0
1660.827482063899,17.124550442344212,2,0,250.68100958595502,0
507.8146276034505,18.603772826286193,0,0,349.3698489834061,0
2159.801381093449,17.095094900736864,3,0,514.2096999150978,0
364.6798127882689,7.664990119393636,1,0,258.76702175601423,0
1666.2803080479853,18.629023207980296,0,0,380.4651414064374,0
875.6480587009495,13.29492140755154,1,0,568.4112002158054,0
610.9232163309086,9.471522044978457,1,0,284.7323233750034,0
1229.9575392255442,16.213766606545523,2,0,718.0589125509507,0
513.1837106131751,12.135207448934372,1,0,512.3226878959495,0
632.663214347802,11.847453552038207,0,0,725.410464733481,0
3141.8292677700188,16.599414658839738,1,0,1045.9613458414074,0
1803.2216890124723,4.086868359002461,2,0,214.16543332325082,0
1230.0870068105294,10.576595537436729,2,0,562.401284265111,0
398.2607522085824,23.0,1,0,412.48505658512215,0
540.2735578206175,17.28060228184323,2,0,366.02121130604826,0
2095.7961198186294,18.05870156883579,0,0,381.0797943127666,0
812.3694804204466,10.24486596590489,1,0,558.5079290603842,0
1725.511781775853,8.73779036692789,3,0,574.6125338487838,0
522.4049878190896,14.561689743661884,0,0,332.5392625900161,0
2477.1071192976233,20.461468734423537,4,0,803.9357177294912,0
1329.3085076744594,19.981304941534376,1,0,436.8667723549861,0
186.31389091354225,16.59751407096713,1,0,303.47261022002436,0
567.8887233331634,17.80884863131887,1,0,1102.7490726135736,0
969.0788776682588,18.520747974257908,0,0,447.42740963863463,0
1269.8641816857446,16.634642655205326,1,0,668.4326432492041,0
1139.545762769368,12.879168352545353,1,0,298.92562513156054,0
1201.8018410514212,18.46736447212995,0,0,449.1170773162968,0
383.1552411982423,10.586839889939391,1,0,559.7871788416086,0
1429.0706520509252,18.41128754804038,1,1,438.9158744179443,0
1058.9585205299202,21.172225848172445,3,0,563.1196042453325,0
671.5377493924387,18.464202771596483,1,0,405.4090400693358,0
1318.954433932947,17.81659725716574,2,0,781.7561426780164,0
1748.4590388326503,19.127032853756432,1,0,496.2405040756137,0
189.76665983011853,12.78493934687085,0,1,254.72255588034162,0
601.1816861753916,14.5783050880521,2,1,155.84095530813178,0
564.9008176707074,14.78847109981405,0,0,670.7961428753231,0
410.56589239603284,23.0,1,0,453.72808586461286,0
809.3206015473917,12.84040797570491,0,0,425.98326079784385,0
616.3211758121469,19.63228878564579,2,0,640.8423394225558,0
955.0567069833404,21.155098900626278,1,0,221.2456509549194,0
551.0992523689689,5.208891850652108,1,0,251.6498808926017,0
295.9828044198859,15.812555056720862,1,0,166.38262687455193,0
2048.3693036721393,9.086216535795831,0,0,345.4622894465231,0
2754.965334401349,22.469786132201676,0,1,568.7798312285886,0
912.9419649633188,10.19710563355437,1,0,749.0903403492387,0
1430.3699494901555,16.372919098469723,1,0,900.8263566223749,0
500.9618209101421,15.186740597447654,1,0,667.6865252258438,0
553.3077423407778,11.757547845667844,1,0,627.8556820665735,0
974.8365321069838,7.189177140393892,1,0,652.5943925714608,0
2103.7204985226563,14.705674453726495,0,0,602.7025546295898,0
613.4351752592444,15.411088774853214,1,0,263.9947150276134,0
678.1757346891721,12.0605308753289,1,0,445.0963892918493,0
1997.5557775268683,12.859476577742416,0,0,501.2450985420533,0
414.7141949895501,10.599671843725062,1,0,766.5002346924143,0
679.4968471634353,14.06572394279884,0,0,1084.068726714799,0
861.4817969339854,9.200701974233677,0,0,374.136636058585,0
780.4533221334178,17.45852556803994,2,0,550.2119180787261,0
759.6636458788246,16.72805331690414,0,0,542.666512622694,0
506.4573206787767,13.069871683968925,3,0,215.8631076050482,0
943.7067899919443,19.54691990380395,2,0,431.87910002531123,0
990.1187076779199,22.648936937281217,1,0,367.3464687653014,0
203.7387240517578,13.135367084992966,3,0,402.8350981342985,0
594.4626911668099,12.36627705029454,1,0,471.2341957794201,0
1302.825988409991,15.158963813129624,0,0,627.2124367309575,0
1977.7810679903534,23.0,1,0,595.0416288406166,0
726.5338968370933,19.754173248421814,2,0,199.07650181682567,0
1028.190455102516,10.642446973494618,1,0,344.6133227220288,0
114.40701111087341,23.0,4,0,815.2535366921965,0
1960.065370297258,14.068264560375283,1,0,922.2578196788962,0
260.78666080935005,10.511685769934703,0,0,561.0317299783916,0
2357.6015345968717,6.501425945457204,0,1,798.2823669598273,0
2397.995831365382,16.552199890004967,0,0,1059.944961294108,0
675.5859359166324,10.89912188242622,0,0,371.26929113943544,0
806.0073948043455,16.202398986936085,0,0,498.79534636314673,0
901.9014751640079,5.074870804651489,2,0,522.9530026200333,0
893.5782603270276,9.066131909132366,1,0,858.9718760294327,0
526.8847923906994,13.507527969352305,2,0,863.5147901847037,0
1615.2222055906825,13.644257189044824,1,0,467.7873108689907,0
786.800706108277,16.994563595227877,0,0,466.70081320181856,0
753.169930826621,12.0801989898258,2,1,839.4530749763928,0
501.44969716924527,4.2929096655667855,1,0,497.72851081261587,0
2085.681351607597,11.482310683421005,1,0,913.9863809731954,0
2135.539303199058,6.334992106982849,2,0,569.161250866933,0
543.8809603522078,15.76979069989441,0,0,834.2958978778402,0
368.72850508788207,17.37249599217285,2,0,712.7578114683829,0
266.5685292233705,12.060727380953136,0,0,747.2611395591314,0
359.5208932108818,17.031607666831583,0,0,632.7063103804845,0
533.5697767636154,15.304919250080353,2,1,531.5597777520134,0
121.28084072382333,20.74736552630812,0,0,927.593823337267,0
1770.0267432075439,3.942543372690899,0,0,412.65406229237243,0
1353.2894517620286,13.566529232073112,0,0,178.8450335596042,0
842.7339810744508,12.985455107083695,0,0,975.1741242211972,0
1517.8701019002606,19.482736331431116,1,0,311.17308348256796,0
3043.0684829489524,15.774200777851487,1,0,378.59446959677194,0
276.7519283882711,12.323582627413316,0,0,221.90049480387145,0
1309.322923415217,19.24971799762507,1,0,347.75687787694505,0
590.0567709087686,16.69481536327861,1,0,547.7886381660518,0
175.0070277753829,14.774860092782363,1,0,505.5352542887413,0
506.9139872193313,12.01932639817218,2,0,764.4161623011012,0
585.916860483954,17.745439291500475,0,0,542.5147651069824,0
2126.4219924762624,15.20883444942155,1,0,123.75638495488994,0
1113.8664059806918,19.963845008235484,1,0,879.1928317320547,0
1709.7995838103918,19.281292267239756,3,0,478.18894020113225,0
999.4456755976472,14.88013818338755,0,1,809.4920955742617,0
1366.1119971418236,14.357665910204723,1,0,610.4958997922645,0
169.63025618541218,16.565214616829074,2,1,595.3278200125931,0
712.2381964348857,12.050784727912031,3,0,257.7150179823376,0
905.0173708745928,21.834894236849962,1,0,781.1788838162977,0
1427.5763923417921,11.418012576696148,1,1,270.6221001441497,0
190.91460715336325,11.461540108083067,0,0,420.9623314852976,0
573.6037121819998,17.880014299673633,0,0,294.6897741337384,0
864.8276719452703,16.4224211956487,0,0,763.8897289972049,0
791.9521412766758,21.619729045816417,0,0,517.1608738636661,0
752.9430791972903,14.06202491573293,1,0,302.07241210343307,0
586.9874411059521,0.8284087599553533,0,0,724.3314250795439,0
633.1535953925907,8.299194303170513,2,0,356.3231280888984,0
1632.5065126911907,15.798828520830098,3,0,338.2721624920584,0
2153.641791972537,8.254083162981672,0,0,432.5019831903074,0
436.15759984540676,8.304089378681251,0,0,553.2497914615441,0
1226.1653151644866,23.0,1,0,220.23842917438964,0
524.4725042566106,8.438339131655065,1,0,508.72044413855,0
529.2391160117304,20.383470996698243,0,0,715.231107537283,0
5455.002507058511,1.0087436268077978,3,1,3.4697688053434,1
2525.5075997017652,10.618500443826484,0,0,524.7185245200424,0
683.9961815005113,12.80567804410181,0,0,576.4946173226099,0
335.246426587635,14.271678297326963,0,0,268.4759047506236,0
14379.7909061049,2.9857072918501344,5,1,15.988017605700042,1
702.6954413474004,16.990461363887274,2,0,940.6244558260574,0
219.69875885598108,12.630037634184784,2,0,319.9672333137344,0
840.1591131537402,11.764517010671714,1,0,551.4523404627756,0
721.3190166494376,16.684360813199223,2,0,439.97703545363464,0
1307.403316642913,23.0,2,0,671.7790275867656,0
1051.0044392527393,15.462992228704152,0,0,634.4716416548989,0
1335.4185530703542,17.832518835027894,0,0,635.2051566951953,0
263.4747568873543,8.041757305506458,1,0,538.1151946802188,0
10711.860958411113,6.670310731096932,7,1,3.1711785471299994,1
2894.0310560052567,17.31547010670172,1,0,930.9256987074436,0
1513.4308737926406,17.36584907410126,0,1,184.36698649423303,0
1438.0908282216935,15.423677785346682,2,0,583.2950118639618,0
639.7846839410014,12.967459706500584,2,0,746.3173651965465,0
456.6495184552485,19.547891207504748,1,0,836.7451894383256,0
2294.2727051082243,9.331828917052785,2,0,611.1769403726303,0
972.7170614702019,9.834311099052197,1,0,266.23926838568804,0
1875.571934687648,9.310387536984578,1,0,765.110510139192,0
278.1721518714045,14.291221803296905,2,0,202.42603817409233,0
1822.9888040206354,14.240960886299147,1,0,852.1598633229293,0
754.7712813679035,9.432000871984688,1,0,493.73493280057403,0
753.4600105005238,17.87615364418877,1,0,485.1091221023323,0
960.3710606623125,16.582029741955743,1,0,699.5408601817358,0
867.9891802288747,4.638774688773712,1,0,497.32737805558935,0
1411.1629908919272,11.91768632269584,1,0,596.310527452093,0
273.28919806656063,10.668413917276872,1,0,654.39918068987,0
341.1740056934365,23.0,0,0,800.2628470943783,0
2183.979305813142,13.142710346795802,1,0,307.44509903215703,0
797.7983162997427,7.998397739013416,3,0,471.8101047776385,0
372.65461881813184,0.0,1,0,556.3759419492078,0
820.4725662373585,21.56770717801148,1,0,378.27146863174903,0
252.1613607979889,19.69048547055224,0,0,498.05594310176843,0
1052.3216526841773,7.886182883880621,0,0,1119.5497191339382,0
579.6609726469096,16.612399115470637,1,0,1099.3083792162984,0
417.8975710911248,4.52496553201113,3,0,248.4956203588147,0
933.1073409082225,14.325841705416009,1,0,286.45674840846306,0
667.6596251863189,15.329248242541421,3,0,536.5621208796638,0
1088.481234543941,18.379869189562896,2,0,244.23003822596166,0
686.3874097576875,18.39922961978445,1,0,382.54080831379486,0
571.600899385318,10.709361372216573,0,0,363.475130452513,0
1991.9768415392623,18.23022504444704,1,0,486.7611132747336,0
1772.3691375970075,5.499639175108468,2,0,477.55573882459606,0
543.5893898828492,15.643297490861572,1,0,336.8886072363155,0
1696.3240190801987,14.863522082884767,0,0,685.1503245405111,0
918.789657136798,18.427352914700478,1,0,443.43559582366936,0
1238.8588186603545,16.929086487337255,0,0,711.7702403194805,0
849.8291517151318,6.510706626102665,1,0,460.0959046726321,0
856.9715654948966,13.559749373425294,0,0,632.1357420930068,0
7892.944590017306,0.7492414260765896,12,1,32.93678333550905,1
403.8068917096919,13.978739516400289,0,0,185.18476319507602,0
175.1568470642906,22.729518160928098,0,1,1027.3061183105488,0
1587.734708295949,15.338105262813324,3,0,322.34386272070907,0
2968.651334537346,12.858912327827346,0,0,706.8672471976163,0
1165.794569022643,17.9171559332194,2,0,547.1408003356104,0
15.853435038115398,18.189168387622214,1,0,694.3839077848143,0
461.5538434078106,16.840437103058367,1,0,863.6647277132532,0
312.5794317751849,17.852402183437516,0,0,432.5243310424486,0
945.1573862761769,10.454043637431388,0,0,444.5465282894936,0
91.81198641997516,12.194616173746763,0,0,462.86749792917794,0
316.044303070635,10.241818644903567,4,0,296.13529344780005,0
450.44972427682086,14.93023856075606,0,0,251.5408630991076,0
1287.2697777013304,7.165304207089453,0,0,334.6656209856426,0
1183.370803709171,18.84014803598174,2,0,784.9134221169022,0
554.5633323186076,20.759786526992293,1,0,657.6461236209549,0
770.8560422245848,7.273837739500848,2,0,1148.7001516444766,0
890.48574552266,10.825986582663068,0,0,436.08970899505755,0
262.53209008374296,2.553863679079674,1,0,508.13533398623065,0
223.41880009980162,16.58513822412379,1,0,330.8798408687081,0
1062.621953995972,16.432949906233013,3,0,617.1725088472424,0
884.424434856069,18.695049392609192,1,0,378.8672912822117,0
176.7668354359862,13.736940633218122,1,0,321.72619722214057,0
415.02277425505184,6.8660248358791165,0,0,706.0701277501421,0
1336.492204753089,11.706165851669036,0,0,432.9505500695686,0
1455.0614167743856,16.621686427880228,0,0,332.72484497060134,0
1202.5368180302282,18.575781687523737,2,0,235.92030245033908,0
612.5867206642388,10.68126776700528,2,0,508.96139080723214,0
1039.1250650094737,17.73009797367935,1,0,233.53804735364062,0
1223.661003578192,12.172911394498891,1,0,641.5649284281443,0
605.4269610942129,11.122532824535943,1,0,438.1306140955016,0
318.4742116146601,11.407821840612481,0,0,447.03876862550214,0
596.594540406211,15.497059690087436,1,0,328.1617879536836,0
907.0037707360829,12.779522189207292,2,0,649.7887902143046,0
419.30466074142214,14.956811270558056,3,1,510.071711487222,0
1828.0922472238358,6.352961383841845,0,0,1154.2748560910773,0
1613.2799734285318,14.650755309927924,0,0,307.0601773294221,0
267.63044511693505,20.626544986338693,1,0,314.127923341839,0
895.4313231689648,17.156086888256606,2,0,510.2306753941761,0
442.65327345348766,19.808916006778947,0,0,756.9169432048254,0
1181.6428254568195,23.0,0,0,634.8462095922265,0
1140.191747721083,12.610014391274024,0,0,375.96895202304677,0
594.7422680260602,21.909405623791265,1,0,501.5814238831756,0
926.3579742159994,15.350248067225982,2,0,567.8038121409854,0
1334.108535293091,16.801809753333675,0,0,582.3688766264976,0
1110.0465813523776,5.57887601234922,2,0,1137.7043993009158,0
1254.9079347823497,19.01288200287339,2,0,403.56254088734414,0
1385.6566942266588,14.395369289813067,1,0,659.3616769824278,0
1019.094026238484,10.812160373385623,3,0,801.0472106073262,0
722.0363534438059,16.57073453817152,2,0,654.6350929834024,0
277.21795505283194,15.622521611854065,1,0,484.74906150189906,0
1212.1717669341413,13.585808107876993,0,0,236.03764999018574,0
1724.9015139745304,15.443048256492466,0,1,194.07912585499193,0
1280.2966308788662,23.0,0,0,401.1596478737384,0
288.55019224947563,10.956858562669675,0,0,565.7095081580218,0
480.68529059381217,7.9485544288481,2,0,662.9220017742084,0
969.9761079061675,17.97624583683639,4,0,546.7360412121485,0
852.0942690418465,6.884484445587672,0,1,1214.4958689029504,0
322.17540091525836,17.44247274991047,0,0,505.5509046600373,0
500.1372412785161,4.5569040514114025,0,0,524.4206485485283,0
20831.09703584351,6.276558455878171,9,1,59.20126077171848,1
780.8319362775538,10.509842476795182,0,0,500.3219521309454,0
521.8167817228277,14.700900155007965,2,0,277.36519901537724,0
425.3378003963973,19.386799049311364,2,0,611.8936378050702,0
403.4004414027785,13.492102056385821,0,0,568.9352409029224,0
113.23574116953705,17.471055214726128,1,0,600.9780191720535,0
363.74172254194593,6.70238312972187,1,1,448.87274568010247,0
558.7376729177299,7.396032981902505,2,0,315.70113950709913,0
946.8728532261414,18.843723105836258,0,0,570.337260209436,0
808.3204880262139,23.0,0,0,609.1649542487497,0
1313.0317392773193,19.158809522498125,1,0,513.1481186693453,0
282.70205033781735,16.247625440801055,1,0,416.7965550220869,0
1765.991362187901,23.0,0,0,597.686566749168,0
1114.935485366824,14.350929262113723,0,0,415.37077948830427,0
2093.5457709901434,11.303676443863175,1,0,1143.2653768518296,0
1485.727523427144,6.057484317959137,1,0,1065.992310281245,0
1019.8903355567319,19.413548867714578,1,0,411.96297290683634,0
810.4209824444521,2.9775897455983795,1,0,519.7496145995633,0
605.8751676474832,7.699960511738722,2,0,366.33936483152934,0
517.4208516667131,21.750394119805463,1,0,321.8011330453922,0
368.6136397371333,17.189430287132026,0,0,388.81423184722973,0
2182.050950804764,18.944614585710365,1,0,1277.2795133084235,0
909.1766969283593,7.821469879889381,0,0,545.8411282092904,0
1650.85638730617,13.750908345469988,0,0,617.176035901239,0
2286.44756189411,2.408785098237505,2,0,444.2636715041401,0
312.0071768595496,12.064734868831362,0,1,345.5179103077244,0
524.4205018304007,7.297904091979217,2,0,637.5363052577222,0
2042.7819932459586,11.039429393324983,1,0,499.8454987969348,0
435.2899401978222,8.696341880222331,1,0,816.2861545912982,0
1719.6097269157394,18.346985875393955,0,0,315.51571815071657,0
553.9327580492259,5.8951997527317985,0,0,305.93950637042025,0
1233.8681947007833,8.69557872150208,2,0,703.5666391944018,0
406.5572961011966,22.862182716479513,0,0,595.9952347489307,0
292.6714005399653,12.275253423927627,2,0,468.807773677289,0
291.74274512968844,8.643908884946454,1,0,337.1834735855179,0
979.6260986419716,7.677723705370781,0,0,266.1005770901565,0
264.0658697411083,10.736318572182437,2,0,657.8243188210428,0
409.5432617072422,19.440194178808564,3,0,214.3080580822974,0
1093.6103249284595,23.0,1,0,419.05982571296556,0
1214.5969888516338,11.265813771197676,1,0,344.12349907666953,0
2117.713017093707,13.986571370683789,0,0,838.8256647082003,0
1777.1003785016835,7.923195086964971,1,0,839.6674658383597,0
1023.609444509632,12.575152456059058,1,0,744.3590676873191,0
709.5149548824556,19.679337581977624,2,0,227.31786405456793,0
826.3382905761123,20.33591065869442,0,0,881.4082031751866,0
604.340774246617,7.847619709113745,2,0,487.2331915258815,0
872.5706306686243,14.361997997122277,0,0,608.3435638171915,0
926.221931415278,12.894084860766169,0,0,332.70946171084404,0
1509.2445213462468,13.10035423533968,1,0,484.89858234387225,0
353.32625521855186,17.453911632403166,2,0,621.5871674624683,0
316.7638639658546,9.761640253924824,0,0,471.8390293240259,0
557.4996790485527,11.306536592659366,1,1,392.46104644790336,0
2910.126052808646,11.141228738211677,2,0,312.16784620077453,0
2039.2220158430137,13.493701557717445,4,0,757.7607904416252,0
2776.242292095999,22.380107293799647,0,0,209.23093826723957,0
1981.055656892884,10.739929380717115,2,0,564.1536010532448,0
1732.1642272106608,6.1256619376267345,1,0,335.72701918269195,0
695.9086628759768,10.728898693361206,1,0,765.2934328499457,0
1036.9205218623745,5.517087299787033,1,0,478.98153087682925,0
793.8372255117894,11.318978597299182,0,0,447.43879797172593,0
2029.067095245482,14.259858633577505,2,0,604.8926883480076,0
216.45610970384323,14.142344702192052,3,0,753.5154586979673,0
1370.5885598918458,13.913079452286723,1,0,455.6448864629176,0
2584.9831645103454,23.0,0,0,433.61013466009314,0
348.8003104958276,11.252277045949775,1,0,260.51112823338485,0
2405.356711844837,5.118505192171106,2,0,965.5613575903436,0
1342.5998678881374,13.180250889253577,1,0,577.3769042615463,0
900.1102150724216,16.832224933895134,0,0,470.94844599429496,0
387.4489434004443,13.401471334796506,2,0,339.69953802955996,0
1805.194155182972,14.143403478494339,0,0,263.22587778915425,0
522.8205566027065,13.609150319321033,0,0,543.4240340198953,0
1211.462972410616,17.38444102240358,2,0,635.3569859232329,0
1166.9024414619216,9.46251809632004,2,0,370.2138618022726,0
619.1058828592381,12.217917329886285,1,0,246.94482217282885,0
767.7135804174302,23.0,1,0,517.9873759814676,0
976.5880094511031,11.169951357399883,2,0,474.1384985024218,0
1030.2681666800252,10.999217524955863,0,0,373.8369560502352,0
458.40479109719735,9.740970009086652,1,0,242.47950840165603,0
760.5368173712737,18.632600921732223,2,0,134.78511583647307,0
183.8598409361759,18.44419409769996,1,0,400.92060608541027,0
932.6263079905597,6.785731229663323,0,0,552.7914830398104,0
526.0777557822454,16.44981154726358,0,0,660.0299482348875,0
633.1216136724696,20.053788698087953,1,0,232.8361056881918,0
598.4489831547936,18.718000263972996,0,0,342.5484286973007,0
1488.35544966506,14.579303794209999,1,0,142.04894103645108,0
688.0859146612887,8.678346436981318,0,0,855.3801904070689,0
987.4675301109514,14.44502055276741,0,0,428.07408570685493,0
855.9691670617975,22.010656092696173,1,0,391.7685647447572,0
1602.289912467571,15.78910531259949,1,0,232.6128910973909,0
8930.145917846805,7.36602113629083,6,1,24.795855824686935,1
2644.5398708650987,5.057680251365925,1,0,659.137358936211,0
1567.1338714861026,9.154403278508468,2,0,196.44921388774682,0
1064.639503978797,12.377624212517876,0,0,404.2057525872595,0
908.6930615669608,12.353977183355418,0,0,191.9120340402881,0
152.144740623136,11.267246590727709,0,0,1115.8132416128942,0
938.9294797575443,21.005346778135856,0,0,453.7802047165883,0
301.23620443201526,7.322673532759406,1,0,482.13998712405777,0
1996.9830625262257,12.433156843574631,1,0,241.563296169251,0
522.1714237386899,9.201963438940798,3,0,799.0977662078823,0
10280.996728828752,4.341356608581373,6,1,22.658435457575234,1
347.2894636949382,8.608276037819895,1,0,383.5089504632035,0
1746.1632817617767,14.578103952107167,1,0,541.5559746201066,0
555.1716808915075,12.34707330770834,2,0,913.2875309876804,0
790.0795027456919,11.544919317254015,0,0,781.9938932957913,0
1089.4533323811531,7.065147760346033,0,0,277.1723901136778,0
136.04810158139722,13.893635751844526,1,1,507.1126447806729,0
2225.3326318997365,21.212958107226864,0,0,688.0171862154162,0
808.722554400653,9.517652811248997,2,0,244.12751404668316,0
1103.2951931470666,12.357313889557298,1,0,759.2124447131519,0
2162.58898638215,10.960769346060735,0,0,622.653769928148,0
2373.9964751040893,19.51748750636163,1,0,240.26248053724447,0
1872.263237032437,16.43249508366015,1,0,578.5559558756546,0
58.84736531810963,10.032634654506994,2,0,326.8389186026939,0
2160.168100177713,8.570236332107326,3,0,247.7452488623308,0
574.6457813920731,11.463274020079819,2,0,475.72765125377276,0
899.2635936329132,11.173063954399414,0,0,824.4675343682106,0
732.6588442575546,18.457892283475584,1,0,639.1797059522639,0
2343.2124881432987,11.65335909341224,1,1,316.1607251047593,0
235.54861952753697,22.452263347929197,0,0,382.8391557145107,0
1010.3186946060302,23.0,3,0,379.2349253665589,0
729.040489925732,17.73139194967697,2,0,349.95287452797595,0
1521.3079279589272,11.024155004624104,2,0,753.9494822905019,0
528.9230359046575,12.950224616339716,2,0,386.1290677434234,0
476.7438442063092,13.38379030574433,1,0,639.7113010599697,0
874.434426841145,15.968174382872832,2,0,673.0921743265479,0
771.7874947978445,9.901455993866236,1,0,399.64048154640255,0
2079.363977258726,17.50164585303101,1,0,717.4946944294608,0
352.81887619166974,5.381573107204941,1,0,446.3079143389583,0
1506.3690017181698,16.69521295531305,0,0,538.58896939782,0
384.724522769467,23.0,2,0,302.80832628775676,0
3056.2937234809106,11.657611746340438,1,0,312.4947009390075,0
2624.911198434756,15.844122061243308,1,0,255.49799325046817,0
187.2457217009485,15.259818020640331,2,0,809.0246424353631,0
1351.2011665887437,9.307060634584078,4,0,683.5365593636375,0
654.1221052030426,7.722912178083552,2,1,260.50704170729665,0
1019.2013112079719,16.069295998388927,1,0,500.2187239974641,0
898.4788183121449,13.9850930008065,1,0,849.0352106618318,0
300.9821778586499,10.352194609262044,0,0,605.4465091744415,0
884.2786467842362,19.39325972979863,1,0,330.04162355487676,0
1355.3067983780231,13.716692287933808,0,0,645.0569564355314,0
716.4665633701976,0.0,0,0,645.1435018084443,0
583.4720031100143,15.122953166249959,0,0,289.8342497888201,0
279.4445155621289,21.90687984585717,0,0,275.0880406995536,0
931.3367840235431,13.245499651387535,0,0,549.2255338304922,0
2245.4203601635545,17.73805122636025,2,0,265.768280532941,0
1999.4929472696426,12.817870308146599,0,0,400.0598562858962,0
803.1281487732111,10.06959400595996,0,0,473.49138404259065,0
312.17200286566106,13.386142871565948,1,0,434.7300145978118,0
1465.9353212599926,14.916177995175454,2,0,325.3414911406447,0
577.4442401816285,7.455780789985008,1,0,351.05700720139026,0
253.192485451728,13.872943153392026,1,0,825.3870648016468,0
1009.7657630058042,2.2596580144958676,1,0,536.4907925546718,0
1067.0003227410139,21.506812524101164,3,0,618.3254266067114,0
237.81980461250214,23.0,0,0,101.2292817255301,0
2381.655485141667,4.947885591348193,0,0,305.2208781866029,0
391.2521183105332,7.8876038734122105,1,0,571.756947367081,0
597.0192186784279,12.65936484686075,2,0,431.353364076476,0
2591.9064836888037,14.684230039939276,0,0,209.95067775173655,0
625.1884962562065,13.740513065894909,2,0,410.96005248073357,0
780.8317729700113,15.548647515435043,1,0,996.129798916563,0
942.8971112438505,6.9973880448464385,1,0,581.7309348107405,0
598.6218234191565,8.730345760723889,2,0,730.0848111723692,0
1292.1970750792277,5.133807108687936,1,1,308.6325172077681,0
889.9640016910953,5.26635316741954,2,0,412.75836219096885,0
1230.6488046208947,2.9640674103284272,2,0,513.4501110857991,0
533.3425807751642,19.53655834670387,1,0,548.0217194453564,0
306.75414371337774,17.040463119835344,2,0,576.7364529552003,0
937.8002324391749,15.229111633376498,2,0,315.0461876322787,0
851.837925899841,6.761466159608224,2,0,374.6959568547668,0
425.9730807598971,11.20858803494868,2,0,410.48500300416106,0
888.2644130374395,18.94592441988018,1,0,832.7841676476472,0
414.016045512876,17.222663436565234,2,0,362.818962376484,0
1608.824608573725,15.60253206299319,2,0,284.13841980967976,0
1953.4690853734269,18.98016251653763,0,0,430.01623195945814,0
1355.4397781166804,14.911292217910212,1,0,1378.0093738429055,0
1956.650460686047,16.200253303467868,0,0,275.1097754380363,0
1999.7523987179848,12.419685141812753,0,0,227.9470286581638,0
667.1177919171976,17.470483734058785,0,0,430.90580981006383,0
799.4876655245691,16.543703599036036,0,1,468.27541612480974,0
253.35008130421798,22.419966687595355,1,0,444.72719985084916,0
1065.6601902966258,17.14406914166381,0,0,769.5166429387551,0
632.2456180435121,16.077689969185013,1,0,224.17755471726798,0
689.4391690711194,14.793237256061394,0,0,748.7555095051616,0
1974.6556152147696,16.763598723249334,0,0,288.448460319561,0
665.4613557528598,7.186998601252685,2,0,588.7278801168397,0
1386.1019673564329,13.285426540034088,1,0,306.7134001387827,0
1415.3367122485931,9.164570636002297,0,0,298.71689721349065,0
34.08424207649689,17.48111841281424,1,0,319.790447187146,0
1692.3980166017127,10.109955438167233,2,0,519.1363133963929,0
626.3171643059056,14.770144653662353,1,0,143.505870607064,0
779.0011048407519,23.0,1,0,615.3192308805443,0
698.8194688572386,16.47220461746803,1,0,261.8885651185843,0
4263.960755670242,16.432666513896823,1,0,211.19769696170638,0
461.6425385496533,15.726547780823852,0,0,233.1079119808666,0
1927.1714881186147,16.252070806578523,1,1,812.4208330630972,0
482.9819746144358,17.33926956643911,1,0,942.9593474346975,0
715.2133886705559,14.592122729956971,0,0,973.0365431499109,0
661.3928401800841,15.969760044969677,2,0,734.4611121216808,0
202.14650149785794,12.750407575802356,3,0,230.1963439858391,0
265.19585798128134,23.0,3,0,981.3598909099627,0
569.9865865655478,13.971282022420414,0,1,459.58120687949486,0
764.7671559032923,9.591674359588225,2,0,287.33127233880987,0
421.73849826937516,10.001010311398456,1,0,232.37816862342845,0
875.1330695954043,12.643304173869952,1,0,355.709260474166,0
337.1288332565192,10.747290019792151,1,0,349.8242527320856,0
544.3643429153747,7.330392286411508,2,0,408.9814599478648,0
1577.8998209318459,11.310858150674887,3,0,579.9140200210195,0
96.29905974289063,10.402931252494056,2,0,325.9751009433518,0
2446.341531281622,15.502934623195657,1,0,696.6693629641445,0
12593.463770651717,0.8520460563720258,6,1,54.68160018924202,1
526.5517511182958,21.272284783541686,3,0,506.3447656527187,0
802.0612141942307,11.699703788899171,1,0,269.5086110857626,0
491.72196221716,9.386257182178152,1,0,231.10241528828718,0
1311.6117145548933,8.575877145172491,3,0,590.06970391168,0
188.34326814919288,13.871331025803762,0,0,545.5532934486345,0
1141.542410071485,17.577392158915167,2,0,197.91364419216123,0
549.8543556030737,7.058477458432531,1,0,230.07043877863347,0
654.0536318580923,9.948293568453632,0,0,397.03388744455,0
310.1004478112581,12.045002792381807,1,0,746.575246804539,0
287.56987023781096,11.508677867793754,1,0,251.02948380740892,0
1308.2767310799356,12.597808594169292,0,1,827.5984752957012,0
856.3037402823078,18.087424903851595,2,0,352.56419968670895,0
1038.4175700419164,14.3681944647012,0,0,702.3293280950837,0
1279.3048205195062,8.650454284168955,0,0,392.4953330713885,0
1488.170639913232,21.246545614343376,3,0,1241.2563461201325,0
1775.7768278386548,18.884914038309784,0,0,389.0314909242434,0
515.6319461809433,13.142454205543793,1,0,660.404851658887,0
1200.9288554617638,19.305658784743997,1,0,840.5898721502672,0
446.83088326586903,7.753822402136837,2,0,712.5927963033384,0
858.1059710538368,9.874940507969068,1,0,604.3944188693469,0
1208.536683005089,6.339087919592723,0,0,622.8144274576206,0
247.34254731542592,18.194354303390135,2,0,331.10286522056924,0
37.668026578574946,8.54630971138326,1,0,229.34032413032193,0
679.683640510012,17.10025933819542,2,0,512.7474007563499,0
552.9540136462745,23.0,3,0,400.9059937915364,0
772.8329112708664,12.900986471961334,2,0,467.3464852508933,0
739.4357753457497,18.63857959375042,0,0,481.5124951639878,0
744.9045452286778,13.92443204957026,1,0,389.5740396840277,0
297.64657814715616,15.142860431637624,0,0,273.3873407580385,0
234.7731025677764,11.94271745116759,1,0,749.0074934011893,0
948.3455551947084,20.084298545645005,1,0,401.4174197562067,0
1287.6216274362826,11.857857826222116,1,0,767.287316059885,0
114.71087005325181,5.864990386092263,1,0,753.0138532947044,0
1540.5778510432697,16.38763955555592,1,0,190.91248887919573,0
605.4850462521798,23.0,0,0,487.0590962942629,0
1468.5245647520037,7.981711870440385,1,0,197.84512354922182,0
1536.4916885609823,8.564848359993624,0,0,522.1137595133064,0
1073.5759436688156,12.997730433235327,0,0,312.71878841696787,0
293.57239461171525,16.85997818696342,1,0,279.42776691668183,0
382.41232397654335,14.721686686248518,0,0,302.85789675341755,0
11197.067977750865,0.0,6,1,18.206223426438175,1
1148.0890266760387,18.95823189130401,0,0,581.4741145590716,0
296.01821960945233,16.14503424008194,1,0,531.8727147211715,0
199.46916459785004,8.614936495756137,1,0,325.58493502987045,0
991.8895567799252,23.0,2,0,585.7714853119236,0
409.15403503161525,14.466549690304834,0,0,266.26122231393555,0
5817.493279572881,14.9080760739721,2,0,587.7472151269151,0
187.56773032028383,20.508128190651945,0,0,801.030722696533,0
687.2171079524725,6.677739724375924,1,0,361.55134200773057,0
1317.2022098375544,15.6481276558737,2,0,496.0016186732569,0
1858.4425012735474,16.87082104181926,0,0,726.4000850310132,0
1202.9619759998307,15.831178765918693,0,0,699.7024642596044,0
412.1054801571102,15.769909663355033,1,0,293.15458981350855,0
150.51105636757043,12.872566646989403,1,0,422.056063809019,0
463.1668593824704,8.77700105310791,0,0,411.4602521326316,0
1009.2511411177047,13.256726856843288,3,0,248.1342759275563,0
2452.4715326235987,13.086551166593397,0,0,429.6116567644285,0
383.9422545585596,11.937424753382157,0,0,463.732479987482,0
330.9828474867454,15.641177830801274,0,0,516.986265830088,0
853.7640047012071,16.84891675267201,1,0,490.8741884726224,0
558.3854064755932,13.962176701626754,0,0,524.2877350935473,0
1322.096126002759,9.225179821784986,1,0,508.98490838042846,0
1360.315866282588,14.643818681742165,1,0,587.7716114678187,0
1912.6247887140769,4.560688813888259,4,0,409.46758264082916,0
1594.973464791495,13.330107629956009,0,0,188.79707308283463,0
479.41718320104513,14.252133820697216,1,0,428.2225491189961,0
1385.863043879762,9.254569858574394,1,0,743.9882648988844,0
4446.301423289008,16.545813400383363,0,0,759.6825111894004,0
421.0653091750616,14.008674679369365,0,0,602.5617321298673,0
600.7077944035965,12.155594785169754,4,0,418.12023206735137,0
230.99758901319888,16.73252476804207,2,0,897.4053127095596,0
1141.2317003564083,14.550537928781644,2,0,334.4222449388566,0
395.9205441553261,16.69773766680509,1,0,705.9644389263248,0
436.0828645087864,11.144767110628292,0,0,239.24500302070734,0
305.1714142704583,21.4678558127894,0,0,296.8330430675212,0
497.7063723644252,19.929541277149312,2,0,659.3136680373747,0
765.4607824179686,9.052097981354276,1,0,526.6410035130156,0
238.1732775220911,13.886071825811115,2,0,69.9523327687265,0
2121.301959002175,9.531273589411734,0,0,384.94256967706724,0
961.1486769008669,13.554260060898295,2,0,542.8705179516664,0
420.07967881080174,19.79074777829772,0,0,628.9887103720835,0
291.79994592587144,10.48101640006978,3,0,179.40687996313324,0
294.2196254668203,4.195774292659042,0,0,869.6525664611127,0
1226.813085427395,8.120100981164454,0,0,741.4734172671248,0
1217.688610013874,21.438442232017568,2,0,494.1037915666633,0
1018.769454068164,16.833931952941025,2,0,274.51489733135867,0
1086.113487511873,16.6989536668555,2,0,740.4651387730636,0
2499.305233494322,1.4869555469628892,2,0,493.0577589278973,0
973.8658916234923,16.694334120846143,0,0,1314.2880689606493,0
1841.5699712627313,10.357355618892578,1,0,436.9025810589897,0
698.9288408738257,16.83620853403452,0,0,341.1788655712884,0
321.58458289116965,0.0,0,0,649.3640140785459,0
1634.6257447544822,15.435503187006297,2,0,419.58300983680516,0
1978.476089571558,5.288153868743754,0,0,763.0307644738638,0
9421.41762541568,1.4601216543385187,9,1,32.32714408706119,1
1425.3891348715995,23.0,1,0,478.64507265581915,0
255.86193851583334,5.738079717728722,2,0,416.49162231949,0
42.62460974604129,23.0,0,0,294.85979921533374,0
541.043244795695,10.596517904191046,2,0,298.40503945255335,0
1630.268348026483,16.818573612144647,2,0,389.38107596988664,0
1569.5524825896355,11.957811993636703,0,1,835.0554999403505,0
1909.8856156487684,16.788933619430814,3,0,807.2092881062443,0
782.3093225116336,9.843392954371918,2,0,180.45118855635215,0
725.2554035632259,7.097839588784269,0,0,565.0613754782125,0
133.71209831955676,19.376206534806595,2,0,458.19722899784733,0
1252.013020804724,15.699394906574543,0,0,518.8073587858113,0
1555.6738186188716,13.484960621156791,0,0,560.7886242510507,0
495.5510656775389,10.810423307954945,3,0,613.3921103380309,0
310.5751715560034,11.859238734560428,0,0,375.80063579296746,0
1211.9673945653658,13.257222925497087,0,0,498.1954206457635,0
515.7592617041519,17.45308761072809,1,0,544.9405604042826,0
929.4976625015436,17.34522371235266,0,0,552.3618742901921,0
1246.8241302423298,15.43905248463185,0,0,286.32733674513895,0
1235.3034934891348,17.110324524951,2,0,617.0239427524376,0
682.2115883824256,9.513534092878901,0,0,532.3584176396205,0
172.44362060210497,10.000596672433268,0,0,708.6465561359472,0
723.2819426401339,2.7755535302078655,1,0,566.1449767555039,0
692.4128794165445,11.644434882043498,0,0,394.764082028057,0
1315.133712723326,12.310979405188728,0,0,695.0255263972988,0
900.8255648154034,10.80391929606639,0,0,371.2713276969267,0
1288.124237474405,14.289914732944249,1,0,301.68448378298467,0
706.2021817394747,17.37080231123957,0,0,684.2246360825774,0
2204.634121677002,7.936424621005746,1,0,639.6198833944919,0
1032.625427883348,16.77433620107244,1,0,256.96257847557104,0
11707.727668596966,3.7588630717956177,12,0,7.268933320031198,1
654.4638593064882,21.76623593344377,2,0,195.66919404569376,0
696.8053431897226,13.312456277846117,2,0,280.6618215067402,0
1742.9908697897788,15.6976497413183,0,0,297.6790355573505,0
1135.6767198748112,9.479305784492599,0,0,436.1504231796178,0
1558.6628946880387,7.141192923560654,2,0,669.990830045506,0
1316.3812280253956,0.8779441697805765,2,0,414.3706726924396,0
1370.4866309361018,12.464287453810282,0,0,374.07429518246585,0
468.02082746206787,13.669890070269856,0,0,1021.5623559392182,0
703.4441739051618,16.170806193894528,2,0,386.40399748037277,0
588.5680651012972,13.643410547425905,0,0,583.8296573853114,0
754.9477623499969,15.532281603247844,1,0,242.65228253150718,0
773.4343910649227,10.488513934043821,0,0,956.7010077319871,0
1476.4739143372565,9.19994738906086,0,0,378.0313701882799,0
337.2620360755962,16.43956376063943,1,1,261.3960140051381,0
182.224584686726,13.142771282716124,0,0,865.0830686892022,0
1808.625474406626,8.171649571840586,1,0,203.19931699965022,0
1472.2669614529093,19.660668462284875,0,0,234.13480147914981,0
791.7929867091478,12.329333805783193,0,0,611.0282173075573,0
241.11864260021804,19.540989482129426,1,0,819.09286501063,0
777.5803609635927,9.26607968126902,0,0,511.61034402764363,0
837.9592737186636,9.18688361196211,2,0,663.335835842364,0
1335.600276913331,18.409091401003323,0,0,53.960491492750286,0
429.66844861441035,23.0,0,0,169.86978759703769,0
588.2638890202948,18.37995191289645,1,0,419.1874397603805,0
810.421274160946,9.418534764977199,1,0,462.8930999141346,0
2294.9238023692374,7.853233808929426,1,0,335.99561227524686,0
464.29723179359644,17.951316591906266,1,0,370.3340989443866,0
7344.395866868829,0.0,8,1,1.3970257921436429,1
377.3914577274541,9.570149587629356,1,0,919.98542785226,0
1093.1918626831712,15.483862535421174,0,0,466.1472649440548,0
647.4114993729822,19.81511651478518,1,0,728.5879267553057,0
630.8543857874498,13.561882268728844,0,0,546.7363356915711,0
2024.4175458752682,12.00730623504964,0,0,375.012713466445,0
1005.9749324424048,15.833433869275375,0,0,278.3804144896064,0
1285.9529191645959,14.285269184126818,2,0,819.508020797101,0
838.0433271175003,7.21087996683353,0,0,674.2167378589758,0
740.0025683681142,18.899885201796643,1,0,358.6583431327403,0
474.37773324267624,11.072793687004534,1,0,347.8253320748308,0
717.0355383490364,8.221792426885957,1,0,374.01519213980646,0
1516.7439674291918,15.126625897702526,2,0,440.00475161252456,0
150.57177948309476,13.091328775731906,0,0,399.5412093377684,0
1260.1516094477151,18.987104690621756,0,0,437.46834798367036,0
996.9376906256339,9.316162837084947,2,0,322.4384130890919,0
884.6821663833545,21.530835654422305,1,0,419.7075370796373,0
698.6812300972787,22.613138303522746,2,0,248.42525540259493,0
1892.9394578888778,12.913069002917474,3,0,468.3650516543589,0
1003.0868581481376,19.174690815819663,1,0,390.71768278379864,0
1689.4963822014474,6.4275527098287615,1,0,524.2719868064002,0
885.7644229239257,19.11840424581303,1,0,651.9443346091635,0
661.2661246248852,13.920206850677507,0,0,394.84014392973324,0
1101.2205994145793,10.399185481600904,0,1,705.3920830659342,0
1386.4551806066634,11.58948741015538,1,0,344.9239324175601,0
565.2980212941171,16.532122484736732,1,0,536.9731701840087,0
281.17670016927343,13.511445550673535,4,0,339.76731690270736,0
956.8193924371462,7.25834247359731,2,0,1025.6447404860455,0
1088.155886321015,14.139997725972815,0,0,482.17072209548644,0
772.5154238864418,9.64795232473432,0,0,306.06297358685595,0
46.59596628923562,12.764408787060676,0,0,682.9026008741938,0
364.70303114986854,11.313554945538053,1,0,477.01724725499037,0
457.8313393696365,19.761166927823076,2,0,1175.372399870691,0
1069.961588994403,12.656656917954793,1,0,508.9710345747515,0
103.95726533447082,22.490048424431265,3,0,844.4073047908319,0
236.16783364061715,14.360254250933279,0,0,238.82601935373873,0
1016.5506082886997,15.653650175487313,1,0,656.4775812308809,0
818.5966401017957,23.0,2,0,454.4859395459685,0
585.5888717832146,7.4906307406360675,0,0,270.9542391710004,0
687.0034963098902,10.46835146651854,2,0,149.4937685497059,0
165.57237896446694,14.475276118668548,1,0,679.1453895560978,0
104.41336943748603,22.5105396705082,1,0,569.5822417216235,0
499.9445736158482,10.126993260573443,3,0,288.33664490967755,0
1018.1250101143395,20.78670747858142,3,0,297.85936169963566,0
822.6573216400185,17.60363619148034,1,0,556.8468267922519,0
673.2284594691082,10.107542174408257,1,0,618.0931830434123,0
653.9431152173039,10.944928241197184,2,0,388.67686662069167,0
397.972126670689,12.416460338370428,1,0,542.5592121910696,0
740.619933059221,19.32709019575879,0,0,513.8096574723284,0
1665.5284734862419,14.019810905605375,2,0,427.16990472595853,0
1093.2441818015654,16.4026483126098,0,1,597.4302906393868,0
1113.5581921184819,7.20466751555609,1,0,372.5687560653895,0
298.4610756988836,17.93060273799123,0,0,532.8537015328844,0
224.48340473102292,10.018879386130903,0,0,771.4962613580235,0
75.0576533654718,15.512851674678917,1,0,546.6737187144131,0
3146.5898419708246,16.152897423132618,1,0,590.0581618329941,0
340.7601758000542,17.565366161432678,2,0,464.0103266069837,0
1706.3435107509683,13.34792586591444,3,0,647.029212031626,0
1340.8809655872021,16.39150196127345,1,0,588.4813759863,0
730.9568480321248,23.0,0,1,839.9175139364572,0
571.4364986277782,11.066529593936709,1,0,313.4759194495622,0
1558.2792887030503,12.192440137747653,1,0,475.5434586386312,0
495.00400367765496,14.724119273996902,1,0,1074.9487191249557,0
696.4162491755718,2.510437336071341,0,0,257.67537508608393,0
1479.3673717702331,11.101200616379888,2,0,380.7506472516322,0
173.10473971396934,16.695560326260154,1,0,717.8155184349338,0
373.8358871354813,16.99084066976378,1,0,492.9867151144047,0
686.2939257177057,10.702865563918428,0,0,287.1210329955131,0
1311.668211391127,0.0,1,0,725.8261897177099,0
1233.522095203325,10.64251243026257,1,0,380.24129712490196,0
304.2834559133779,12.418617284045412,0,0,229.97256617262383,0
414.87392495715255,14.419463096730457,0,0,877.8871615526047,0
895.0673070230397,19.949598580238337,2,0,834.1523921216144,0
959.576259967734,10.419027431933367,1,0,571.1798108687002,0
1023.387744657339,17.261866903798882,0,0,513.3001639774526,0
850.8904488428514,16.347401089961515,0,0,194.57868562739236,0
2918.3441241654114,17.688033822384813,0,0,916.5015402077462,0
238.5470024706303,12.593785468316646,0,0,682.2152788035,0
111.24024763983903,5.60182251146685,2,1,1078.85833068723,0
339.37152183327487,13.20028925850583,3,0,443.3165733781408,0
724.2533041938849,20.528227809200235,1,0,505.3195438014593,0
581.4645462758782,15.248375139938924,0,0,485.7169469988964,0
1174.028353608541,12.734257499785276,1,0,608.1081350126859,0
1057.5930134797457,10.678595127628395,1,0,375.1301408492819,0
908.6082796663785,12.463148401513843,0,0,512.9509417191902,0
649.3013216963183,8.147691453556881,2,0,222.60328852520544,0
860.2693898838911,21.81444909839088,1,0,254.79008625447256,0
8640.366234189556,5.009185274814434,6,1,42.34639294220322,1
257.59420374858155,8.483536285876868,0,0,276.5025125137753,0
3867.50432488945,11.405948589125597,2,0,240.70969814087303,0
1391.9393289030224,16.533110849758735,0,0,309.4039362667283,0
955.7929735202139,15.637845884256329,0,0,298.49011171867323,0
635.182433078534,20.1319497196096,1,0,97.82371225404461,0
92.86614534836062,15.446361260021527,1,0,741.1126722156894,0
690.2544891799321,11.257981593682178,1,0,628.0122511515282,0
1275.7097372755056,13.744391056334779,1,0,847.8391564417677,0
918.0077413221742,15.73941265601117,1,0,583.0116793691105,0
1224.2357199065252,22.734948490877482,0,0,864.949853641666,0
1040.9904171542855,15.741105520720843,1,0,882.5738786335013,0
640.1041893910341,20.771054626225414,2,0,818.2969342047676,0
824.1565120316084,10.3517679896921,0,1,1134.5323214183404,0
1192.9649787616713,20.261377387653077,1,1,584.3604732791736,0
805.02487444728,17.595916904746435,1,0,356.70785260608295,0
990.021337108361,6.98999688285944,4,0,424.16184233177427,0
10392.045062165253,0.006488865354792317,6,1,16.313944881078818,1
781.5806416843548,16.227395873437633,0,0,247.12956248143922,0
1920.1091531744364,10.175198234456822,1,0,612.3325740457959,0
153.50942082273863,6.440976276607998,3,0,600.2226729789285,0
1736.9485820781815,9.877883556683265,1,0,248.01287530398136,0
1312.1622470790312,11.49052942501165,1,0,387.7852094244607,0
1401.5242201531462,13.628252425960389,1,0,899.0657140243972,0
645.9393258753487,4.930587647652445,1,0,645.585280586856,0
188.01759437107754,13.203207126217679,1,0,310.8338466948195,0
214.04600308426637,6.984307959555002,1,0,494.9135021450554,0
940.5821070467199,16.309990118515465,0,0,631.0851554486258,0
306.9697254874074,11.763894352680751,2,0,961.9705694886673,0
1370.702658134624,14.649239152334303,1,0,457.81941109663364,0
463.7323763763032,8.318053246338343,1,0,454.27531975064454,0
1203.9390798039256,10.837779039680107,0,0,350.60271033866377,0
1615.5804117446123,5.941507790314025,1,0,894.4483661854331,0
974.1358434195563,22.70028634598367,1,0,715.0532620644392,0
312.05232065524456,17.153327049438364,2,0,1069.8927784650054,0
564.4926584825304,18.8085798025661,0,0,386.29240972808685,0
818.542642367814,11.211123187406185,1,0,367.8371499441551,0
864.7589880975881,14.76066859432058,1,0,770.655880493048,0
1933.7458426927549,22.267200544129217,1,0,918.7887753436665,0
1129.7061712941047,15.949238246887099,1,0,884.4773768700579,0
705.5601896294186,20.093040871672482,1,0,583.444740858709,0
1009.9821488776262,19.188200073815928,0,0,562.2292440222192,0
1270.8767223044736,10.92792259869394,1,0,323.35759557482,0
219.59811330037064,17.162534880309025,0,0,650.6532930104244,0
2270.21275918294,21.346067198634948,1,0,186.95015643889258,0
1063.9688483501916,16.023520563302203,1,0,551.7735216688213,0
576.7030952295553,13.378557702585022,2,0,280.9137103687684,0
5168.965771960621,16.979159322552736,0,0,801.0197232057228,0
1043.5297612319987,14.93080977790867,0,0,254.53100275764515,0
370.86310723666463,17.688933781449585,1,0,352.49832152708177,0
421.2524389392341,12.324414661030216,3,0,1245.0636579530067,0
1146.4755957206,3.6242651691610597,1,0,317.5618202757246,0
462.4305885318035,18.78208603296348,3,0,653.0910523647125,0
2742.2123629500315,10.826022589478791,2,0,613.8666429739491,0
460.04087137942446,23.0,4,0,646.787448943906,0
1006.5104784843002,13.958009913328283,3,0,233.07421636732096,0
354.968232774145,9.258229466891628,1,0,529.9079675112473,0
499.85416764843484,14.63994181838632,1,0,181.79565438250754,0
1980.1467858594883,15.268622515520963,0,0,356.16674971759596,0
2542.3769499938335,18.973465756607357,0,0,1141.2668521481135,0
603.1277822369781,22.296353321095953,0,0,533.8732624066806,0
217.52095662000445,15.251308688227365,0,0,465.04516290529585,0
668.6885409087034,7.678313491188216,0,0,302.6235302599938,0
766.6476953537988,8.198135111662676,1,0,596.9398983467786,0
455.01618721102574,6.762688714864202,0,0,281.41449880806266,0
1656.3396021470153,20.020005650428256,1,0,1062.6563580095815,0
55.896696676315386,18.392662792374246,3,0,506.8295480836088,0
3327.5709459556683,16.48350806121196,0,1,786.1997871905128,0
3246.6026522887405,18.77940637840357,1,0,454.3373848054526,0
681.2598916270452,7.406720453910661,0,0,725.3077655639066,0
408.9060954067802,12.404409551510483,0,0,667.8997673939444,0
11195.88115169341,2.8965163745409908,8,0,16.18798859837404,1
1460.1552650671779,14.42535042693697,3,0,378.4864385972171,0
154.92773272752828,14.725031586806832,0,1,357.7398738408066,0
1828.5924277657,10.804303911074799,0,0,403.46703698256084,0
1060.5844210133196,18.85544169191101,0,0,160.0154019154909,0
281.19335716393005,12.600804620785304,1,0,495.10249091886965,0
1723.3474968064393,5.579531353262972,1,0,631.0018894977394,0
765.3419128717908,20.696980612195787,0,0,668.495728984756,0
374.3751754576683,15.649244951327514,1,0,618.5694802326615,0
358.58209172885125,14.9124965555635,0,0,542.0322469699606,0
1017.0084711626357,11.844101398252137,0,0,554.5317362394414,0
636.2127161821867,19.304143434929422,2,0,450.3520162994257,0
1525.9564233479655,14.896592505799015,2,0,378.18059632706917,0
1103.630060241331,17.43588737549324,2,0,524.6763429017448,0
2277.716649261606,10.082559358270629,2,0,420.0354478324295,0
1094.02219911621,11.429543304100186,1,0,797.8623731851205,0
1399.170911087507,15.924854906598485,2,0,437.050599887861,0
398.5044115396189,17.08919109439611,1,1,497.95614882608794,0
2572.7793841935713,20.94044118320151,1,0,254.45969113751565,0
354.96168112106375,5.747554082274958,2,0,207.13095690844568,0
107.07507773298627,7.255248276410143,1,0,1116.865505126308,0
1661.7135587395442,6.471451688103462,2,0,649.8508745258449,0
1150.4414743448326,19.434578088945003,2,0,381.19145440088903,0
1598.2422892157779,9.654353787510349,2,0,364.794709731348,0
1131.4690589436118,14.78416083268095,0,1,584.854212935103,0
298.997835810563,1.8725855072365665,1,0,888.3293347097268,0
1035.7912937090673,12.681473472117231,1,0,760.9857486051118,0
1135.6765914490038,17.619398433002722,1,0,319.0318880339388,0
2033.636183128723,14.423100241967743,0,0,651.6248297352078,0
1189.3025574706794,14.477302337794143,1,0,543.7919129980218,0
1700.9535930203344,0.2925528526131167,0,0,192.60006131738132,0
418.22171551758015,12.662935970557262,0,0,778.260220928238,0
1661.509668549004,5.900400984057832,2,0,430.93953352798246,0
802.2499250529431,11.701509287630397,0,1,502.3577943524526,0
552.0995759529702,21.011813267251124,1,0,809.5923549239134,0
1272.1016357510534,19.315237419914155,1,0,288.8093521359773,0
772.0414277556877,12.747863912816193,1,0,247.74523639336326,0
596.9156167643881,12.565635105506985,3,0,138.36252883974717,0
1459.0687258235066,11.003891027345757,1,0,586.3441312847846,0
541.369806004911,20.452554988139966,0,0,372.34416955413786,0
170.34713292410174,6.555062486810372,0,0,392.6439254316508,0
766.1731372473847,17.389816447996672,2,0,329.68682306850997,0
689.6246748772874,11.96573463868387,2,0,475.5091948734826,0
2612.2584628702643,5.000802323057812,1,0,628.7004711217056,0
1524.636847637384,15.859084054973613,3,0,635.1919780550984,0
412.9742886511513,14.037319195625168,0,0,690.1195775951206,0
94.69692043908886,19.95571686374018,2,0,529.5669256890869,0
1860.011216108279,10.971658091207438,0,0,183.5740832658081,0
4816.657884824657,4.359653887565377,7,1,4.555499112746383,1
558.3618737889813,14.0041066838973,2,0,451.537459642626,0
647.6872898379485,18.300601959924833,0,0,717.4803008932171,0
1275.3711068415073,16.45329840362694,2,0,499.9020790140392,0
1359.975349578908,14.935100538469687,2,0,617.3107234806803,0
1204.1470523733196,6.715312272396351,0,0,339.2284085999946,0
1662.7144465140204,15.276785156584188,1,0,598.2750559734384,0
777.7149966512983,15.536681572406282,0,0,368.7489119372756,0
1178.8042454162903,12.138064072886774,4,0,689.1200007034876,0
1617.2860944924757,6.320676645672448,1,0,485.86413559658484,0
1372.7864187076743,11.022550037553566,0,0,289.33489405157286,0
655.469481304736,15.789272005523276,0,0,563.5751815242318,0
1013.2005644529116,11.251457989216448,1,0,568.9103841253961,0
319.5570538787892,11.960505377281759,0,0,639.6926526453108,0
1140.620245521577,11.922747584806253,1,0,319.19973411460415,0
1530.5773065339024,13.507773429116257,1,0,453.46351759661684,0
493.10240870136016,16.69114655915208,0,0,640.1978903528928,0
2517.318318392125,15.354941073436,0,0,382.41630582602187,0
417.4836304210325,17.280217836014803,0,0,1468.4256135274093,0
605.2283063071668,9.607997613303494,1,0,564.1259992814765,0
2279.1473751876624,5.567349701548316,1,0,387.4839038737612,0
416.5863285614166,19.63640561716035,0,0,298.19409019522055,0
1455.9214642259417,16.89649322539818,2,0,208.2124188730828,0
393.46002718896597,16.06057150365301,2,0,550.1282942112464,0
201.84363971759527,17.384414100766083,0,0,617.2847335285566,0
418.0659903387301,2.165155212468191,0,0,361.9123944655394,0
1408.0080733119812,13.283102475800124,0,0,399.02191928287334,0
2258.4679207488243,16.946509029720865,1,0,694.5737815041823,0
2687.2474364271743,18.058416973776097,1,0,278.9743959605599,0
1227.20367254432,12.406305502112604,1,0,476.18775370660734,0
981.7170823244153,7.954443555057243,2,0,226.41370782095476,0
350.0379785304387,13.616204936186353,1,0,455.12983682128834,0
925.456398297075,16.65189345918894,3,0,300.1277703318569,0
1165.623854462073,20.433994263629508,1,0,537.7284013160888,0
921.3034833275002,5.1412261048405234,2,0,997.9351109253811,0
3336.7372463435895,23.0,0,0,654.8603739187059,0
171.6164075370913,15.961362633252742,2,0,710.2780748804445,0
15.148918153473703,14.42719342609955,1,0,963.8940723336806,0
1425.694505554914,20.427502482422067,1,0,301.6066538305639,0
855.4787876839558,17.219565051480778,4,0,1561.8824883100592,0
1654.1740446244116,23.0,2,0,195.66403415489114,0
1217.0078692450872,15.192787657709022,0,0,358.5077827302529,0
1201.3612749549711,12.576677247823646,0,0,437.87721850876187,0
2604.6445432702203,19.173286849341043,2,0,395.02958840706464,0
398.22245104560733,4.105299131015871,1,0,654.3234711623282,0
1386.7514291824734,19.954429664332597,1,0,734.3276148616047,0
1832.0276725508638,16.287343430440043,0,0,834.9441938300586,0
568.8444803488537,13.539129599733482,0,0,591.4544984556665,0
1670.9429968993554,9.62395399610627,3,0,754.5482121434617,0
536.3566365816068,20.097664679741293,1,0,940.7230380719634,0
2135.8976853034756,8.503757212167425,1,0,152.7431859717569,0
2763.1085775848887,7.7535153713242675,0,0,297.8088152337307,0
969.2146752631481,3.2021666117867067,1,0,484.269253825462,0
1535.994020429713,8.176948631370145,1,0,280.1659121382953,0
1341.0876453193764,10.061613517878499,1,0,476.63024184343567,0
205.4052168062995,21.39563944227721,0,0,536.0413213245108,0
809.1078230797053,20.795688416510096,1,0,793.0605662585933,0
829.8611917653169,18.035302811042595,1,0,231.38270340508888,0
1235.9534608903143,15.071501160268738,0,0,846.7283254257444,0
2793.595090894223,18.08742890328096,1,0,686.0598355862852,0
1053.641397416214,3.0400735073779295,2,0,294.55767271304074,0
2035.250515108304,6.502019517203161,0,0,405.9291517708862,0
131.78261366842838,23.0,1,0,862.6632504472212,0
901.1831714135528,15.200249142459707,1,0,772.7490386922904,0
1609.5787979263807,11.233661706566197,1,0,393.4581904874253,0
678.5287164253294,15.171569943057769,1,0,82.15747266314371,0
1078.2930133729478,15.314930620523578,1,0,300.59544605143935,0
1891.7839016544428,22.313530080017483,0,0,174.3434992908641,0
843.947609992191,20.565848935456735,2,0,1120.2521453268416,0
504.99776781602867,0.0,2,0,465.86095482121647,0
1359.4659690154597,11.840335153294879,1,0,572.1806703638239,0
780.7908563851433,15.033298492472456,0,0,294.03307321876144,0
885.9901435032197,6.5641109272498355,2,0,913.4540955688856,0
1291.7010290509743,21.908770787887413,2,1,661.4723796532585,0
941.3509340513923,12.005019278888517,0,0,262.1620537724159,0
296.9274817517343,18.92925889500753,0,0,163.30961929450575,0
1830.0877003816415,15.196320878052793,3,0,261.2357801445219,0
821.315931540063,11.764727820169684,0,0,556.2588737333408,0
2219.051621574134,8.285164006772746,2,0,510.2568893383139,0
83.44705515919259,16.081981293719483,0,0,1148.1925893714902,0
817.8125046093174,18.94975427200054,2,0,311.623175296593,0
1518.2715204309304,22.817596664088498,1,0,528.6301541278577,0
1165.445526999959,14.984259632374103,4,0,1062.433827580969,0
410.60592868670165,7.387310341913963,0,0,546.1710288759978,0
1179.3584921633171,15.037641389317113,0,0,250.61262424832736,0
898.7655229977279,18.07370012909302,3,0,476.78893393837313,0
174.9452545226482,12.689823890792809,1,0,335.10499119865307,0
539.6939101187544,12.981606827138222,0,0,895.317700354331,0
911.1890959381684,7.632554918826716,0,0,799.482659864741,0
504.82559747994094,18.75461059260583,0,0,1435.486467786291,0
2267.155703780495,21.388464365160765,0,0,477.9266567649883,0
969.9623043752789,12.418329033800841,0,0,1070.8545003119652,0
6053.932775002821,8.191203641041074,6,1,12.028747831134686,1
801.5298049236256,15.983528457569584,0,0,382.56140782395244,0
1067.1549728736952,8.570318397980786,3,0,349.69218911500815,0
1120.8954316318122,8.3092467745848,0,0,522.184135037395,0
622.9654392197822,16.557628360589437,0,0,320.1020219028298,0
295.4827633753379,19.03977950901004,3,0,326.1488413191954,0
1679.2537677800406,14.842253849662471,1,0,556.9881391142599,0
762.0940877576634,4.928459393051915,1,0,825.8646960968841,0
1682.3858750160057,18.38567309688925,1,0,654.0774153649788,0
1115.5229799358378,8.275458711805117,1,0,234.04898171802787,0
1160.2320750770093,11.911288164792104,1,0,694.2869715222217,0
951.5852989420056,13.087749985628653,0,0,618.2792177237886,0
615.1248296435698,22.50144321148996,1,0,807.3166809228109,0
740.9683529887851,16.676075738048475,0,0,315.0269825733029,0
1652.319923483562,20.215517889241468,1,0,249.02082229615667,0
4474.321601539058,0.0,12,1,3.9572653391529644,1
1780.4192369386128,7.50592570867771,4,0,353.11819298901526,0
519.7401716691592,16.748756108225425,2,0,431.31717686988196,0
827.4841537315145,12.156020675519194,0,0,387.31942461596833,0
901.8632806659559,13.317214453984322,1,0,523.4365860004975,0
982.8929571914679,19.90948226385968,5,0,315.20030209113924,0
162.51692852815304,19.30202105539326,0,0,312.37623133538193,0
664.7348222860937,22.58790102522159,1,0,609.9563766207978,0
1300.7762946894006,10.228376807267965,2,0,397.2015291298594,0
360.8054917791573,5.183745340040321,0,0,473.329519913683,0
1645.81371816827,17.274898969569193,2,0,410.7790769601533,0
533.1705319339336,17.109761212394652,0,0,769.3782220115955,0
2374.9173149453445,16.075748163045333,0,0,547.8882635984086,0
8689.523885908653,2.964479402099915,9,1,27.57969593020196,1
2156.6455150652873,20.81379781148128,2,0,328.0055221267309,0
1221.5213133105149,10.162983639161013,0,0,545.1407359263233,0
246.92856447495595,20.497156075352272,0,0,844.1527072029569,0
893.6773891945387,11.103297152120922,1,0,536.3491308235668,0
1193.328935411383,16.347512405949225,2,0,450.8564466187424,0
1203.0595867531517,16.53756436041164,0,0,567.0129890350379,0
339.8674057671721,11.804223330265948,0,0,495.1311437196918,0
215.82906118676027,20.81370413499481,1,0,780.3957599983524,0
1013.7980847633918,14.95394968343394,0,0,146.22374822537952,0
2987.4191837901344,22.052423676616016,2,0,368.7839709372963,0
527.9191186606239,10.640119233232522,0,0,606.001600780258,0
1204.2676676412916,14.904689135019996,1,0,223.81787380815788,0
1388.5716522729742,14.945497783834256,3,0,453.61146189841566,0
664.0622891925245,12.08315587885968,0,0,1022.4998879742204,0
655.6363193402615,18.358525655306885,0,0,788.7601459323856,0
409.1135375225762,12.831633541375382,0,0,235.7077016230125,0
885.9136390558454,11.26889792256409,0,0,448.50591674921424,0
1433.008391289783,9.463105574167521,1,0,326.1291151729852,0
717.8573704695651,12.64994006274399,2,1,53.72785742141979,0
1906.1271146990293,21.75573540699009,0,0,312.29840785231033,0
844.9230457026717,18.686031352908426,1,0,622.9504227633646,0
824.346155853297,14.980546460659177,3,0,390.4977726861557,0
472.33356448923496,17.721145597807986,1,0,835.286842947075,0
1082.5569310866367,12.88288263629174,0,0,680.6742268199285,0
2189.200865886113,10.196330766114947,1,0,290.30991704469966,0
1525.3605566569647,14.547911252191792,0,0,352.0493198300357,0
464.98367252149944,11.231883429371788,0,0,450.7978989476671,0
759.3352891879196,16.13221358130471,1,0,484.6049923985294,0
643.8800425280936,10.376913057251564,1,0,701.8409725564499,0
875.0260654224951,13.495793262277125,1,0,375.89376325068724,0
590.1709712918195,10.744118530541122,1,0,1065.1780789266525,0
311.84967669281446,2.702233436722043,1,0,664.1097427921936,0
882.9800672930899,21.601389944414166,0,0,681.679360764499,0
367.1669514187128,14.298309468484891,2,0,218.29238385486698,0
1384.4060730946799,6.304725392147658,1,0,724.2590619092435,0
1690.6461021651173,11.054282272578051,1,0,788.6716644515534,0
504.01255111398416,5.226207908618708,0,0,177.15911922353862,0
694.150853576187,6.598662715506092,0,0,619.0644202776452,0
608.5383165885055,22.119307061610712,1,0,609.032886703686,0
585.2275637628501,19.512634782280074,1,0,814.7480391477494,0
519.5788658398021,10.031477102488807,2,0,738.5580692259016,0
1531.7679546241184,12.486694781622251,4,0,292.3845408408029,0
727.603936296281,19.173340508764678,4,0,454.40046764385863,0
710.6503453695718,10.297092298975485,0,0,600.0764182556252,0
2893.9455374568033,16.422885963971144,0,0,396.08222840536473,0
699.8891249282806,15.518462969605984,1,0,276.43738358746094,0
1693.9886477904402,3.10109404017874,1,0,512.5370786076536,0
388.7316930097184,3.7493047872232346,1,0,487.7885584208736,0
1160.0216738167207,15.894256146174872,0,0,369.7921206725473,0
1123.9119295205096,12.203604825231423,1,0,135.97131609720884,0
120.59113570204342,18.209283146982408,0,0,162.1566301291982,0
1585.0458642412489,6.699248689668004,1,1,249.04505991127314,0
1507.5089793374573,10.656229407392425,1,0,577.7719806532632,0
1000.8394673612473,12.324558503883278,0,0,641.8466091230806,0
485.8073925319278,16.279513165838235,2,0,567.6853517903897,0
439.05174953936,13.065142435913591,2,0,826.6669395407139,0
191.2304225398686,12.82870271399444,0,0,470.0823563908848,0
688.4133598229398,23.0,1,0,599.8148491875854,0
1873.0069896111095,13.263650862435274,0,0,580.3262381788735,0
669.2794225827945,19.829433697342083,0,0,347.11229119151807,0
441.21603217723737,8.777819015961102,0,0,652.7003485821627,0
1103.1725545986424,15.216541126443751,8,0,349.77321117477834,0
769.1483294303504,12.371893584250019,1,0,583.036182283138,0
11730.325511837593,1.1312159419949288,6,1,7.29496108276333,1
237.43479261982813,12.714496910947068,1,0,995.5149462318097,0
394.2676683993653,7.611975879719703,0,0,655.2462174818877,0
807.8860480114932,13.386731638726628,0,0,283.5549311045604,0
867.1648586507138,13.74602982386054,1,0,934.024178464314,0
1019.172941507249,11.724956271394309,0,0,451.13085288447854,0
215.8089059471299,17.30108902567914,0,0,645.0206080645023,0
2568.3845059379823,14.215418711010601,2,0,923.5285138947672,0
977.8731248663573,15.139736310313046,2,0,664.3283245232246,0
247.60353845585055,11.707236699344008,2,0,216.22303175817655,0
744.0793700396296,16.243323525220077,0,0,509.1362852032121,0
2063.5196645699853,20.185653538943484,1,0,514.6762545337187,0
966.4551279628314,21.513638403996428,1,0,488.08806388991036,0
586.5512212386327,18.314087776151663,3,0,413.2130520447487,0
100.54782924929226,14.79635986083504,2,0,658.2699260011346,0
526.1252876073187,9.388877393330574,0,0,432.76651864794144,0
1437.3079803950807,21.228175233290436,4,0,528.7956686202126,0
833.2483331295351,19.87340566264016,2,0,271.8766622060044,0
985.8989530550393,18.1907344844858,1,0,496.84786909704474,0
734.3460160389599,11.159275473722928,1,0,712.5861403863336,0
1546.5490889350501,21.681587869090233,1,0,709.1200744937709,0
1594.0217430296789,3.155700771487245,0,0,836.6132367026584,0
489.2113935137143,14.028606405495612,0,0,342.018332192837,0
2152.8285079478924,5.394764371851686,3,0,754.0183751804609,0
214.98453930406032,12.146245080961762,1,0,709.9168297741029,0
740.2321675749728,13.572200828831502,0,0,765.2553642038246,0
650.9812855673545,16.07835987048288,1,0,358.52157756073956,0
654.3641818578873,21.7239867319213,0,0,193.22132581843158,0
477.25346180099393,18.91219415364454,2,0,448.151604997405,0
1651.531107727904,14.128776754616315,1,0,709.0305808052665,0
626.7573830360209,11.37023630102853,0,0,411.50965939539236,0
832.8760211801815,20.14057646890464,2,0,366.7944829860608,0
866.7396555930146,14.955402183161253,4,0,1131.9709803004978,0
1503.3557919847085,21.38376864924464,3,0,309.8427838686034,0
1141.463975440832,10.50894958831486,1,0,794.4023926772719,0
362.06296560365274,10.813940875704926,3,0,500.13986814315797,0
363.0275048934027,17.384310686672062,0,0,286.4638532708696,0
444.8535907411859,15.372414538142106,2,0,269.58309492321735,0
235.01660572944851,13.852609424890314,1,0,406.2680584657578,0
1306.2109990530844,14.695065905294875,2,0,531.0058750080577,0
917.2728168604863,11.081872072726751,2,0,404.0789884168257,0
986.3957811618798,13.896064080545495,1,0,737.6079462112951,0
430.7398425246213,16.65297832444662,0,0,583.0018649329717,0
367.46801508757505,16.382920734916965,1,0,446.41492227881736,0
624.9669964346018,7.559446349662364,0,0,269.0234523849868,0
1606.2445490911578,16.25074880029866,0,0,602.0817196551119,0
1974.6962490598653,15.5652502440936,2,0,295.4589465157023,0
2173.749977401292,7.591079024426948,3,0,1149.7953824016483,0
2244.1953669037835,9.43475408001634,1,0,452.4876521220373,0
653.9264640696384,17.872816521912295,3,0,961.5380254983895,0
2694.5154900212156,17.735932950625468,0,0,248.87003436156309,0
154.68280252604256,17.415313556995226,3,0,358.6686892285747,0
2607.520323982233,10.064267022350482,2,0,154.0923612631591,0
467.2891706250051,8.98263955678469,2,0,589.5549799952609,0
445.7993828922175,17.046425582079298,3,0,536.427163286199,0
1026.7742963740839,12.743595693376278,3,0,559.5385491685486,0
520.8477195191482,15.678769969256374,0,1,512.6958143487284,0
817.1796237484072,23.0,0,0,814.3132780258087,0
1738.0288180064163,4.6165483433106225,1,0,444.95864943997015,0
265.54850562815506,16.433097400640555,2,0,131.97440030908393,0
1385.9764627403415,9.854499739419467,0,1,505.7114219869879,0
873.1906932890842,15.90088693802723,4,0,823.6884805328854,0
189.36994251271304,10.658161876343776,0,0,474.0723541599782,0
472.04472650794884,15.592743059709703,3,0,615.5200321888344,0
660.4426755676232,11.022547965965732,2,0,364.81423500725003,0
249.21644210111518,12.36092344880321,3,0,177.99495841260236,0
625.1028777285201,13.478965431924857,0,1,678.0005940689236,0
483.9721495195495,16.00732983792264,2,0,313.8821775235992,0
1064.063807661532,12.495823565224839,0,0,295.0916874027744,0
1073.561782744058,20.315945615090165,0,0,680.2631066477198,0
215.77433328621777,8.01531036665948,1,0,737.212243206674,0
1243.7210700392664,12.554993906993914,1,0,213.69266176625058,0
384.73893070161665,21.407421234425836,1,0,611.8903141850997,0
575.6628614689005,16.115481219967123,1,0,278.15353001361865,0
1423.5105328936065,13.963813432752321,1,0,600.6613628878389,0
10896.05388124062,2.679862010748576,5,0,16.668178503073413,1
590.0332518229856,11.465563250663887,0,0,948.6553506358414,0
400.52663555974937,13.909165592972727,1,0,520.619684252939,0
900.6717527741957,9.080259670587228,0,0,889.7608975230144,0
683.7617243263563,15.588260405915898,0,1,427.6741301283991,0
1301.0312810554115,11.133475388843001,0,0,414.09532127998114,0
2002.8854028565202,4.620954535761843,2,0,610.3699039768566,0
443.18522384342504,12.550005578265203,0,0,353.78747066593155,0
2110.5229908042234,12.192047670679687,1,0,123.01818710982974,0
850.0101998004471,11.433629316026614,0,1,441.15735116239387,0
690.5035016181557,8.76066847005514,0,0,562.8144996730657,0
2075.5219123507836,8.21277523817022,1,0,414.89531434369906,0
84.37864694221223,17.791537131374838,1,0,375.73017541315767,0
429.6684166760844,17.919117028733293,0,0,274.2128988064253,0
1420.9527495044513,18.591154402388703,1,0,411.06005004633266,0
643.0082406066774,9.116611523463227,2,0,333.3778320641998,0
675.53138414555,23.0,0,0,357.3344080863255,0
1882.7133089512847,12.515570086538505,0,0,647.4312951369607,0
1215.1382854299218,5.0096082002856,0,0,297.72868264452137,0
1482.899564825921,11.354436663627471,2,0,448.8625516392556,0
482.4223115461086,21.721667434856172,1,0,328.30681211045044,0
591.4606692079428,13.123490917840268,1,0,115.7338432364999,0
1348.6312486304028,15.682960194510308,2,0,511.11834053956613,0
2807.953741220543,17.664209034988165,0,0,222.09096531551643,0
271.57074823177726,21.707341978891026,0,0,464.12015421927987,0
6626.022645692398,2.169960753310736,8,1,17.532538951830333,1
1004.8427456784623,15.97902470365104,1,0,408.08963197054896,0
1068.2080688794936,16.150066900117924,1,0,315.099003990172,0
24161.57603769032,8.106495775602948,6,0,1.8021231538688145,1
639.1394032231706,13.69565215034471,2,0,396.98673546162144,0
534.8586965112695,5.110122326488245,1,0,508.75359700349253,0
1418.4332226216138,13.360664815918947,0,0,556.6861480288145,0
653.4293520423342,8.16643363634479,2,0,306.62368922197487,0
411.23824559292274,17.46912706428009,2,0,648.2914435960176,0
831.8894700615132,22.275211107343658,2,0,387.224575118762,0
2197.9215123693357,14.503516070169889,1,0,434.2475410927588,0
555.5969762863538,15.723194697357712,1,0,1043.8325015916657,0
626.4559129487186,12.765883347617214,0,0,862.6943589455367,0
344.2269116213336,16.31722469058031,0,0,918.9402592184242,0
2348.5545051508675,8.540597141324682,2,0,256.2479917001315,0
372.5495029847977,3.652803703928745,1,0,410.1849926973115,0
1563.5986088131551,17.00526467537052,1,0,600.5348533810645,0
834.280876434812,9.316156996635527,1,0,1050.701507466289,0
1582.8983575997856,18.7152032078052,1,0,363.4768372886308,0
1160.5279909458397,14.420108804665466,1,0,864.1244519920532,0
320.64203666385845,18.38954898876501,2,0,792.0265185207084,0
1151.8334475319639,10.384650774920345,0,0,348.205933193985,0
662.5198481475888,13.28265134847801,1,0,520.4356425725391,0
878.4222540348192,15.595636715345192,0,0,281.95993320778246,0
1001.292473652408,14.079918833610993,0,0,611.9942395387809,0
691.1417921854768,15.307887420327035,1,0,179.5750997334259,0
705.8808903517715,18.639097280580295,2,0,858.6909206091448,0
593.5371157547039,14.274759468140752,0,1,585.6484098838282,0
113.01389499019294,20.524701020040165,0,0,498.9835969776965,0
541.1960025735843,15.006629838108068,0,0,304.66374091705455,0
1422.8272276175767,23.0,0,0,307.64943119482007,0
2307.390131629516,11.505106284720572,1,1,265.13669742875857,0
1852.6645694003428,16.589032934885715,1,0,605.2819187283728,0
275.07646505378034,23.0,1,0,271.5943646965967,0
298.5894373181721,20.55072193816941,0,0,529.8004444466391,0
819.6198998695231,9.406366824972771,1,0,449.3348480067875,0
1451.005075664845,13.460082666273648,0,0,289.763035044375,0
414.06666653849817,15.644926394522981,0,0,304.25749800599465,0
771.1163254130903,6.855669247751688,2,0,466.23443444595756,0
733.1025744486112,23.0,0,0,625.9997127181653,0
2050.3463393260267,17.836123137266444,3,0,531.7228363288257,0
1454.405573324744,7.6290125977959855,0,0,544.7898145862067,0
908.707289955308,5.0177063941499735,4,0,216.19535495301724,0
218.8603671863294,12.506673047101508,1,0,411.9738955279783,0
71.96773846670204,11.87543230695702,1,0,1001.1160099311244,0
401.7249643424701,12.452118632101246,0,0,374.19967628923354,0
662.4643327797364,15.180486471075378,1,0,342.9189683462272,0
938.4361884941121,18.650429023956825,1,0,217.25712093788295,0
797.8647844767763,15.32474300598436,1,0,650.8405177867812,0
1242.217616148559,13.430860927688004,0,0,492.25729148234336,0
442.78348808509446,8.37634470986223,4,0,764.2191659870721,0
203.7514972545,12.831043162001414,2,1,515.1970206637575,0
219.97221071942704,7.577924865224546,2,0,475.27379275766464,0
574.4829473937722,18.051139161512165,1,0,405.01299796492447,0
476.62185437786167,18.07754112068544,0,0,280.63676756642053,0
271.6869212088318,12.14944198288741,1,1,857.4602992476488,0
1088.6453144886752,14.579333897005439,1,0,673.6781322074654,0
1582.372656806261,4.895622240909654,1,0,688.7187419492952,0
2396.439135922953,8.78966088234447,0,0,386.55402675046093,0
1049.0506386305462,19.927402595208164,1,0,689.6297743176335,0
145.31394429112402,4.611375680448967,2,0,449.7604625631455,0
2609.360210171731,18.63986768710022,0,0,771.0430497935904,0
1453.4999964578965,18.181154882054336,0,0,282.5935035403677,0
1618.1121546011389,23.0,0,1,1103.618757833488,0
516.7071977505472,14.020492187252623,3,0,612.4730794546624,0
1135.1178947649537,19.414784145203377,4,0,384.9600233746424,0
380.52735935979183,20.59550513722994,1,0,622.2457748323391,0
909.0372040070301,13.48882895058494,2,0,869.3635029169052,0
1708.207912113327,9.800185648139006,1,0,226.26714442543064,0
665.3324270759758,10.432217545306234,2,0,383.15690985256674,0
14738.880016575267,2.5862816231998025,7,1,16.931590188658493,1
979.7557123540101,18.763246718462206,1,0,557.244271390114,0
3052.3124397862257,6.930843541448253,1,0,83.93490169864931,0
879.0295432475824,15.508944153985919,1,0,362.5466648649927,0
1494.653359760387,12.248783325460678,1,0,814.4938092354639,0
1168.7456328900448,10.495459083086098,1,0,271.5395180861393,0
712.3321051371121,12.061195385918879,2,0,375.8214115474666,0
682.2800118651859,2.620684049896507,3,0,466.7977928719977,0
753.4120984978183,19.229017256839956,1,0,1313.8890115167621,0
1511.308038990154,19.05065357174125,0,0,294.76961346382825,0
290.71433132265315,9.545886659998779,1,0,1052.3153915448138,0
315.6073697858181,12.66530156430187,0,0,440.86649818816375,0
135.56485045184652,16.863626596649112,0,0,600.9650381201216,0
8572.14658514578,6.483524506170699,7,1,15.63248624919656,1
1267.564914545478,15.353224431299818,3,0,472.3822999988265,0
301.6564493542776,14.29732963687738,3,0,294.627194409913,0
825.4530463460951,18.643837675378876,2,0,821.2373851701585,0
998.5993608819186,12.460520174807765,3,0,300.3530805718907,0
311.02819233041356,9.606659524141786,1,0,784.953915209231,0
657.3108840075072,7.506401825053127,3,0,431.0705201349549,0
498.21145349028285,10.98470085301021,0,0,216.11979431278985,0
479.4837996554565,5.909440910947506,0,0,911.4319974039473,0
399.9082081544777,22.88933570139404,2,0,344.8100841424549,0
640.606228246987,17.273341125359646,3,0,497.5151865460581,0
1085.384837833281,23.0,0,0,360.6929629049092,0
389.241134646798,9.37722390265342,3,0,386.8081308126867,0
125.33932950978563,7.382028039932816,1,0,773.8133398837316,0
405.7366308907779,15.455048136237211,0,0,673.4895640331134,0
1322.5932010213023,14.50161477878073,3,0,348.3597143567218,0
3875.453878499012,9.224911482302607,1,0,329.36226669418363,0
629.5946005426848,16.575559772158897,1,0,334.3789913749688,0
958.4227446612541,13.31387411720732,1,0,536.8970150499797,0
366.63745970287783,12.97341177598956,0,0,405.7327779089997,0
907.6025995394348,10.689057261616696,1,0,894.4438429810571,0
1068.2663576809878,14.148359124887225,1,0,115.62532199230951,0
1303.5042707382813,16.14363996647034,0,0,657.0903170299018,0
790.6853167766341,19.151583477368355,1,0,368.5931439301284,0
364.891286534254,14.923793234268349,0,0,990.8038186702239,0
2462.1935957743804,12.846719155659756,1,0,236.3810808692414,0
912.1612654046071,12.872360863391357,1,0,588.7248520043246,0
5749.765177979313,2.3853698173547793,5,1,63.14873288329779,1
327.95713287935376,7.080855980376991,1,1,663.938398530763,0
280.4447672983292,21.626516460372958,2,0,675.5272316548613,0
1327.6936209309088,15.153530782288469,2,0,983.9990462782143,0
1159.4839049148484,6.5735240910894595,0,0,498.05113839694366,0
562.5941318632982,15.077659898970413,1,0,316.7395035574392,0
1160.7909538441684,15.20205606834328,0,1,444.04675004264107,0
3230.965628299656,11.34730840853659,0,0,451.0304665144359,0
2047.0865284028848,23.0,0,0,609.7972794565914,0
10325.315465508209,6.41939470145767,7,1,12.832893758075908,1
1015.8121775877897,11.891440740782485,2,0,272.87209764922625,0
858.1593066971703,19.566300323010697,1,0,680.0925370317892,0
528.2230848649291,15.769884425318377,1,0,1008.5048701935127,0
1423.7350446523424,16.536499928148757,1,0,421.6663432917686,0
95.9156324690745,18.47617608331766,0,0,299.4845942465291,0
1771.2904227986437,8.692511793969063,2,0,531.5140310786257,0
1526.406149173539,11.851619364627025,1,0,176.29478531587623,0
528.4054415629228,3.6020594035378224,0,0,487.7430980821488,0
1221.512071416951,14.871555017632884,1,0,205.1870578113187,0
2454.426226860058,17.5480051070074,1,0,502.451817293867,0
464.4662254998841,15.680765850570124,0,0,346.36947130497845,0
436.6458520825319,9.394870358867358,0,0,467.5612090864127,0
1177.843261709124,15.599439839272058,0,0,482.09681885993695,0
360.1617952102389,12.1573411151455,2,0,536.724338647007,0
637.5160260619391,5.9220565076596134,0,0,413.7040730586432,0
1177.6528142932461,20.141638552722306,1,0,486.7101808091037,0
424.66225246226185,16.928792800811117,0,0,568.4945628277688,0
248.96778981525105,10.249531712558468,1,0,553.4858275325334,0
7182.637357643537,6.4268043143981695,7,1,31.935543251444614,1
416.95023177062336,5.113681006551767,0,0,552.7663955204223,0
2235.048076229538,8.087710263773333,2,1,369.5818711042866,0
963.5492546990771,13.92514790984523,1,0,534.2331573764112,0
175.65110918255965,0.0,0,0,288.173384728097,0
670.4774739486095,10.112761213356091,1,0,191.14874418612547,0
1182.2183461938632,11.702698048123949,0,0,265.3815849957494,0
447.9273175964243,14.708882803997446,1,0,364.5806289368123,0
782.095656720868,16.138181627761842,2,0,576.9372749718007,0
3514.8058109765075,17.859015001370896,1,0,882.036555517993,0
790.0792272770681,17.987885316321123,0,0,1197.9277675610922,0
1708.4363184632978,11.699064755510605,0,0,496.8325612607213,0
420.04426139894355,14.693477131299627,2,0,756.3162764951662,0
548.346039002323,19.210699463175885,1,0,369.6982277200286,0
205.91457339502819,4.7481115755907926,0,0,294.44377325179744,0
1065.8028635033577,13.574119538644991,1,0,354.54405573147955,0
108.12700261877237,14.800720824576873,2,0,411.30599374302125,0
1699.7315939885964,14.284359751428822,1,0,339.8605895097265,0
755.3115475909062,14.160371637785936,1,0,450.27939898634077,0
1179.3834598729557,15.1244789744316,1,0,397.4186499794154,0
4308.75711072436,22.104663926665584,1,0,629.9870917816684,0
987.3619837402658,20.43025051931713,1,0,538.8980054329761,0
1493.764853220496,18.877497796311538,1,0,191.94796666237605,0
515.4717862371821,9.581383509065791,0,0,206.89852475708216,0
510.4403730281646,8.568554131982243,2,0,806.6826159148217,0
2189.6502761358374,7.517808122075027,1,1,464.2816063986779,0
541.810181312296,7.343252793123931,1,0,363.8120958352325,0
450.29620390379637,11.094252444640492,2,0,729.960764903898,0
166.79158245499556,18.539303188522457,0,0,450.28176337158203,0
545.9598904187142,22.264170931695137,1,0,600.7887094509397,0
745.2028499573239,8.395753660941892,0,0,443.7333720205948,0
438.0778245403607,8.677332898191443,0,0,279.9367908885352,0
2645.394194679619,23.0,1,0,384.8767725915478,0
342.698665566383,13.305278245673328,2,0,628.4224400597373,0
849.555449840201,11.901151438165936,0,0,698.5353308177229,0
291.6186064264372,20.304758427404636,2,0,930.9282376391988,0
1752.406278014148,15.402874829793095,0,1,225.86865418423133,0
822.4828534655832,14.257761087163816,0,1,324.4445328309639,0
917.0368951130508,11.980494583068966,0,0,522.6517135425803,0
775.3736729800291,20.325994439764745,0,0,417.266836947437,0
812.1968785967039,14.472136121767651,5,0,581.687771127632,0
1964.5977116888057,16.17103588930943,0,0,418.8659711353709,0
50.225771614965424,12.5201621347587,2,0,620.9354553830138,0
2475.043094239319,16.386056228276985,0,0,800.3854492768573,0
214.43955896357974,10.639844616764615,0,0,346.7172787323899,0
850.808821276422,19.49536531276983,2,0,336.4053673058118,0
61.036361319586355,12.287437960002734,0,0,797.156446619194,0
808.7811842307375,12.066186056341746,0,0,744.769082588578,0
2001.9132783010493,14.126228145408165,1,0,138.03836678776403,0
944.1321317249904,17.57611634040876,0,0,210.90384635951384,0
845.0835588750917,15.209777011605057,1,0,779.036552541227,0
575.0001154206354,12.951009198227347,2,0,417.02048966365214,0
407.8170847466207,11.156788445299368,1,0,864.5951097979236,0
953.5859046578937,17.52978703653727,1,0,676.338854997722,0
273.47776171396004,18.563295687758625,0,1,390.904538070761,0
2705.5714680888605,23.0,0,0,807.852229107565,0
2698.1231996126135,13.40420365024383,1,0,725.9493617964184,0
191.8736860460639,11.266560891313915,0,0,287.6683135080092,0
959.5492098786046,16.33234845468153,1,0,544.8881673841115,0
741.966895351419,2.5745775266532487,0,0,713.8643052848367,0
360.9556639376817,19.351759176818803,1,1,344.5937347406225,0
1076.4057574514923,14.434298879068056,1,0,365.49320481937417,0
777.068875187975,17.438833650056136,1,0,338.0441903505981,0
619.2585200650898,14.803056510775841,0,0,391.95372676850633,0
799.8680088995959,2.2923479530446347,0,0,347.438639365662,0
11732.561088969811,4.108415970670974,3,1,5.7848429744934915,1
1058.699591846213,16.711296956242755,0,0,502.0287447190955,0
427.4617013996551,14.010627710789581,1,0,870.3272133211048,0
1496.0209948286222,4.049416313755323,0,0,918.1147403573656,0
792.6140451505047,6.585434794110434,2,1,337.1306021335014,0
2035.2951925638397,12.897953083919976,2,0,785.168054390689,0
1348.0341157395944,20.197688726171208,2,1,285.886311912832,0
943.7520078417604,13.744727936199709,0,0,904.8334337776442,0
1879.3636607693295,11.072392190521304,0,0,472.12032798896064,0
383.10206470284857,7.735001214158031,3,0,681.8056196518709,0
235.69539273201337,12.349159687465846,1,0,826.7620954735254,0
1714.1189054074262,19.863605899115562,3,0,598.3975586618442,0
814.6161331080922,17.853915739906277,3,0,592.8167550523311,0
727.1470009287226,14.894782056432211,0,0,238.89923342209366,0
238.43910106244465,18.92338347412273,1,0,475.17934878441474,0
713.4653003723608,16.562997556363992,2,0,196.88516975980417,0
858.0798068164285,17.754051194258036,1,0,439.6614916099794,0
1038.795468459069,14.792833477343049,1,0,425.889457068817,0
234.7355825515828,18.189268973839024,1,0,315.56048462655826,0
115.7421595356351,18.271586695868915,1,0,683.6078871264808,0
421.3371601508289,23.0,1,0,101.11120277544259,0
762.141875548022,20.316820424754596,5,0,357.78992866580694,0
2461.458926735185,23.0,2,0,575.3836059643165,0
1967.044242573509,19.712614097520724,1,0,490.98997604502335,0
180.9908155756673,8.329027884423652,3,0,400.39404137473974,0
733.4991851808031,17.52169300573798,1,0,575.1672522243973,0
2549.6809628287187,14.872578307728975,4,0,464.80254837086187,0
460.17521132977646,21.95654405592337,1,1,196.02993699114532,0
1507.2065490589646,13.42014373619268,0,0,712.0011778594136,0
986.3865792076872,8.335585933228634,1,0,762.6582038599092,0
814.1080310628166,10.966827168886951,1,0,182.41087680411553,0
240.98246438897462,10.27563607361863,1,0,316.9780375158517,0
461.6781774829381,20.88466865794331,0,0,598.5921011461818,0
1562.3648918777837,17.705779120424573,2,0,294.2745998949963,0
384.5825285568423,13.160822838097847,0,0,744.375779534713,0
786.2042352520782,16.603882223670034,0,0,449.4493443523657,0
1228.1307461341155,23.0,1,0,557.4236942587552,0
1755.432646428821,23.0,2,0,364.6941775460224,0
785.4360024060009,19.280820219050177,1,0,306.6515460807217,0
1770.42620594871,15.772951393023414,2,0,157.8402631072636,0
1811.5528023329994,17.518019340393682,0,0,846.8531808464162,0
1264.33876083053,17.255948847876923,0,0,455.04578562931135,0
1516.5711598191256,16.019440473703092,4,0,466.0041074834903,0
274.03405071603873,20.729355291878193,2,0,262.2364938215809,0
476.20813510405975,18.61576675252522,0,0,498.11441097596617,0
1787.1185707355462,14.795826301606942,0,0,280.9310580229846,0
1777.5442751456983,13.939022167030528,1,0,302.12626143018315,0
2236.872823475639,19.85564887754947,0,0,511.5822379351073,0
461.29597076903184,17.836127318247925,1,0,433.7785687414222,0
918.7858471178179,19.09462294567847,1,0,350.96406737588364,0
525.2843371108335,11.540602725927664,1,0,950.3848540909167,0
497.06416995339106,12.231474788722089,0,0,984.9197005385495,0
3126.562362722683,8.147425349355455,1,0,475.57409260274113,0
2551.507131201819,12.878422623886902,2,0,330.3281111418724,0
2079.326053987696,17.96612858905049,0,0,339.2428580280956,0
282.75761362647876,19.826627996116407,2,0,362.441069533987,0
1206.7360103204949,13.828433346250955,2,0,458.4556729114423,0
562.8214891228372,21.12702966186466,2,0,225.33184202347113,0
694.9534346594348,2.2360676505732044,2,0,802.9833324112124,0
392.41674148094006,11.136958621974467,2,0,214.73830398563126,0
499.5965999676409,11.704883747528424,2,0,483.4184194994852,0
959.033345919797,12.949181762219963,1,0,494.5713791861458,0
1536.9155960232358,16.595653234747147,0,0,677.439461090295,0
2055.7570247107683,23.0,0,0,632.560004593806,0
997.3074615666052,19.52556771637045,4,0,391.97293744642707,0
1095.3334029167124,14.712258795260304,2,0,353.191991439617,0
1015.2469162524038,12.123524151432896,1,0,657.6383181676908,0
658.3735289642939,18.61507409616509,0,0,534.8226023253098,0
999.0136100676524,17.100465987934335,0,0,488.48531047200464,0
1012.8876019980697,17.79956421588242,1,0,263.59986313681884,0
2053.6235409316855,12.086738258442413,3,0,556.944854671576,0
197.0277946233148,13.328202113780234,2,0,234.36899758720443,0
245.4469931529137,12.761942317792744,0,0,359.45630144771235,0
167.01792647764967,12.269117752028954,2,0,373.0784883180268,0
11427.514265870359,3.255898272038384,8,1,10.658488985233541,1
878.901133088571,20.853479944524878,2,0,520.9654729567228,0
453.3521195464132,8.405767409343131,0,0,448.16777721805636,0
795.1769136779102,15.602308107557912,1,0,447.8057816398679,0
2100.47884900298,10.131745440661378,3,0,670.8087511332824,0
1460.8646647268451,9.705698769271905,2,0,423.2109249652863,0
620.2313703467115,9.15906624639453,3,0,782.8759127588579,0
572.2451644631008,21.700110929621793,2,0,246.8347799627556,0
657.0166094628959,13.629717316779631,2,0,762.1171046027748,0
943.9475573960935,12.790394364338551,2,0,1540.200133273479,0
605.473677846463,14.882528450322411,2,1,480.20554840141523,0
1048.1771304819683,12.148929846960447,1,0,365.4305857622625,0
464.0115301835604,20.850131881881136,1,0,534.248221378712,0
341.9886741808888,17.267186853360332,2,0,781.5375280417377,0
368.25678814693504,13.998822575426084,1,0,276.7764678600718,0
813.3965670994357,10.765285902059167,0,0,447.89599394068694,0
334.5888672799157,14.65043468130869,1,0,783.489997196159,0
509.02640949417787,20.335640713623697,0,0,636.4211746573544,0
1577.3145361982083,10.083456216374682,4,1,489.61992139968277,0
178.56762224460314,21.212890861262213,2,0,530.5687471057937,0
110.17369919107914,18.012505768466845,1,0,501.2881212640405,0
423.61408197040737,11.375490185655007,1,0,568.3816313152807,0
839.0191311829997,14.778586597652204,1,0,819.5963572089488,0
1756.3049503745435,14.335938377469995,3,0,631.6278226436401,0
306.317409115895,11.40581478589156,0,0,528.3274644131585,0
2065.1120985876087,8.536490683764569,1,0,1203.2565393250125,0
265.69268397477487,19.44752229781528,1,0,659.1292570214032,0
722.6033093824166,20.49742999090881,1,0,428.3280072469768,0
353.0335326923887,12.562848958868962,3,0,376.5332455833526,0
402.9878387993631,15.68140415378678,3,0,588.0472182925002,0
2300.690842256987,15.029803581045421,0,0,262.15633070772793,0
354.7698119291235,20.586919589699107,1,0,400.06483814317403,0
336.30793808441547,21.881787731454615,1,0,233.9863433207523,0
2179.87520145385,10.038153679096755,0,0,463.9131412628551,0
845.7906517433058,10.172081036315634,1,0,562.9780181116557,0
750.0802131485864,11.977751587654446,2,0,563.7817817755797,0
284.2475959331693,22.92255383862255,2,0,398.189301973329,0
1804.6488286846811,19.321379359222355,2,0,220.04080813287698,0
661.141496679105,13.148564371290997,1,0,669.6098520704373,0
3956.901866936644,11.930661375131457,0,0,308.4098449777517,0
1014.0497313236272,15.442449221331232,1,0,637.3865841701538,0
790.717738551704,14.877068209132057,1,0,412.44067205205886,0
538.5753534276064,15.830279577303957,2,0,218.02340782996686,0
574.326779638106,10.547894823182709,2,0,545.7937833207874,0
970.4559298046255,6.880098330895164,3,0,532.3117133829759,0
1220.1223338195573,13.21876113661177,0,0,800.8941662159477,0
177.1568672783227,18.986696128795387,2,0,522.1827851853268,0
1242.36975982246,23.0,1,1,754.8997617111603,0
180.96304834528817,0.649160333142266,2,0,542.5927315412819,0
268.0629475391227,13.695658112898993,1,0,316.3134263637656,0
1931.2891059972535,14.582259888536747,0,0,401.99117942730487,0
1047.8494164144283,23.0,0,0,604.3410337246203,0
239.22091819926763,21.496438792378434,1,0,408.16537567759923,0
639.7400711276374,15.264463978451548,0,0,425.9557068174336,0
1659.8324155454795,14.847000402967744,0,0,193.16303195041684,0
1290.49234051233,23.0,0,0,405.1636715004946,0
1637.275169635026,17.494518957508827,2,0,579.302156587685,0
423.1004402226446,23.0,0,0,378.87850294056284,0
1118.8717668912677,10.465732992428283,1,0,298.5864614588913,0
2092.3575390164933,10.37188290681429,0,0,248.32516380893753,0
1133.489902196917,12.447582178437052,0,0,244.8954680449054,0
548.4394606181552,5.98001192622521,2,0,373.2424552629716,0
401.014175858285,18.69734743641949,0,0,461.31290074194203,0
728.1771159114585,14.167270601007425,0,0,344.22571258487824,0
481.77106969731676,18.365846461907942,0,0,417.12827107224683,0
2523.56613590978,13.130932435541398,0,0,875.1771650082212,0
563.3442586505395,9.470856185914636,2,0,210.43212579210285,0
299.3979587395196,16.50947194930311,1,0,382.4510095303242,0
255.09972772969246,16.860388105024718,2,0,597.084934775822,0
2050.193248670374,13.094452187977453,0,0,762.8597622798926,0
289.9971427937409,14.20835711069678,4,0,334.7531266288329,0
574.0025803664134,12.968004712797288,0,1,510.55483203955987,0
1510.7730760125132,17.355959958636,1,0,753.7752606024975,0
538.9962894446419,15.356365150546466,1,0,532.2242444580071,0
509.3240915750895,6.957754296989777,3,0,604.3830792022113,0
576.9543808322328,14.696542046179676,0,0,301.15637323144347,0
1635.9411057387354,13.41016207915658,1,0,937.9025985022583,0
4177.0424875064255,14.445938486192722,0,0,281.0187391475453,0
846.3908690068848,14.40297912014875,1,0,180.87337208319065,0
680.6699706341412,10.299090376968609,0,0,924.2804715389084,0
1047.6099634812372,5.319789702243032,0,0,742.606588026096,0
1758.4526579210456,10.795229268243014,3,0,497.6527801237043,0
651.3409832597205,12.21253576364136,0,0,345.7997303726096,0
802.2095318365245,18.05167314228723,1,0,762.4272818359854,0
635.7473813600056,12.901890796341979,3,0,528.0028404927895,0
1353.2185865796102,17.474574054556953,0,0,388.1429589771452,0
305.435176858161,19.38936538282401,1,1,275.23831001186466,0
1283.423257602622,12.441478928961267,1,0,691.9333632306017,0
183.86375080509106,11.609066513831502,1,0,444.2624530132387,0
1488.6938887422302,4.156589309583065,0,0,272.58483512786864,0
9279.122516586182,3.1410349156495525,8,1,3.9941662857151656,1
288.68722694784157,12.950232160947854,0,0,202.00952216104264,0
566.4046732477696,11.61545036201339,0,0,455.2008865603038,0
528.7813920457761,15.465680531119446,1,0,1050.0977411564231,0
718.2727203061199,14.140423085192976,0,0,556.7125701611027,0
2968.6417176957298,14.75716880080359,0,0,616.3960234971357,0
489.8353746240155,14.605046215994058,3,0,341.8163852434802,0
691.4531885020576,19.127467931331264,0,0,881.5053261683905,0
1538.1003836415591,8.031406088656365,3,0,419.01652516441493,0
890.5585538744798,13.640934285744827,0,0,710.9319397175358,0
257.67293642900785,23.0,0,0,586.6690369454448,0
499.0968136943319,7.123396589704895,1,0,694.1584675980839,0
1252.0353579237678,13.192764334150663,2,0,487.9031578542648,0
297.5982386226485,14.002858328228884,1,0,600.4311884088729,0
1374.9132236854352,19.662115549944478,1,0,458.85704822247993,0
992.9949618750202,15.035606385354368,2,0,497.53631548099844,0
725.0625145313446,2.703619142822326,1,0,522.0601148899722,0
915.312583258789,3.5344592634015157,0,0,441.24502665184957,0
1005.0179648858497,8.299586994882782,1,0,208.65078886864575,0
1221.0186183899784,15.846242216754785,1,0,620.5759655917694,0
192.26975880518512,20.85976025339578,3,1,432.77326125101547,0
401.82313038719775,10.505534520850812,1,0,719.4534650344538,0
382.3803721226043,9.734395154620906,0,0,367.1286578994037,0
1014.2014104931127,10.165293688084686,2,0,941.2470143673986,0
638.2798353008978,21.835976571348695,0,0,166.07188194670596,0
2475.438931756621,13.51324502854702,0,0,772.6084339342104,0
975.9017334981556,12.190930059577374,0,0,779.4935672210455,0
415.6551637348778,7.2270016946367885,1,0,830.9080767047407,0
512.6508680333869,6.206500973030458,1,0,1096.1620288134743,0
466.8754494841441,20.076629852382283,2,0,264.32146186398137,0
401.0680549438624,9.4390336439694,0,0,460.8852509818654,0
3164.3084906475347,16.508581621170983,2,0,520.772494555213,0
1447.3270815390295,10.81387150977049,0,0,282.8844876362754,0
198.28770406382685,20.704848067046726,1,0,450.2247940948198,0
986.3331584677062,23.0,0,0,512.9387243178016,0
962.8738323679614,23.0,2,0,277.92399693806817,0
459.8808060982899,17.359938700682477,1,0,242.7822990879915,0
95.92558026953746,6.234815352437751,2,0,199.1087898265969,0
644.2312586135578,17.977022366204665,2,0,256.0434693863689,0
1145.214259407234,13.023527101019006,0,0,916.6211036712905,0
2271.969082412333,13.615371221104228,0,0,515.8220916199363,0
994.5137659244513,18.569448707629764,3,0,502.54572479437076,0
1382.0623961210676,12.607676431408075,2,0,711.9323019356299,0
1052.040689872512,14.848782147684357,2,0,623.067415758009,0
1210.9222270489904,21.450717979417384,1,0,284.81677213249304,0
1579.3002308727478,15.244673059305583,1,0,658.5300203098432,0
1254.72709677103,22.061560700118513,3,0,422.9299658861571,0
714.5022691245215,3.94986188627559,2,0,254.11968099811477,0
1605.1399259777907,23.0,0,0,347.83335986827586,0
242.96928335312847,22.478049300646198,1,0,764.7684178619027,0
623.7651625934026,20.559632876656256,1,0,709.6238874560354,0
432.03953498321357,12.188327708625685,1,0,391.0227638131319,0
3688.4939578759218,22.328395402569477,1,0,281.6007988454606,0
377.50321744396535,16.87623266057019,2,0,172.1292975752318,0
282.0787271636166,12.73106962125416,2,0,471.1206141761598,0
373.9863714193684,15.714914836831591,1,0,633.4377399235385,0
1233.2546873606582,16.651530911248013,0,0,875.6323021986141,0
846.0782013150864,17.759604998139576,1,0,384.0835632746058,0
221.35680050776617,15.137106339688577,0,0,353.253395079662,0
1837.2190934575442,12.078886925841308,1,0,737.8388134706229,0
1085.756682024006,13.859378380290828,1,0,295.1589543893248,0
541.7094528791963,13.570302637515852,0,0,1134.3324047228693,0
13741.385894539391,9.935714999113749,9,1,32.287056118750954,1
1172.1276777490107,15.242312105656458,0,0,151.89085503432315,0
419.9742845509774,16.19585212216163,0,0,542.0071800118277,0
604.3471895534024,18.071699072839365,2,0,525.2461301425723,0
924.1424825567165,19.15509108521222,2,0,1157.0823501629081,0
551.4568001173678,10.15964822267816,0,0,554.53789771955,0
889.8768977457427,7.31865181724323,1,0,346.15735920348357,0
863.0973191984276,19.664211058564476,0,0,494.24590192442645,0
621.1893348538619,8.129478098119144,0,0,852.3681005553477,0
1400.7268947878792,14.037185694049573,2,0,191.98230487908674,0
1164.7644721130093,12.16813576366768,0,0,580.4178887935316,0
778.9101407728383,13.346071407487797,2,0,615.1076696702389,0
697.2512629846753,17.986261492700166,0,0,422.2837311746863,0
3643.179474741672,10.133619574444012,0,0,831.7797309053741,0
3860.866944382216,17.93477282047349,1,0,383.8024930730549,0
1158.6331072048843,21.509692743992336,0,1,800.9992724140855,0
196.86410233401472,10.810979662612324,0,0,451.33141209554645,0
1972.3714212966574,7.156644657399711,0,0,904.7868363345212,0
2051.7060712546013,10.336819089761939,2,0,1199.0363969116847,0
171.08088414020978,14.387279073980693,2,0,1021.1212884598924,0
320.61445657755434,10.017372124198264,0,0,152.45773366993365,0
1596.6373902843743,13.720479834243795,2,0,289.0748564510376,0
172.79905367181692,9.69920610369299,0,0,472.98417637171457,0
2460.0192077789416,7.077821980468317,0,0,615.8410212230324,0
541.2727577516233,13.937255276919275,2,0,629.1667414675491,0
1291.6117129099669,10.32234667046209,2,0,509.1082808536721,0
402.14681672828686,13.329756167489045,3,0,949.8305700237952,0
598.6651849209745,13.044157357163822,0,1,630.7698975610268,0
1791.6101463503392,11.361680074271664,1,1,343.65205384375474,0
1318.2484667776603,19.663112288858745,2,0,457.909736258419,0
2058.0727900546954,15.891294911589611,1,0,649.1205302276153,0
1914.1625404607266,7.120298382923595,0,0,286.06794441367407,0
974.7126914168099,17.116277117292363,3,0,436.370357976368,0
339.69164523466463,15.931057773312515,1,0,375.3763264341788,0
413.69036500948135,15.024526943462597,0,0,996.4670021881564,0
720.3843828703307,7.771169179431886,0,0,471.38787087737956,0
1098.4504612005064,10.757766733140393,1,0,267.40031000484015,0
573.5827343928869,4.1623145731543865,1,0,376.19816895722363,0
2406.124320295549,19.65649525124873,2,0,237.05376371509485,0
260.8323088829614,12.594608782399392,2,0,336.7336132975276,0
412.3823087554664,9.220090419443771,0,0,430.77915377398267,0
759.9642668499373,11.93603077823854,1,0,284.1654878494579,0
461.52328064990337,15.372680937916408,0,0,318.79677542295883,0
1953.084869359237,22.420852031703163,1,0,654.3594737723676,0
1149.5705319037343,14.088106554884266,2,0,171.1082992893995,0
1515.579913139046,23.0,1,0,1348.0389394761169,0
2178.35631917809,8.66673315540613,2,0,226.95853391160102,0
313.6426532436467,10.38281388418456,0,0,731.2226446847297,0
1314.0686188485188,5.627255553773475,0,0,292.5129335939854,0
168.01317059160743,9.0831163852566,0,0,839.1917123681338,0
2278.596060979218,18.06844983520364,2,0,329.95190893920767,0
901.3622677417032,11.264126979281162,0,0,717.762501895232,0
1144.154840260955,22.510736617510887,2,0,410.82324563375454,0
1753.4176287613643,11.478439832478415,3,0,594.0424589007704,0
925.7570973034881,20.40259318418498,1,0,593.0704530232498,0
147.29671602882232,8.657461839240316,1,0,376.6012644065335,0
3383.9323844317637,18.230059692103833,3,0,569.0614696230082,0
305.80964678210444,23.0,3,0,175.86503661175044,0
1071.123880665936,6.589408147829935,0,0,223.39540352720687,0
397.67199983918186,12.455676847134225,0,0,690.0170756786022,0
266.334647998684,14.431665093935813,2,0,608.3500524451857,0
1865.1002747769323,3.6623833990079575,1,0,655.1913389723661,0
964.2617302661914,13.116229090325932,0,0,542.5425824232352,0
561.4755080003642,19.817474998486908,0,0,392.8747639738745,0
1089.2435701542493,2.8033866671788736,1,0,295.1059216183539,0
697.2881572666076,10.317860081173661,2,0,383.35559242336797,0
247.2102114019692,0.0,1,0,446.6096222871494,0
749.6269255152399,14.109907763218013,2,0,698.1153539544395,0
3529.0038376455414,7.6384749336900875,0,0,227.4702095710245,0
553.8319880501804,10.433754359580137,2,0,492.42758883872233,0
1934.0017022595584,13.65359439835434,5,0,720.7778541674106,0
431.2991165168754,14.596961251970997,0,0,385.0730837133119,0
1028.9396374793646,12.80186059608743,0,0,495.0019369922144,0
841.0141376235019,9.950415716054092,1,0,877.861221941556,0
872.4611808971074,7.496440997040086,1,0,284.7018325212538,0
101.19472223086959,11.255224793594456,1,0,456.622234972527,0
1226.0953316525163,16.392654154541987,2,0,267.3288265483945,0
1559.3456594328852,13.829140592328363,3,0,747.7350832365137,0
927.690157224065,16.389394680480258,1,0,417.2856432417109,0
821.3151253047618,17.486937393559675,3,0,688.0330182339536,0
1827.203603365624,12.074473115777735,0,0,506.8130890863058,0
610.5422740443776,6.193285084500557,1,0,460.0689458516558,0
542.4536868123272,18.99431080164107,3,0,967.6067993819474,0
890.1626658837572,11.609266386468608,1,0,699.2406315998574,0
2588.0463794496895,4.249146077378006,1,0,337.7200216439938,0
462.34213891744673,19.383323257511357,2,0,686.3884636184969,0
651.838325902518,10.679951111387602,2,0,713.5507245271391,0
695.4052358988414,21.49970046268156,0,1,381.3099236499396,0
490.34749522923914,16.05347656888764,0,0,301.380739097467,0
1156.1645682384524,13.362493406608477,0,0,168.16269686790102,0
527.6628321133575,8.158956318973917,0,0,689.4854277404719,0
2060.441935166629,6.134957286752498,0,0,536.959872144017,0
34.88149867517148,10.675730064487524,2,0,338.23955632686125,0
867.9748392611808,16.436246793825724,0,0,261.08766294800387,0
2170.08469501449,8.224621895199304,2,0,533.0031457917776,0
1068.190910900814,19.148790821545163,2,0,475.4616876487523,0
1773.4181873353305,8.258963540141451,2,0,329.19472657323456,0
2333.57190269492,22.26817608014929,1,0,838.598746307632,0
696.8234954174012,11.87544294958579,0,0,439.47781382128346,0
596.3929266725218,13.17987278869931,0,0,348.77641915986106,0
909.8093454920792,7.97845533730245,0,0,534.2833582938435,0
1075.7932920499056,20.117300697580728,0,0,560.7935871267716,0
951.6786272376087,19.031203736558183,1,0,595.5318656648195,0
1909.95731224759,12.727816361571684,1,0,61.11119841515206,0
182.23248616164125,12.5260624837596,1,0,594.308443433175,0
1378.1303762011187,21.2965540667688,0,0,571.5190882418842,0
695.4101858954424,12.249359142412192,1,0,772.2506397522684,0
1163.98328152467,17.447534141645292,1,0,122.16473926212585,0
570.4471189144175,2.362003835348254,0,0,557.9493285575842,0
1523.1598970046632,11.25308308025025,0,1,194.05772071395884,0
649.3287749258815,14.128524410139535,0,0,598.7150560217799,0
456.65813468152595,7.8627064339385235,2,0,605.4531564060951,0
772.506104852678,18.160551086105635,1,0,209.52093687570056,0
497.8438059384002,16.22605439457031,1,0,554.3138374114661,0
1034.733316390751,22.169351391391025,1,0,524.9760346354402,0
484.2353020012645,19.29435923287781,2,0,383.9056526782462,0
1020.8140498033187,12.195408134953714,2,0,595.6731196658428,0
438.40625798443,9.936971197621968,1,0,339.5915975000807,0
1693.2381915998337,8.253477113049192,0,0,560.3526834121345,0
539.8393756945089,6.651438176631222,2,0,362.26240875463725,0
1163.2058900488296,16.986001853157134,0,0,284.2591359888806,0
1400.6744854077206,17.479806276518023,0,0,634.4875140948265,0
1124.265066046608,23.0,3,0,120.71855843317438,0
649.0099067827936,21.464159456825787,1,0,791.2652971007639,0
796.510140673045,17.26440185736144,0,0,499.12824120080364,0
2535.0362416896123,23.0,3,0,945.0593993549885,0
1207.5328232099664,3.771885545271985,2,0,508.4000348012127,0
1869.5825359128908,9.256492326684166,0,0,695.633735151313,0
7272.401572042515,0.5829452552679104,5,1,1.6298730276312106,1
3154.8662016551652,14.862099260456995,2,0,748.5829898784896,0
1195.855889796363,20.536545594857888,1,0,294.6681921413907,0
344.7803288254816,8.808111786497244,0,0,498.44971718083946,0
1596.0472641799854,20.20559186247687,1,0,343.76486770213097,0
2125.308034782707,10.250152360136719,1,0,439.4086762494921,0
1850.6424016814399,19.53312654568642,2,0,697.7313234651219,0
2698.4004220988545,15.556967505390363,1,1,549.7629527779093,0
1309.0687206040568,15.838939445328016,1,0,203.9822693084303,0
1169.2798708960793,20.898676055432855,2,0,305.0725937922738,0
1032.822404824927,18.276756035005434,0,0,251.57319908933457,0
155.13902774618134,5.095591799598493,1,0,762.0798255143717,0
823.2477576688972,13.082088552534204,0,0,751.3284637842213,0
1482.591776868871,19.466114485354368,2,0,358.43446140649917,0
1320.3383598395808,3.1443781122177583,0,0,324.16506821229507,0
432.06343619464155,17.104377079533737,3,0,458.36743281431137,0
216.18947103322628,15.405716263457803,0,0,309.6799772745112,0
1606.0773630139065,17.636396879685798,3,0,235.8528412514698,0
500.6780364443,11.136519244708435,2,0,905.0245261669984,0
1692.1151694951236,13.669302239767633,0,0,667.4063746014536,0
703.0075772755295,13.652669741937126,1,0,653.8547905640369,0
8367.592089961432,0.0,11,1,58.88063523135258,1
546.0815007990498,13.802417288842195,2,0,401.18560133960625,0
814.816350185588,16.44823831087498,0,0,531.421374578081,0
337.1662445249573,8.782502524526212,2,0,1249.5833337515353,0
542.3642138211487,12.91143479391255,1,0,234.13359434890174,0
1258.5818552433534,16.570663499965598,0,0,801.5761081070364,0
330.8778320920242,14.020006301182978,3,1,571.9048099347341,0
215.40442480891616,9.945333876805893,0,0,546.9820768051028,0
3380.142098416493,13.388989244796283,0,0,422.4864825107899,0
503.01895199648175,11.340781885943862,0,0,590.9381736567994,0
232.8257978726675,19.861257564924205,1,0,418.6876685991531,0
904.8041433730097,10.45908968550494,1,0,371.4609984556777,0
652.5874430827511,14.800554453197986,1,0,744.8926440312854,0
1296.2958470967271,17.804672887068122,1,0,154.14672703996914,0
131.62951946884158,16.99631412700399,1,0,401.9688713885019,0
2216.2478297333896,10.370581691395982,3,0,278.85799717982246,0
432.8616421193064,13.469003141129082,1,0,300.42015126917124,0
1287.2813656457781,12.764073173227928,2,0,325.3483259211396,0
1862.6445820739827,13.987366695761065,1,0,214.47667801433218,0
953.7627204309323,5.276624879383972,2,0,436.87218266037524,0
179.01446151936975,9.088030944491523,1,0,661.9728656692763,0
2229.9557259258186,17.618997082222105,0,0,314.07803092299935,0
846.3202007714438,13.653331459253492,1,0,402.57039368816504,0
1030.3102076760335,18.491484356030238,0,0,601.8406657073139,0
558.2012993357964,15.234434507661334,1,0,435.67467316546055,0
1633.1378939324409,12.437164709893366,4,0,587.6692808673662,0
9641.34087259993,2.602789377174701,10,0,6.384436474270951,1
570.3930510410452,13.842984915377482,0,0,561.3247381977856,0
1960.509824509936,18.91953077666462,1,0,540.7101709499307,0
9294.069590605308,5.094564284731872,8,1,26.71183391426723,1
1036.412989366805,8.801259455343088,3,0,747.3281253600119,0
247.37643523739644,8.426782653234277,0,0,170.77503557305965,0
940.8305598397304,8.958661210668275,1,1,727.4303159367093,0
244.02311680825642,22.669415691893043,0,0,506.1476880770145,0
2250.6826642279507,11.333205213898223,0,0,1086.3457069296865,0
1865.6512439764358,7.85340989593748,1,0,361.0298174850449,0
2185.2898756031573,17.459209020044284,0,0,241.52574848654592,0
2388.6286491892724,15.863836121382011,0,0,481.1549547402731,0
542.9560518836035,8.089689630617722,0,0,456.5075946093524,0
960.9851441556294,13.854867969197064,2,0,303.9366677670471,0
878.4573612380008,20.523013516736626,0,0,420.14317142283915,0
1050.8230783394902,22.548529503036654,0,0,213.6028327922188,0
626.7954066057912,6.05935037002228,1,0,779.6909929655877,0
2452.7056145458705,13.965730025492546,0,0,550.2629362853963,0
327.09944175542597,6.69857046970594,1,0,822.951536797544,0
695.0384637973071,16.204594139041795,0,0,588.2353655013787,0
1440.4819635145027,17.363634888783448,0,0,614.5582163062306,0
813.7411738259619,20.6150463435402,2,0,411.10169402388266,0
393.8800201922549,16.50091710767462,0,0,967.8723835691401,0
115.66378830970052,12.022704516477354,1,0,367.0854290965238,0
824.6473807130153,13.274327084893292,2,0,401.5059291803054,0
1239.0788987301107,19.26992741688537,2,0,304.4646270848291,0
1708.517940402593,12.626162028122607,0,0,911.4868790804735,0
621.5110139673561,3.5928141911669726,0,0,269.9966002897723,0
419.94481626257624,16.823253607517785,0,0,424.6421442611135,0
961.1074272558029,18.50758999119083,0,0,216.02744836912095,0
979.2285457808301,4.16975793516041,1,0,386.9987598040829,0
1724.2071659288688,22.807012749680574,2,0,803.1803565146514,0
1688.0803957461562,16.061269870173422,0,0,787.7705085188007,0
205.6394965643085,6.7090375784150655,3,0,580.4670454438585,0
17481.960306027442,2.894601226192624,2,1,31.298430137635243,1
790.2858141197457,18.15275145165067,2,0,226.88982946006436,0
1183.4447399407109,8.043529470574928,1,0,202.75261556012543,0
1074.813816387203,17.292629812152917,3,0,393.8975579581372,0
1624.6616982902804,13.087956496320405,1,0,329.01732355832047,0
1869.2981626996946,14.401897001045851,0,0,657.9622905976248,0
1072.6720274401723,18.3708493594825,0,0,203.36429008918384,0
938.7163883783178,9.382921875048226,0,0,675.7195005820711,0
793.3912212289633,19.772951238045955,0,0,703.0618986650913,0
1245.3463162660692,10.749354782864241,2,0,452.29805536457786,0
694.56742352344,8.648487921426776,1,0,721.2662988668061,0
2245.288365904905,12.999121816007442,1,0,561.129241991233,0
642.2516089348198,11.606518094960272,2,0,461.07828164831614,0
770.3415506733835,10.698343685999419,1,0,358.24600272249444,0
980.4386860513356,3.9035724146069413,0,0,611.5544133710517,0
974.820681688162,13.739012472685697,1,0,270.75619983172237,0
534.870546891234,5.281081766273029,0,0,555.7174418207101,0
4642.523982004967,16.178124397535928,1,0,246.91246522859439,0
418.0260250874237,16.882232463015026,0,0,464.5592462922286,0
3687.0492665313704,12.526179628872336,3,0,683.2335802347067,0
529.0049966892441,17.274575493437627,2,0,207.28922416551393,0
1110.2995527961434,19.446841444791854,3,0,974.0560031255159,0
432.1603413356939,19.567998755932546,1,0,249.50563602823675,0
796.9093976355504,11.548357778286968,1,0,665.3608824707677,0
1248.1912578170097,12.80877849050773,0,0,637.023256229651,0
885.9048628673548,9.09895368963928,1,0,480.30698611315995,0
543.8281750136676,10.432344318928507,0,1,479.0400417861682,0
1862.9585520875212,8.255758659166615,0,0,428.83025290213465,0
238.3395065307994,15.921187181356782,1,0,331.87235691646873,0
2331.620042632609,20.127105307293334,0,0,537.1350799511513,0
1621.9301332678601,13.16924719850317,0,0,453.85179795661463,0
1083.9560539107504,15.777012682639334,1,0,931.9817018593667,0
404.8165157870953,15.575858519462454,0,0,400.49347285885,0
634.9572570545592,11.94472096360763,0,0,375.1235299807104,0
1070.3383653693772,12.14245387249081,1,0,608.652499160603,0
1122.430309930967,18.370467013824744,1,0,493.4020383454679,0
708.1767136132958,14.632984727350944,1,0,207.5171643354425,0
672.7886042620163,14.410434498137157,0,0,290.05692467742546,0
266.51576819332445,8.054581463274253,2,0,343.985995772088,0
3050.109084322672,15.98716986927876,0,0,220.06438252779526,0
853.1264050139198,8.376361802900295,0,0,847.6718544025131,0
765.9713337924762,18.355226465726087,0,0,402.0035862803859,0
299.15400237632656,8.543982107923876,0,0,541.1073025717626,0
548.6731465505045,10.926296919410579,0,0,190.21006829376324,0
860.4509414728184,12.033579316930943,3,0,665.3706074013808,0
2375.695347785842,22.762120019580195,0,0,211.5307700565281,0
344.4680157531912,20.17347639597131,0,0,235.71181729771888,0
47.75389669877641,21.118155909092568,2,1,378.1359764192594,0
844.4980184358224,19.7147986845914,1,0,815.7585769692178,0
795.6846489775778,19.319779225229237,0,0,485.9341735375951,0
442.4850528301764,21.793132584814074,1,0,539.4973666078388,0
496.9751752385393,12.728921748559673,1,0,451.90051699831787,0
1612.4010801627192,10.302447143529736,0,0,400.57507289427576,0
1504.8159154543594,14.28412031074653,0,0,486.1838573307055,0
1129.9941511884874,16.553394415830194,0,0,346.519464096303,0
18331.72832599938,0.0,8,0,21.247523535151174,1
1431.4704494787031,5.9116809768347185,0,0,431.96031414120586,0
536.215733857244,12.040260464028664,0,0,766.456894390423,0
644.3596594375399,10.31725888729602,0,0,659.3844375438658,0
725.6058060858797,20.593898425733947,0,0,420.5792176551622,0
251.7537727807383,15.749877678128446,2,0,489.44111419389856,0
2554.5964494900413,11.485876405321921,1,0,333.83510454717225,0
1343.8177706600175,16.92992089875259,1,0,243.32058912762213,0
1240.2161398922221,19.078233664998574,2,0,760.4222043483,0
1370.3280270111675,18.71548518460797,1,0,473.9773411169744,0
1681.8655628800327,13.60744147619122,0,0,384.8632848445544,0
1575.799612420665,17.969729018160862,0,0,709.6146152250344,0
1183.7656181896477,23.0,0,0,286.2461862212801,0
2896.411533544391,14.31498892789273,2,0,744.435854108293,0
1051.8345441776728,18.811088506997418,1,0,1142.9948234613153,0
450.82799615761166,16.517061060999563,1,0,215.99110967021753,0
470.0350277485816,17.551712406762427,3,0,585.6998931221507,0
674.9768205761957,14.87461733720982,1,0,504.537246467343,0
625.8878773916595,5.208229858037852,0,0,412.5917645674531,0
1129.8495677961237,7.891318151537453,0,0,237.38081376073268,0
627.5104602415557,14.744713981206441,1,1,467.584974034765,0
4462.8358355043865,6.762742614116942,4,0,29.035827466456293,1
1575.012175001782,10.092545663824396,0,0,590.7735456546123,0
968.9361099936845,11.08253203265118,1,0,725.2750538506606,0
287.10436366518695,11.61888059647519,0,0,588.663880376256,0
1490.2677520478564,17.0512212889476,0,0,489.46833734656303,0
1441.517349835248,19.482968945910617,4,0,567.6573850477587,0
311.51086590029166,10.766565734683043,1,1,613.0328022156859,0
568.691824320073,12.552583654060752,1,0,714.7404159706504,0
2063.097526479015,8.06296922573159,0,0,404.2498957174982,0
1655.4450984894045,15.566256299008517,3,0,1240.1021212238534,0
189.2522818251155,11.833222794146812,0,0,467.22424170495674,0
708.5336277486913,17.454207849286675,1,0,348.2347173047631,0
2174.3037372287245,15.795138862029901,1,0,336.88008095694977,0
376.8082519218468,9.732358459482528,2,0,145.74072729861825,0
743.3846243174385,18.63795760587107,1,0,487.6124786414285,0
385.1757798320053,19.32707389119176,0,0,614.0960059617198,0
1141.0775298670658,16.111698010656767,0,0,426.52998704921623,0
195.5646379671373,9.885482045117628,0,0,754.5669387130494,0
2361.9641306907306,2.7312179231964127,1,0,548.4284165937066,0
442.20416761342346,14.811999532597946,0,0,457.5074643038739,0
968.2721836238303,16.802073161043527,1,0,413.0162092705185,0
917.0277834624749,13.243271326753597,1,0,333.6224988245358,0
783.3304339383172,5.348522600521241,2,0,202.0878119159569,0
99.54649048603189,16.548315538550614,1,0,373.38429001415074,0
243.39731626574405,17.614902565489118,0,0,477.17219972336517,0
1374.596037552009,12.842959991733714,0,1,669.3502540970621,0
5373.6841093341345,7.272972036293886,8,1,8.25468369622926,1
822.9051596316486,17.093042738051416,2,0,342.7464678383046,0
439.1134348094687,16.267899260726654,1,0,294.27997704850395,0
239.05938447221865,7.035336812056912,0,0,300.2278274044954,0
1525.506902158593,12.592467192896155,0,0,909.9472984926769,0
264.56902848374676,13.531893404646942,3,0,444.99980269274334,0
238.7580780983109,11.375854392805124,1,0,430.91058895332174,0
280.48108999216805,16.541843383609756,1,0,489.2549256519157,0
602.3815985755716,14.001524821311449,1,0,338.4149228990182,0
604.324532099992,17.929232065780752,2,0,522.5359546072741,0
1093.4242372193726,13.365067828600425,1,0,404.9161681637244,0
191.48092484262105,18.210344301889506,2,0,586.5360630756237,0
225.14276511321566,12.145096452673297,4,0,350.91458765245943,0
1810.7292864727215,16.11123749379177,1,0,349.38399519037506,0
584.871726006697,17.620011275000078,1,0,352.96584539151746,0
396.26486900276285,12.65796187962519,0,0,733.31190681156,0
504.59272854026347,20.035132567138426,0,0,259.2794864167812,0
1160.1091718799546,8.797574508770838,0,0,684.0934956483939,0
446.4353882749922,12.101371053372727,1,0,400.9930445031063,0
1767.5657858446623,13.858167477852023,1,0,338.8089703735073,0
1323.2910094752995,10.836758742799905,0,0,245.29414990377245,0
287.3855141663794,23.0,2,0,464.48014610506317,0
401.72178011784627,8.916628119894426,1,0,296.85730211177315,0
399.25147958498104,17.922681187649168,0,0,136.79457678948364,0
910.2532944155842,18.634998143670842,0,0,177.87073055109468,0
945.7517027066375,11.788872369959234,0,0,716.9549963090307,0
1832.0400857913355,13.607551878118295,0,1,633.752013356791,0
1230.1014127314893,9.53280968826975,1,0,427.349518127267,0
306.8068218982577,12.311018684713359,0,0,669.9637728713365,0
1540.776451552457,16.411146800275812,2,0,372.8569294190243,0
2088.292029110889,18.889541346365554,2,0,601.9174027664795,0
4055.5364192763036,2.662208283953488,0,0,363.3233399377208,0
1434.285532962268,17.131027808161228,3,0,266.8842557661332,0
920.6289185724822,15.335051667150871,1,0,316.3603526177195,0
198.92021312401297,23.0,0,0,329.6585142967659,0
1403.17578606081,22.70961265946969,3,0,409.4407495050893,0
1458.3592056587029,9.478024385226899,1,0,437.3344300079264,0
501.91756523029375,7.915187115782402,0,0,802.5127336796203,0
496.42330417600715,22.55650257655232,0,1,696.2965038539828,0
1550.3279259470082,11.38748829058591,2,0,521.1246938298723,0
420.1408202963275,15.054361792552573,0,0,985.0682185874552,0
5435.6503137560685,1.023282542120589,8,1,3.9909577937976133,1
1050.3462937176967,15.826451637294529,4,0,318.01784104903555,0
710.5274958290006,16.13347421152187,1,0,333.3201695765212,0
1619.4862840505377,6.741395209932238,1,0,314.23077862537406,0
3134.614087165572,14.97495146049748,2,0,566.4170761520351,0
1168.5908107484008,11.904331032055477,1,0,339.8489021443702,0
741.98598754585,23.0,3,0,846.6820416899935,0
2766.5500844046305,14.324664892863465,0,0,762.7440533155745,0
2623.0942419519956,13.12235968701476,1,0,715.179587338931,0
804.5051654505032,10.816281885305958,0,0,454.54717059724044,0
569.6401536809859,11.771616300492953,0,0,755.5666043634396,0
1144.7958699618198,13.521979267172474,1,0,1028.2983257050332,0
736.9807520003341,23.0,2,0,376.4164018798792,0
794.0971366787501,19.502142211284323,1,0,560.6894781505671,0
138.08717138137564,10.559955925775812,0,0,283.94443108363186,0
1144.7299234749732,10.936329124926214,1,0,248.72538920187716,0
519.0593566986829,21.56063071188327,0,0,579.5660110255518,0
413.26604670088966,11.446341589917933,1,0,251.55702704094702,0
1230.8911456862947,12.82738536959507,0,0,513.6151317858291,0
2613.179813007315,23.0,0,0,541.8699921501311,0
907.145012807389,7.410945315049236,0,0,508.2399017484374,0
2918.635891954586,19.328076298541554,2,0,728.3922099859469,0
649.9327792744884,12.265628040549531,1,0,329.6666435499666,0
935.0285166689175,19.57562157747484,2,0,583.5797386836563,0
1935.672845586694,19.696452588295724,2,0,826.3043129314445,0
101.6152479733801,19.57109035139657,3,0,589.3554604946703,0
13243.528959805619,5.478900585389333,4,0,0.24514380116074674,1
928.3110789104578,13.967943913140795,4,0,337.79029266343207,0
912.8450525142196,13.742198408386754,1,0,461.1403727756548,0
11325.539939640039,0.8589216485290025,7,0,19.18051231290273,1
254.77682720926043,12.200256675933765,1,0,506.2700911308748,0
548.3567595840981,20.77144099792215,1,0,417.5460524289745,0
799.5209471557596,7.826772912590673,1,0,292.66708962064047,0
1028.474336403187,11.924930991017149,1,1,461.2798198821347,0
682.3461518569142,12.820375744573965,1,0,892.0603306083283,0
1245.0906234866673,19.79129140389013,1,0,589.3020835944722,0
3189.2348375689685,9.259380267837287,0,0,435.2987672278336,0
811.5105441488743,9.355587707949171,1,0,249.45742742122982,0
449.5306219340336,8.871032075371295,0,0,683.794611862088,0
1883.8868983473608,11.143189120441104,0,0,376.79004017091825,0
2713.102863994322,10.654730326419855,1,0,520.3635301809171,0
1129.8745872827674,8.550310500718227,1,0,849.9108218161231,0
774.4942100992662,18.244183979897606,2,0,580.5912874386961,0
598.6936388850654,10.860906270233407,1,0,697.277778895598,0
716.6179827311729,7.870681143480857,1,0,650.2036560769945,0
312.1869202105223,5.150543320547108,1,0,309.0719846076172,0
1028.2033627217577,19.21521263418191,0,0,275.864238856763,0
2439.2704128697665,17.251555987481716,1,0,451.56174289278556,0
240.59708350667853,17.817562835873986,0,0,791.7664470539296,0
488.8121589954981,12.964880196569844,1,0,305.56686707055894,0
1532.0185145671458,9.353377058791864,0,0,580.8583573144292,0
398.79161937574173,19.4246988709374,2,0,444.03754619980657,0
1448.550043104612,15.834174344160735,0,0,569.2857751860233,0
1904.9956850295555,11.325710472469012,0,0,774.5913418279054,0
663.6036367916927,15.22120526430286,2,0,685.3158370761461,0
841.4881498212914,10.833350392348818,1,0,310.2764545353448,0
969.5355117171528,8.400273647113936,0,0,477.84028693435926,0
1745.452517307261,19.313137486939944,1,0,580.137980412721,0
1312.2932575280863,9.983290123547622,1,0,558.1132731658408,0
187.35807773682595,9.510239740666979,2,0,614.8407745227678,0
509.5144830805153,9.304683750301503,1,0,580.7419210997593,0
364.4716055378986,6.132283883048841,0,0,267.84463715518706,0
1248.4945276224419,15.910036027263816,3,0,523.6580754322185,0
917.2625925431237,16.11661690757562,0,0,702.949626003806,0
2057.372077882671,12.941114353660614,0,0,819.7502513925652,0
763.5012031627816,13.654332175559734,2,0,321.4333194965128,0
2531.9943376498254,8.068888692444787,0,0,386.4106653688619,0
948.9177871785353,15.452901739372686,1,0,213.20717588204903,0
83.08102215454122,14.228695645013318,1,0,515.5595646876408,0
138.7670904499618,10.906850246266405,1,0,1284.083696303454,0
1347.0706019560805,17.0333325674494,2,0,448.5049280851432,0
491.1488301824514,13.485842468403545,1,0,267.23321118024313,0
928.8268037014774,9.67065366541095,1,0,896.709626856826,0
1279.4552324589313,7.129132738142285,1,0,314.470295201195,0
136.13727478260753,21.840733527858784,0,0,358.61591921440726,0
900.0229876739654,9.611393598391377,1,0,434.911325880057,0
2361.7673902959637,6.533735344842008,0,0,608.6380912318804,0
929.3856365915876,6.937084087279695,1,0,263.094484587662,0
1236.6402259573454,17.233071509944672,0,0,550.9237685456035,0
879.3746255740591,9.19693411793587,0,0,960.5143286843476,0
590.8518217287866,17.627457861315072,1,1,443.0613018449751,0
1377.2459722520455,14.466825964657973,1,0,128.58816020385873,0
194.1242390634788,19.836235467228498,1,0,256.3966286579281,0
964.801257042254,17.81431780593226,1,0,536.20369788538,0
365.0375787740658,9.932287136472322,1,0,314.29362360931026,0
439.32941319201774,14.199909671150623,2,0,1152.8597978985154,0
1473.0974575808805,12.937962880908973,2,0,156.16634357323252,0
1094.683063846916,12.316284849760521,0,0,1295.2311007651117,0
212.50216003027705,9.572898219525115,1,0,842.9805687215753,0
347.198915457652,19.02865826530369,2,0,956.8801843486502,0
1124.6671743511602,10.613188856391155,1,0,781.337805108716,0
1902.816801808939,11.600216154574877,0,0,575.275300112859,0
787.7624404472293,12.806851425640886,2,0,955.1368268646847,0
341.5137577313733,14.841295511772957,1,0,711.3580687215588,0
1091.5337771894508,19.8124347528982,1,0,333.8820702193065,0
1091.3979898067887,23.0,2,0,491.2663285558714,0
759.6711532514702,8.713477062343433,1,0,404.70910325390764,0
1634.5469547766013,17.603052743394667,0,1,388.2761577000093,0
1602.2127715484276,14.96392038862149,0,0,430.24986924286435,0
290.7798391576295,11.780367527825542,0,0,818.6728696110389,0
3155.9977947745524,12.036936339577881,0,0,522.3081468098501,0
849.8270965143544,13.489808995907676,2,0,619.2032554446473,0
423.3694544104403,11.939721726197117,0,0,824.2850542548657,0
2444.0635214391527,17.25191845697921,1,0,405.37564986376003,0
857.8238733975834,0.0,6,0,736.4979553458309,0
846.4873945317836,16.295942614458042,1,0,235.714241987128,0
479.94402018092603,7.174727784647915,0,0,778.9631884460074,0
15748.131773691928,4.2751007101050815,3,0,22.727391533682912,1
643.2090865391023,6.951603526701755,0,0,1131.6874642030607,0
778.8356246533717,11.77458357188368,2,0,704.5811356668243,0
511.53974155881656,20.63564277750185,1,1,240.70620340764836,0
782.0924122291085,19.171133370023814,1,1,301.19479326750405,0
652.5515439081258,12.311254836490324,1,0,532.308861615779,0
375.9200808578828,12.077659436502893,0,0,390.8233292752175,0
928.1993152844125,12.016519100173966,1,0,321.6004088836061,0
1676.097590237582,9.719049477039405,2,1,675.5890071916124,0
1616.8079196609121,10.431002669306508,0,0,706.7199894314241,0
1216.9093848991936,12.472181026785815,3,0,327.60238441884474,0
1118.3252391680082,22.12095663861032,1,0,245.06694240496597,0
1291.9493559677721,13.694021294460482,1,0,933.4680154059979,0
811.2293674443414,8.299014011219409,2,0,557.8289393361038,0
591.0937560854096,12.086524294585981,1,0,512.662882806296,0
2406.976958474342,17.631319687976728,2,0,417.25863273736684,0
468.3032646557786,5.748227479227353,0,0,559.4639534764215,0
545.0392329927871,14.407236172314178,0,0,497.1119478936446,0
312.1542896309115,13.63948420114826,0,0,489.8353119107523,0
13648.207969604877,2.6250507427031464,6,0,0.7680279220577881,1
248.38836422684142,20.164546870309398,0,0,774.2118383190881,0
1075.6910516994376,14.886005369845314,1,1,285.3188824618348,0
939.7391570366489,9.90697047796055,1,0,560.2345297591227,0
536.2221861139609,15.98135781793043,1,0,277.0075213536914,0
1081.1837119814975,9.390706600362108,0,0,357.9316668399304,0
118.43265168757638,14.683663279357551,0,0,1426.6426099923742,0
413.5126332560699,7.827971711191273,0,0,482.1757687824779,0
500.60591509925746,4.895749305410527,3,0,475.50340057856477,0
613.6193393077892,6.378204649014114,0,0,491.13322927419796,0
830.0413609054386,18.99889789758761,0,0,927.1085055976672,0
1575.7135296555798,14.648878661638097,1,0,556.6660822187683,0
580.4337319042351,7.988954761900223,0,1,832.4381969047658,0
740.3232428586778,16.47000833651509,4,0,473.79075941004334,0
265.32543360942174,6.269987278901615,2,0,217.60064120042622,0
165.3780199757726,13.34618165698458,2,0,517.5720816455228,0
2273.9739637782295,16.17679063524074,2,0,475.3638713186627,0
434.7994973376394,13.671156382213702,2,0,281.67628536087,0
1086.70557979774,14.945579248555173,0,0,744.8435079726535,0
876.5651221311923,15.660295604745443,1,0,438.89926658926237,0
655.5083407401304,13.311715607636614,3,0,536.2671786647742,0
707.4430150657402,13.021041494299723,3,0,640.142751546187,0
499.4199581411529,17.924126842742467,1,0,507.18117594827226,0
529.395519785253,13.433913511876154,2,0,649.0246354076083,0
395.71528472091575,17.469916201635186,1,0,587.6866092220998,0
1480.5007393136489,8.414011671297775,1,0,699.5654549961881,0
1107.927213770197,15.378317908676152,2,0,495.6767940606451,0
3669.0824948411646,4.716306941445756,11,0,7.691958933133901,1
337.3380613768355,7.493373579875766,1,0,545.5728610389764,0
508.9892685871238,8.310839246035151,1,1,595.1761658820194,0
800.5037831507873,16.43933416848005,2,0,539.2311517345786,0
1553.22493849323,19.997487253625756,0,0,300.06028854147786,0
665.6195494996904,22.7143323502588,2,0,975.6974308364496,0
2052.7180848249427,13.174229384858124,2,1,585.5119197811713,0
2030.0341029546516,16.838109875579423,2,0,782.2153304324407,0
346.4168132126144,11.658256557202753,0,0,462.5914050796193,0
1954.0480275281457,12.612912842851781,0,0,770.09239630954,0
661.193037784706,16.967694931991577,2,0,690.8103047269319,0
895.8519752891985,16.69419351768548,0,0,356.9733967088367,0
923.0620180997123,17.650400462687987,0,1,551.043511915663,0
244.69765552320607,10.579711797093042,2,0,662.2258882724049,0
14978.810168858407,0.9989056641453407,7,1,1.7437465468790214,1
785.9882555473719,15.489807780822282,0,0,562.7275824853834,0
382.3887439811743,15.770242542937732,0,0,538.7671660451889,0
270.11751869830675,11.185086430615334,0,0,496.19218870773506,0
838.4303272523464,12.685587634823118,3,0,601.028558781598,0
704.9062316242359,17.3431928525554,0,0,248.634504279537,0
187.0253444769735,14.2675713715678,1,0,873.7990463690794,0
640.3275307096496,15.157031756387077,1,0,374.0174217888587,0
1604.582515523745,16.359058697530724,3,0,345.7643168484478,0
499.99123754737445,5.929158677471573,1,0,908.5482604969753,0
272.96659784335657,9.848689246399742,0,0,373.37353671648066,0
1308.6259723127278,8.59809831717279,2,0,581.6141789870697,0
1118.5106187226354,7.7599470555317,0,0,76.47413915921489,0
448.6380040083836,2.685950186546039,4,0,331.4303297000352,0
1395.0868959849424,14.061950380970037,0,0,186.06884149083987,0
587.1965320777464,23.0,0,0,1038.8719756021028,0
2107.0918770695353,19.214327047798044,1,0,393.45908045576147,0
894.399007010086,14.43229545021221,1,0,664.9562269276433,0
1873.6041154550214,15.478345674973816,1,0,840.7358339888068,0
152.42966818401572,22.946872245475788,2,0,272.25510304950507,0
605.17115597593,21.057733527462176,0,0,937.1553133264443,0
733.2137214580979,16.72220666834506,1,0,308.120258488689,0
251.58713739456707,8.11489805988653,0,0,368.889442182245,0
490.81894407381225,8.746384024028396,4,0,878.3414515934273,0
136.8985340591342,14.221030874402263,0,0,336.54445099436316,0
746.4824901194105,6.6853589630449335,3,0,330.02798203517585,0
863.8309197744593,11.178450529299148,4,0,401.5877301335204,0
357.3781374022503,12.654445987348495,0,0,486.42061046384543,0
846.8883418214958,9.916969064302082,4,0,210.9014474065862,0
785.4393956194892,12.745726693861524,2,0,218.15747867357786,0
1529.3237409837361,9.58277947119075,0,0,635.7993094817712,0
716.3467243149835,15.80626141681768,2,0,670.7275914796107,0
411.8034405512601,17.5943170977035,0,0,313.412013762909,0
1081.4251699855156,16.84650833944691,1,0,315.0352794453782,0
1576.8253786978464,2.176359134524283,1,0,290.2825389922065,0
841.2135388497135,5.689863109947325,0,0,1052.0981979162652,0
21965.047777351123,2.3207351314476417,11,1,17.252806201978707,1
1921.1999715635072,13.973867012685899,0,0,386.4670714203488,0
872.6032006847428,7.7640500394353555,0,0,562.3068300578561,0
348.0244155497855,13.430898369082083,2,0,482.01275916111666,0
1025.4947964417145,19.0564772398646,2,0,847.7416488284243,0
773.9520026083301,15.233641056431363,0,0,374.6869176809227,0
621.3721162880224,13.638354993488466,1,0,445.2329134003468,0
1733.5408374088902,22.038086934122234,2,0,351.33262656114266,0
414.82466157401524,13.552815703783324,1,0,326.6278178853011,0
414.71430344911846,15.479225276119081,1,0,344.7534434589547,0
417.8900187971453,18.46502184099856,0,0,239.87736709557305,0
688.9660328587521,23.0,1,0,232.7987333924791,0
1125.954564273862,23.0,0,0,254.21041112143837,0
2282.7661038985716,15.564790627181244,3,0,413.6330210563178,0
569.0062947547653,13.36535399964264,2,0,222.98858442830877,0
3631.094048551959,18.556065518976883,0,0,512.1453911240951,0
2174.2226857949895,14.221208876969255,1,0,472.01195541305515,0
230.4671234521148,20.16189600008645,0,0,400.3525867509863,0
384.65871642301926,13.649429279609844,1,0,319.2038383623627,0
1978.7472793122056,20.0421800048572,2,0,480.5187492789675,0
233.5047944400964,10.37056208084003,0,0,400.0983591548572,0
793.310568280372,14.140380905580855,0,0,575.647549379732,0
947.0090030574984,11.155475734552876,0,0,352.28511725011253,0
358.20577620086414,4.551511067010498,3,0,243.07840444367477,0
901.471680864212,23.0,0,0,231.52457221436512,0
2516.7678314182667,23.0,1,1,351.18518561934326,0
327.0717435605393,12.3696983877399,0,0,454.3789530669762,0
255.07188174632728,17.97213344625424,1,0,396.5493606056288,0
739.8441592600906,15.921159582595449,0,0,332.5471029287957,0
617.4702810933328,12.116976280292347,0,0,293.5019635285377,0
959.8451629695454,22.98022104133092,3,0,454.912230190934,0
712.3831410570932,12.284620346293009,0,0,354.2207304210084,0
1301.8379618390613,11.180650487473335,0,0,171.1102481759124,0
1545.786468316386,5.56129295937818,0,0,533.8750445495438,0
693.7689083155417,13.797388082365341,0,0,265.89711488323127,0
266.51503347706193,13.052786112369105,2,0,92.67835543850843,0
997.9583335204802,7.466603346776042,0,0,908.9886994953955,0
1762.52736505846,23.0,1,0,737.4004195087542,0
85.41232109038219,18.321535294257707,0,0,470.1814807733963,0
217.1158392608956,16.114643042556427,0,0,200.47022962511184,0
632.9372121578666,14.090367367118318,0,0,715.0495522408933,0
802.419728027318,21.551645849068635,1,0,758.4759215856146,0
117.30263268193048,15.061810269040388,1,0,368.32917289364906,0
1914.9103063348368,14.662540484210906,0,0,524.499966494055,0
1836.622211048825,15.649462986906041,2,0,433.6441389112191,0
1126.2545167458536,15.119233448898283,3,0,133.41982506457012,0
651.0311288564567,19.02747660153189,0,0,943.1585518139252,0
2272.0311665314625,8.961634676061198,1,1,334.9473294126307,0
1044.11148044594,14.577179537006561,0,0,1037.672855689978,0
653.8432169365861,23.0,0,0,311.6026295842159,0
324.7033954694583,13.659497128289104,1,0,314.6937439263789,0
2836.7009543192,10.588805026128334,0,0,131.0753090261719,0
842.4734527031551,17.145413096206198,0,0,258.18552105141913,0
511.38173009435286,13.184693601365126,3,0,658.1614319905742,0
4836.878849508456,15.300742883892209,0,0,898.0700764071375,0
577.5731114590097,19.132096885673,3,0,357.77683495707555,0
5892.284606991351,4.309898785548823,8,1,13.331472325673959,1
3414.8354971587437,16.30119471613959,0,0,413.79239604908884,0
843.8788409803399,8.389834146885416,0,0,1044.643213716894,0
1300.800041103554,13.25423005516378,2,0,400.209870166551,0
14339.16901359571,1.3140206533909002,7,0,26.726747735069367,1
423.96246463808853,17.71914817291062,0,0,437.2422399879939,0
1210.3421968584516,10.600166525339873,0,0,628.5026659936134,0
865.5686627215171,17.64119053652933,1,0,794.3057186718246,0
1915.43500942969,8.138587515485236,1,0,505.9248334631728,0
1324.163292329274,20.084183957122196,0,0,292.1445928938446,0
1303.5861197239703,14.250450742853985,1,0,750.0909860040465,0
231.2627036956067,7.830817068729023,2,0,412.92548214004523,0
1378.0550981068013,22.197102742532017,3,0,296.69780501859384,0
349.15762855339693,11.11059081498572,1,0,634.8772703759257,0
878.6731950258775,12.421472238865201,3,0,1043.246550316715,0
690.1376236973956,20.323847633874827,3,0,706.4187632486111,0
1619.4664080937735,19.58614998866957,1,0,695.0106618080112,0
1162.6261512575088,14.717087764763477,1,0,612.170317265945,0
12529.740323595115,6.132832297516578,5,1,4.263990000785398,1
1026.029437176274,11.596217466364832,1,0,379.23048857791264,0
810.5379251929,8.809303574942813,1,0,599.8297695390849,0
1934.7471961994067,12.367586881102218,1,0,441.9329709971796,0
986.9847480969531,18.25122759684443,1,0,668.5859954884261,0
1496.2495048135702,17.94182400388678,1,0,504.39467879866964,0
479.6311854755913,13.150104068945346,1,0,671.2548704048907,0
226.71723239128357,18.9270090845347,2,0,611.5778055593257,0
794.5139408729212,8.525096909438586,1,0,441.2470680820702,0
667.5804571689692,6.111233860999012,1,0,539.8802241345878,0
280.3136588366191,17.938146794774774,1,0,420.8186691672583,0
3584.030859563044,16.348813448170542,1,0,429.15236680300285,0
269.42237255447,16.52967152910376,3,0,608.9149314032018,0
1324.1745006273943,13.402727993718324,2,0,429.4284436008371,0
597.9876199526356,16.585531885047047,1,0,525.7888982078748,0
1078.5068759561627,13.543093697860284,2,0,774.7148343330125,0
240.80437278459627,18.875220273614335,0,0,534.5918500058062,0
1301.8937308774387,15.764682709223404,2,0,418.2339538155154,0
657.2067685530579,13.100222254098126,1,0,243.10683848147215,0
909.6854807706977,12.521671939572858,1,0,737.028653841319,0
494.5179520142832,2.9465023630472214,1,0,767.4656534531354,0
2066.294806232698,12.078899773270143,0,0,448.26546002683443,0
999.3634035195996,12.729370884049482,2,0,593.9960489963456,0
780.5493507325424,6.308585289346819,2,0,275.0644894686873,0
460.3365752472074,17.293454069528092,0,0,583.3595855478561,0
1628.8262412815027,8.686498622360505,0,0,608.8641198140106,0
430.44351440084847,11.744073424009347,0,0,1007.9142676984266,0
1262.1911678777185,15.251993486396527,1,0,563.7922975319726,0
1176.9771580019371,7.704986365159244,2,0,312.58869265084314,0
13328.274459245673,4.894452692295074,6,1,15.297711923795529,1
1438.2826294328686,17.435205459443193,1,1,610.9082406236096,0
1532.1605497102662,13.20791882665891,1,0,540.4384506595336,0
1574.8861967871253,10.513351707512706,2,0,245.00687539836326,0
205.7926885114723,12.433692811279808,0,0,609.3505292708235,0
1162.032385377227,10.193363257694358,0,0,153.69255920664745,0
209.10671680049168,12.629442623096393,0,0,470.2418419915703,0
747.8643460499538,18.18945047498138,0,0,912.2459016656796,0
535.3171576833922,12.27148047186462,2,0,472.0555019375289,0
1125.8934604580847,11.733176728645782,1,0,484.4054539490588,0
26001.250491363764,7.33512821535056,13,0,25.607501983071224,1
804.805818512351,13.465736949585255,0,0,301.7423590614649,0
639.1272291203857,16.27452764422341,1,1,340.4228763234732,0
1197.6746862716968,12.315708253552625,0,0,384.5217436619949,0
751.3048043950147,17.38450618847179,0,0,455.3459207827477,0
187.5245443618537,16.212033819128514,1,0,171.637448815941,0
667.0754659229306,23.0,1,0,273.5968524514767,0
7495.917899768876,1.0433984283615196,4,1,20.421507810991773,1
697.1404857435377,15.52701340946713,1,0,599.1151329619044,0
2447.389235569492,20.22910777481752,2,0,430.9580085054831,0
1817.0989551983282,10.998216528682134,1,1,181.55309235418392,0
1284.7952102832903,9.879661662947116,3,0,373.46398969046055,0
262.3830694234125,14.00873730137092,0,0,705.2881718908675,0
869.47452981357,19.732895306576854,1,0,614.1822692873535,0
1186.3222591453061,13.709924528030347,2,0,964.8051915112918,0
1231.4494461089064,4.246163363142491,0,0,779.6729799099456,0
1626.7808755767446,19.74970415304543,0,0,326.7473697096348,0
1393.5479841394579,16.094133428522547,2,0,613.0744526984143,0
737.0718257060968,15.833061221470105,3,0,1077.9155751603107,0
861.4194608966766,12.1294773621804,0,0,430.24152029677384,0
164.2229832949519,15.433424099371715,0,1,414.71087163163264,0
321.44462475348786,10.00907053051517,3,0,381.5685293857589,0
721.7419577848492,10.23367894131429,0,0,626.2812774941733,0
1436.475877481315,16.336655648228245,1,0,446.46822846246954,0
2167.4478906474433,9.702295893289431,1,1,179.711439646017,0
504.59804248471465,5.973373593231409,1,0,592.3603100696361,0
556.2193756198766,4.310133427558236,2,0,521.3681670314077,0
556.0312330020769,19.013622750408125,0,0,767.80285986233,0
2370.6514310731936,6.54958662211691,3,0,538.4551883068091,0
305.85517289622186,9.833304637288734,1,0,509.4253024120865,0
68.30531347215592,17.49000793755266,1,0,308.9727201940993,0
1067.9498901194045,20.32457947486151,1,0,216.0687811873654,0
596.0478792840454,5.3872258605985905,0,0,525.3824445365603,0
75.98072937286292,16.661188684257585,1,0,564.0852523620877,0
2399.842655073289,10.189474033061636,2,0,603.2254637506268,0
534.5912480538105,10.50092528171013,1,0,414.5381213387533,0
528.4071561418181,15.231041138770095,0,0,575.9056391285135,0
810.9815645776957,12.262061885275898,1,0,631.0113602562835,0
1091.046657783213,14.583253250078036,0,0,328.06273815627554,0
1176.2151966128208,19.229014578497576,2,0,713.9774426275377,0
2685.7378860469744,17.587652582003397,1,0,102.37571686206479,0
1801.6900580729532,17.96369844663789,1,0,365.85818169802894,0
875.3641630176351,9.885903672378056,1,0,872.6501013854731,0
740.0192103520098,13.113386060549807,0,0,644.0735417745028,0
1642.5813456167334,17.7904000514867,1,0,463.1794203982083,0
720.9535158584624,21.04724741551084,1,0,607.5835886003731,0
343.2071313426055,14.015924247524293,0,0,484.8557987033893,0
2097.5986685371454,14.806935248172545,1,0,347.12239838680443,0
752.1176033070491,6.981508076273788,1,0,993.1755887191597,0
809.6538327373488,16.341789614818648,2,0,196.7928601552899,0
1433.3944588943737,19.344446377720992,3,0,836.3401418553015,0
3360.925114465107,14.704554391934735,2,0,468.2960995221184,0
700.3183211779562,16.002427626207236,1,0,273.50026882636837,0
429.955272180197,8.531157998872457,1,0,478.41858076319784,0
1406.7679230759143,20.62138881564836,3,0,490.1948014756151,0
145.12423925022762,18.622889329314255,0,0,414.73655920468093,0
1334.8761336925515,13.399008282062818,1,0,504.41180441175044,0
298.2494438105768,10.976901397413965,1,0,575.6012553266027,0
834.6100325662289,14.595310391215381,0,0,789.6317025590248,0
1470.3736468281138,16.6584936699493,3,0,470.6324265054259,0
342.801479242883,1.2699746768926516,1,0,831.2424397529666,0
1157.7674285923106,13.314497388048888,2,0,296.8186980208857,0
2467.230363150476,9.496801260109397,0,1,573.396265974721,0
691.2978003808836,9.727452611350323,1,0,607.5186205446039,0
797.9892471284486,20.724798330870744,1,0,265.0873662154048,0
218.3778547681704,15.502334111529294,1,0,570.3019688042298,0
564.7597598833513,10.505669097790031,1,0,810.4426005537306,0
593.0793057146765,11.09466349969988,2,0,923.7334465001293,0
825.6130452853962,20.148907634863576,2,0,230.3836527043871,0
494.84774705406545,16.11059057452231,2,0,504.7243116306528,0
1126.7441205004752,18.591214107175006,0,1,397.1089146461552,0
1665.83589210841,12.678252905681175,0,0,308.48888510257837,0
408.7951899460745,13.692957245669215,1,0,541.4895893268227,0
585.8629444558838,11.33756451950103,1,0,372.212616815907,0
618.4357666037172,16.026770846645675,2,0,501.7695546357962,0
1406.6769039895253,10.602902195285546,1,0,313.30939252791114,0
387.9921349793611,5.200240369639351,1,0,899.1516455796731,0
132.83400680736491,12.097657319413328,0,0,384.39056441406956,0
448.1313718097735,9.481256410446722,1,0,513.6044352311969,0
335.04111457492957,16.204405056972377,3,0,333.82381039114233,0
848.5196941691622,13.204566678156933,1,0,416.13703526189363,0
1394.0179582715487,11.154151111596054,1,0,175.51728747270943,0
1222.5974355428805,14.933074130367846,1,0,229.23522472231127,0
2330.9050103639092,17.914387765943857,1,0,239.0282473344842,0
1397.9780250507188,9.356083150082917,0,1,712.5403701050092,0
592.2949613869889,8.640201815769611,1,0,505.62820372929133,0
4075.127485311179,17.734549936281613,2,0,657.3213952103196,0
347.820554817692,22.368453486606697,2,0,230.72318226687236,0
536.38274795065,13.117964731858361,0,1,467.89816315239534,0
391.2651809320954,23.0,1,0,380.8097591895811,0
522.7880429080094,15.929783681293163,0,0,400.23127531026734,0
12664.895058784941,6.567313627888808,10,1,38.34494193699975,1
1357.8224313620406,18.92181234791014,1,0,194.67147536604745,0
70.88955961426917,21.048724035990816,2,0,270.7613448530099,0
355.8678791246167,11.883112548821318,3,0,622.0409526477931,0
907.3111641426823,11.056475832216151,1,0,178.73398515493543,0
2063.670341386406,9.751024984885277,1,0,621.7262477924567,0
779.4028365566279,20.49365969706621,0,0,364.5369016036939,0
1140.4526069868257,15.228316206886246,1,0,557.1688788870335,0
737.2030684934344,19.292014540475876,2,0,405.58596432438605,0
1141.1137073312395,9.546659333771494,0,0,858.541831716372,0
660.9634230410493,16.318569396377235,2,0,368.43546347653785,0
363.106056551173,4.922590433403439,3,1,395.80864041990486,0
1155.3918136246498,8.850339598441037,2,0,889.3102579851421,0
464.7532762675449,19.382876576221296,2,0,1246.5176281985719,0
1029.8829933929082,9.534428841922999,1,0,505.7261904284777,0
1607.412684981786,9.473719201117785,3,0,232.61897481434048,0
1113.1856239683166,11.203390112621586,0,0,440.49032393132563,0
596.0778937073462,10.37780119948362,1,0,524.804709193286,0
745.2741196672511,11.603334780175594,1,1,181.1481107221876,0
829.7493295618444,6.673298082775165,0,0,728.0022581607113,0
388.0967467678289,10.70598586814112,2,0,475.8574515759422,0
2251.5780555406236,20.295225020319524,1,0,405.9957320040889,0
1121.205861246598,11.340888623843894,0,0,515.3051373901545,0
507.97251606218094,13.944487046885829,2,0,307.9166613171063,0
2207.8410353533523,17.126631316477525,0,0,665.4990112867077,0
266.2288874833615,16.93762645031997,2,0,96.20925923421603,0
694.3838170425249,14.349298984908808,0,0,564.0610472553603,0
848.320797129392,8.77141363018836,2,0,699.2299526394877,0
1596.3195197178968,11.663596899158902,0,0,571.5295347870874,0
634.420696348835,13.523994422294688,1,0,547.1683124034511,0
787.2009397131302,10.814871950635697,0,0,636.2085618288334,0
537.8849060943093,15.13291964513654,1,0,287.19110698218026,0
14618.366167254777,3.3052110342223817,7,1,15.951129881028264,1
991.9538651469161,16.788694144661854,0,0,371.62884063226096,0
208.79525353431453,13.223135058910007,1,0,691.8693693723768,0
484.39383351316627,11.161258919429008,2,0,310.2886954236946,0
482.04379864748523,17.476337501261185,1,0,505.01035200836554,0
878.0506245586183,21.2069955516088,0,0,342.96642104531577,0
813.1533407736966,13.62709884948243,1,0,425.23876239956684,0
200.3553750200298,23.0,0,0,730.8753310845277,0
776.9877826887214,8.149064622788224,4,0,399.60945788968905,0
570.5380424374555,16.399664053994726,0,0,622.1146042288008,0
1947.1402134084515,11.640776894222476,1,0,777.6309423866038,0
1941.9515132373965,15.083700439324875,1,0,609.5719821024016,0
717.1826648349618,19.213733164206715,1,0,323.5869555682485,0
791.3516382151205,10.511544279768977,1,0,622.4348674008028,0
293.3788187236783,11.520003723323434,0,0,374.738685152391,0
1065.0994154424275,23.0,1,0,501.05385652152876,0
847.022928805075,12.495411433773253,0,0,275.75714979475214,0
349.1080853517379,8.129731098508671,0,0,656.761549719707,0
1567.2120672042538,12.692264230732802,0,0,244.6312609591721,0
1037.0051775316015,18.905747597003923,1,0,187.7638795719447,0
352.5004858945725,19.10829364098969,1,0,529.1334117857887,0
373.27699721855873,11.866043023007371,2,0,482.2495962130735,0
590.1795078080495,22.553293362954925,1,0,252.78964932991607,0
1187.0232647827982,14.607957697870063,3,0,550.97862553124,0
789.9275329294292,8.958569660178362,2,1,291.6698496860711,0
592.5165114819885,9.842606635492547,2,0,522.5731578392309,0
3687.265003961961,11.566523255852431,1,0,273.805614440643,0
2266.2130350947323,18.123451751054336,0,0,290.54753025051093,0
1228.9586962708293,10.466891220218507,1,0,906.1632385736054,0
287.7948476532104,15.191887024205823,2,0,539.7348565437331,0
1106.879276787431,13.645830462373723,2,0,191.38087260401704,0
622.015194501578,13.339245549325693,3,0,459.8463107226827,0
1006.9548720022912,7.29138878321843,0,0,339.07134350724937,0
1078.4188202264231,12.256123694965654,1,0,811.3845644821166,0
916.933802726459,16.230854722216232,1,0,538.3875335059475,0
1250.173243545024,9.004140785770028,0,0,311.4008187040886,0
1373.5961140539473,3.95035367765713,2,0,488.70544406730716,0
574.1403612839288,13.83262594836547,1,0,290.6917600166242,0
158.31918853907297,10.417707418193597,0,0,935.0297593447856,0
1289.5609988475408,10.44470821699754,1,0,845.412801490342,0
785.2623000421676,16.573201199905796,2,1,730.1902278275887,0
1023.3042603148616,18.654100625186594,1,0,674.5130755652359,0
424.10704769937286,14.318449777134443,1,0,1702.0922225414256,0
1305.8176617272452,18.509991891050465,0,0,760.3652264413751,0
196.7332397464824,7.487719580039751,1,0,717.2450165837755,0
1539.2058929748282,12.894336041917892,3,0,371.7745409989145,0
368.55196845389617,13.726765276177648,2,0,515.7643524700809,0
1858.4132719950612,16.725880878154662,0,0,459.6062029165015,0
693.1332964630128,10.161649228475955,0,0,629.3790474891009,0
1972.8641936308074,9.222406157903812,0,0,466.4027257869228,0
719.0347821460671,7.111871719682197,2,0,602.7966411947463,0
226.06201574434687,14.69487826181642,3,0,448.9505793472791,0
327.7933518697295,15.802900079431508,0,0,284.3704241589932,0
945.6931947207833,15.608606860078993,0,0,540.4365609275127,0
639.0916705784024,14.65371929509125,1,0,677.5990461065167,0
1159.2629286276047,12.437525609293694,1,0,292.7702689185006,0
319.99166774294326,16.548336377317987,1,0,573.3412217095533,0
1727.333120090898,10.331960269566801,1,0,341.07527533169093,0
604.4767359518995,5.946528525413774,1,0,455.73420720978925,0
2985.0870103796897,10.99173785555438,0,0,448.19158186629704,0
1663.2296638588757,13.208925945911458,0,0,1013.0151497092754,0
1307.6457747880036,20.286174803371388,2,0,543.9385891982243,0
485.1886283037336,6.198790112231413,1,0,393.27636244128246,0
584.9561828914957,11.341470230023198,0,0,294.4495980295474,0
1761.110873905409,21.57588196721778,1,0,734.6772055767296,0
650.7973938572343,21.904074531466165,0,0,524.1320945241496,0
585.8017365569299,16.83232742054767,0,0,318.3716826677578,0
866.6319097023713,13.232750744365577,0,0,402.60708008730245,0
668.8356094964354,11.457582129907314,1,0,371.80759547020506,0
649.4951947394542,11.79970613480039,0,0,667.0603890543771,0
945.5588119449559,10.472881429987744,1,0,925.0655298624155,0
1411.9228328244747,13.474992485479392,1,0,742.5138495764858,0
1268.7825426604536,15.891769846763639,0,0,1148.4840176867403,0
933.952909574805,15.424081076699045,3,0,526.1087892574062,0
1709.218507676631,23.0,2,0,577.8930340613952,0
4155.322392773461,6.971359277909775,0,0,690.6578081885854,0
1403.3345741348332,10.011125609858135,3,0,430.57993815326626,0
1099.7362985526843,1.5158500438953801,0,0,362.5956285477881,0
1106.1675426761894,12.612757453245123,0,0,565.6701816415342,0
1782.1151083158659,7.440192273169391,0,0,478.80017566696154,0
1113.1686054291142,16.60280397921935,0,0,184.91721060760653,0
1369.2841527775186,18.848838890017454,1,0,467.1750335234527,0
232.85136559106542,12.135442979526994,3,0,929.1266437135966,0
865.8767823882962,14.78519585098384,0,0,346.0264308696374,0
804.856989020624,22.336058004258774,0,0,358.62239003864073,0
2191.21204706434,16.07536254849542,2,1,604.6394607760504,0
427.6355823690082,9.156663611466428,1,0,485.2291915201686,0
2292.9566512785004,22.730387591470976,1,0,436.04085274006843,0
13735.125930348933,1.229051914277905,3,1,10.555149370087172,1
2342.7786725225524,11.61296884201092,2,0,390.5635339868622,0
1353.4896441746116,19.472866456102835,2,0,554.918040671282,0
374.0592196211486,14.723430652625183,2,0,353.8120997277288,0
622.0817732225008,10.065861846324813,0,0,598.8595122659201,0
681.2753421696283,19.950193766035216,0,0,707.0008677244078,0
679.3440249338628,18.186047433643406,1,0,282.3641015894506,0
294.7647639966882,14.72762939103487,1,0,533.5663532242313,0
524.3771002523916,12.44331673276406,1,0,437.315216510954,0
1186.9061909846982,8.96244572183377,0,0,637.2746157393027,0
263.89759361406124,12.681504670634606,0,0,430.43453159709975,0
416.2422252446848,15.729718339900334,0,0,205.89253608323452,0
1825.2851646821987,9.9007794072005,2,0,641.7603982721149,0
980.5992406528684,22.50662553228327,2,0,308.07799436009947,0
1859.105561990023,21.664065661617098,1,0,532.7712333980708,0
288.435660090891,13.319320755665132,0,0,891.7098814728898,0
2406.460871976732,11.093720250122322,0,0,366.4092678156172,0
2359.6289869504503,14.76840881588452,1,0,529.5400575921241,0
1307.4646439495993,6.720519392300068,1,0,324.01761194375155,0
1156.7696537553516,14.076767258779885,0,0,1113.235416060408,0
720.6127687435376,11.984538551229951,0,0,476.57566259645796,0
1776.0270396595329,10.92509123294684,2,0,534.7146788725116,0
541.6592549531556,21.623383714237836,0,0,322.25370896524817,0
954.7395027787047,16.203312784060238,0,0,218.7124075688167,0
2784.659652538416,8.072019961127705,0,0,456.8121337178787,0
1276.2450801698635,12.513292274422387,1,0,247.06598482298955,0
260.4979266444819,12.942489965748965,0,0,570.8999331346353,0
271.0926130470971,9.118241244708692,0,0,541.6036501938866,0
128.27535124907055,13.993462328724554,1,0,807.2439926165907,0
1003.3673199518767,20.97930848726049,1,0,621.6258672071262,0
181.48459355237134,0.0,2,0,313.708911791979,0
442.7841508264382,7.211837775255465,2,0,504.2346735497075,0
622.7332864261291,6.686413322863505,2,1,451.3776947180034,0
681.6811388772279,13.170157961025376,3,0,147.38437713836277,0
952.3156393133816,17.97339161522562,1,0,103.94210547728512,0
1814.7069870634002,10.588077072642172,2,0,506.62665511847484,0
1886.2101648599644,9.311961101763451,0,0,542.5386856594553,0
619.0632207338974,10.778985008400307,0,0,387.2086938849503,0
845.8975092377268,15.267964708454032,0,0,337.1134662170475,0
890.7736590655879,15.881835185995543,2,0,180.76211774943545,0
291.860978236741,8.692635135381861,2,0,355.1263604106386,0
1691.7655619003717,18.31729738152629,2,0,743.7239781579683,0
911.7395414231321,17.080806152573974,1,0,257.04156703180615,0
1346.3077656357734,9.206481354282081,1,0,551.4989929716837,0
634.5098482715383,13.642429953635089,0,0,1262.5324053313932,0
183.67134197987724,8.220451087877104,0,0,788.7018114360076,0
884.9980243212016,20.488869068955843,1,0,273.7080993055985,0
630.2356694360391,22.80080537577655,0,0,392.970262774181,0
1179.2963937434872,11.577117282474688,1,0,217.2403785865461,0
1041.4355449177472,19.546857847296426,1,0,531.1473097737853,0
958.374405808888,21.980532576564613,1,0,483.5625532321214,0
719.3740605572116,15.057521311690923,1,0,314.525628092891,0
560.9235353512103,19.567606767291693,4,0,491.22467976495903,0
1668.8118058682642,12.101067026616615,1,0,374.8709136228277,0
1824.4173158295805,8.600338590515804,1,0,285.8697209866929,0
1546.9181733981175,19.510976593856,2,0,953.752733399026,0
3864.8453902406004,14.759594318784044,1,0,306.79546488055433,0
540.2560585624725,6.1707180767281065,1,0,298.85377331789095,0
1683.208596533693,12.793494891493443,0,0,723.7307985221988,0
3562.228962841699,9.719461736717848,1,0,854.5332607651407,0
1066.8173382207283,13.27633800540732,1,0,172.03059410479713,0
1022.829492864064,16.463919869617637,1,0,352.556081114615,0
146.84252915495048,20.38809506615861,1,0,389.4604984447577,0
1302.5999053828643,9.16936738435455,2,0,497.93201018351095,0
437.4128018491631,10.732003574091644,0,1,528.5637680770751,0
1063.4017737589127,12.701263083008454,0,0,700.0812801420329,0
1164.72906684269,12.933557933070265,0,0,535.7943168597277,0
1410.1053301996674,11.968785635490827,1,0,927.9307279861534,0
678.3768371469654,13.515771695241076,1,0,737.3825485781745,0
412.3674806026595,12.625838109713865,4,0,322.53599263575524,0
584.5528582933084,15.931126868724935,1,0,833.9086083793568,0
54.34623537041032,7.6517386694934935,2,0,517.813327832039,0
1039.8057198284648,7.737944077572277,2,0,260.52977371167157,0
843.7852341041474,14.219070964158805,1,0,218.30630233337965,0
2316.1507014322237,16.751518370045453,0,0,244.76100769966945,0
965.2107607391894,16.413325130206534,1,0,425.1262830977118,0
362.70761456399583,18.628334739539305,2,1,601.8122278076953,0
1282.2246130410622,16.601174479127305,0,0,343.45848680620315,0
428.92269966285363,10.971122925507236,0,0,311.3315613305035,0
1765.013624787356,19.37136648710061,0,0,477.39448188205864,0
678.0364350786647,6.900712327075137,0,1,580.7142330461077,0
1050.831776646729,22.4822598995037,2,0,305.02343869948095,0
1130.3707081867967,17.823395877176175,0,0,295.812094657895,0
2070.0536480926335,3.372732010279286,1,0,658.3378907161572,0
1192.515743357093,2.703145580841511,1,0,153.9781542902028,0
435.07195811810277,23.0,0,0,367.814342970824,0
1118.760913801303,16.542235518988882,1,0,841.249356281579,0
1171.8333606580234,11.337673029964064,1,0,1085.621333603167,0
941.4315347763621,17.53203304326612,1,0,517.9169358092488,0
1411.917088859392,14.076937822506343,1,0,471.97985007447045,0
207.02419525741217,20.21970962483062,1,0,497.9107730484028,0
2333.696703703472,19.568478391925126,0,1,450.34758765838234,0
2695.963918310581,13.597351751067842,1,0,302.7426059997925,0
504.3694411317666,20.85158250069657,1,0,620.4461200949291,0
1392.4131979940707,13.673446441638026,1,0,286.0202216728277,0
690.7026239928765,15.353782617749216,2,0,488.99676410326657,0
996.3358578313191,15.447274744295683,0,0,1063.868774553678,0
535.8957483318815,23.0,0,0,930.327686011638,0
1873.260312195657,18.66828300714449,0,0,185.96287011073233,0
1404.1290872178495,8.449360295088518,1,0,423.9074081358356,0
565.5390008704495,12.893008709074525,0,0,284.20542757443036,0
2044.9897962632324,20.71126763151805,0,0,492.49245708048915,0
1687.4048891827329,13.097807323246503,1,0,465.6564509451223,0
807.5681024041053,6.260797693606692,3,0,625.8399996474458,0
1462.3956119617148,21.369396452533728,3,0,234.21616868125503,0
1138.3932627284516,14.380962107243612,0,0,715.1185662198748,0
1401.9979922041045,14.201606053697938,1,0,619.2938164483561,0
1664.2783415484175,16.117766980177354,2,0,347.5421641804639,0
290.34942386662414,12.669681721189985,1,0,873.6019324414885,0
937.5761278117421,16.705254920308317,1,0,997.8813351112298,0
1501.144996111899,8.092346233349222,1,0,726.0784604625758,0
669.5882808751534,14.967974116404639,0,0,522.3172773348323,0
611.372272708145,4.370160270464087,0,0,606.7763926517496,0
69.96754643856829,20.447968098123795,0,0,457.06684940748073,0
1366.306859461782,23.0,0,0,636.6935074486928,0
2026.9046968820317,13.986322219544432,2,0,797.2065507573122,0
1193.4701155392897,8.72205003693815,0,0,848.3452534111359,0
1123.0779769065518,10.415866960459429,3,0,300.0155884308318,0
1417.166039929361,13.062480581356136,0,0,684.6785892607256,0
2249.0343858341066,19.771174024498798,1,0,255.54390036864788,0
493.6527091804558,17.76949818636818,1,0,306.53945694179095,0
526.2852015064861,6.938706862910998,2,0,1143.6609124860227,0
274.9760636363933,17.336972190289174,0,0,305.89852792526847,0
707.7176419229299,17.397915746928234,0,0,442.16497788543035,0
1152.6680973331165,16.11972019535316,1,0,571.6041543915582,0
689.0620047007078,8.678137947829002,1,0,1212.0839292468584,0
405.9197505548913,3.874818427451279,0,1,172.31696743027365,0
1737.9004156189076,20.231313904993403,1,0,214.52046180569954,0
1351.0293945314927,22.724981338639672,2,0,765.5762979507331,0
828.2259220727967,15.806410531001974,0,1,262.95502927741694,0
578.7057776444316,12.454698707115153,2,0,704.6017314765506,0
1047.8840805920552,7.862378786808044,0,0,478.7545109559436,0
474.6638651269735,23.0,2,0,362.16734384558123,0
1403.815319703469,17.918897251544816,0,0,278.59601160745643,0
976.1262803857006,15.144246040479537,0,0,905.201129368116,0
1190.6503477411018,16.156660931765234,1,0,371.2672320392652,0
372.4650722694316,16.477930712548535,0,0,559.6160376237027,0
2229.2426938515737,13.403453440984876,3,0,525.0462126912363,0
709.0896425698503,17.057919628908714,1,0,1477.502410809735,0
248.6532592253658,19.046635525168547,0,0,733.5606999233682,0
2342.4925569696125,8.982617196079023,0,0,527.8951046435783,0
1193.8612969557778,16.23910938249002,1,0,431.21281286205715,0
1644.9667589005387,11.074070737003577,2,0,247.67623459280804,0
642.4191871588467,8.490500135056436,2,0,162.02893326212845,0
683.8329857744344,16.23223391652389,1,0,765.1008638910143,0
1176.2640336037098,17.817613339524115,1,0,521.9443609826858,0
5248.275648163326,2.5252971123491506,7,0,13.456417409245285,1
730.9258323781896,11.507679587295783,1,0,322.57211311283373,0
2424.7489707400823,21.102004615649278,1,0,698.2876767234383,0
1128.0666323417659,16.974205106161293,0,0,467.74495002945474,0
1953.4985665124825,8.441863347594262,0,0,389.02913444602,0
294.6921905802679,11.9993196834872,2,0,682.8533996949938,0
794.5226820036104,12.007081678495691,0,0,545.5637621526611,0
211.75365053945222,11.461052545966968,0,0,401.41547301485303,0
1186.5275237323574,15.88347424338193,1,0,621.502448642202,0
18625.641907580975,3.7368930402699565,6,0,13.754160787618549,1
740.5350450868215,17.777308569354815,1,0,377.16167465562086,0
1039.596120093276,4.327834561914049,1,0,426.8238633917551,0
214.97200409763764,8.19377773759821,2,0,848.0262679166751,0
450.6665563642188,9.406462619259361,0,0,452.5953089367367,0
501.10381748912846,13.153931709172266,0,0,274.93484605159017,0
1120.8999405537738,13.431865327403852,2,0,545.0057447293239,0
1960.2933635286665,18.210789181899464,3,0,389.1631677418738,0
2014.9103015555222,19.004015216912762,3,0,215.79034841580537,0
234.12296492165598,6.571302671387466,1,0,312.31055954099827,0
844.845158349728,17.89369892679775,0,0,268.6990362263122,0
505.04887100619277,10.673789211251787,2,0,633.1917765374042,0
118.4463613167052,15.89662682015307,1,0,218.64464482517764,0
972.841926338528,18.95529712111282,0,0,832.116736561535,0
23687.672219932854,1.2854911251028691,6,0,4.873878328137771,1
993.87767694051,7.177797205743697,2,0,664.8827959885618,0
784.092645628409,5.729822498696489,0,0,827.5889131824022,0
271.1464558123377,9.709564753272108,0,0,688.215476318798,0
424.49888456779365,18.756663030552723,1,0,624.7462563121255,0
920.8308567277983,10.758218148387495,2,0,714.5056242134384,0
1496.6415553810223,15.767569922242128,2,1,715.464070178385,0
1736.9643728124495,15.123161579280374,3,0,542.4337779597306,0
992.2746891250883,9.382997637374597,0,0,318.6184674594708,0
412.9087339806541,13.341631087723405,1,0,933.8875706299013,0
783.7521064448259,6.240134938759189,0,0,182.86379841446646,0
606.8824211428586,15.915980756042039,1,0,758.8949883216825,0
3745.6784558164563,11.925220604335935,2,0,706.528727629935,0
741.9178352495421,13.580445506079984,1,0,395.69173515806267,0
7398.521275090918,0.0,10,1,17.384978783247682,1
2363.843605953581,13.307910738300128,0,0,571.7625013075793,0
1588.2737845223537,16.57953115157014,5,0,361.64134175291815,0
2451.4599643801644,16.613833711833593,0,0,624.2693578905867,0
2972.0369430068617,19.874666213140202,0,0,142.5435580700589,0
461.89757493503896,19.532031581955778,0,0,500.99020652797253,0
8715.740223673256,1.2517321543545157,9,1,7.367529189803573,1
2002.3439280995826,17.879219735349622,1,0,396.1704755479897,0
1860.1168428014535,20.062454720409896,1,0,356.32471671071465,0
1560.1286806891553,22.484270368561408,2,0,361.2866064409126,0
141.18728466915417,7.134762276674778,3,0,424.2706217650716,0
908.1750009641597,15.341466094782678,1,0,523.2459813586967,0
956.8369552014143,15.055085151111408,0,0,755.4557955115688,0
562.3938616991926,7.628563884745381,3,0,236.33787542210385,0
722.1372635863462,7.655756097263604,0,0,455.9159991628672,0
2367.4123015395026,13.588347249913973,2,0,538.8524286593586,0
361.57202641563686,3.938257453395696,1,1,273.42892170627533,0
964.9521461117616,17.377548377462585,2,0,457.592884516917,0
2103.9872553729656,14.027933104336741,0,0,928.3554964811849,0
427.1550523070175,14.2522372138723,2,0,533.6997243956087,0
1199.0312414056323,16.834084660310303,0,0,704.835780409727,0
267.7207304806727,10.960788967867579,1,1,704.091201084454,0
1559.5707421095626,15.76754009633245,2,0,376.8638944358919,0
1344.0064655446442,19.1883977036513,2,0,766.6155187516011,0
1306.7151311748553,20.139939047928003,2,0,472.03554476226526,0
708.6054406727176,17.829069069601964,2,0,960.020453573228,0
403.41846295091744,9.735559780566245,1,0,501.0754773114832,0
1510.8499611293864,7.572172031444447,0,0,361.162323203417,0
1836.6459879438657,14.037159012198336,1,0,517.4458488747065,0
894.5655625453751,10.738684081281226,3,0,279.678728640112,0
965.1745685335417,20.01598679071188,0,0,487.55566742250204,0
65.10316049517421,12.199843379458166,1,0,998.7363346464928,0
289.49519055162943,9.148258252932,1,0,688.2421449792781,0
1317.8589623481257,14.27960330461609,1,0,380.29483935890175,0
1227.9128506983454,9.115340894547183,1,0,580.8898225341152,0
1769.9791939284546,12.699216101866625,0,0,231.57783552759446,0
268.6332791527762,11.375367396098005,3,0,289.75633403652654,0
1255.1938562550945,22.22190142850622,0,0,397.81098820247377,0
508.33089065572767,13.75580304436965,0,0,293.56625271382734,0
1561.4685490205575,13.209576860210442,1,0,444.88280869875973,0
1794.745407832049,9.195104695763831,1,0,268.51372965980966,0
1964.169940631901,11.77806857447219,0,0,548.9881922042875,0
685.424437885774,9.595252950012222,0,0,1030.3500827795585,0
3722.4057164980272,23.0,1,0,264.6446946475179,0
1531.9879228956295,15.515081462374814,0,0,810.3178579571206,0
824.6512394701323,7.95017485666412,2,0,239.8492103510596,0
1094.9487486038731,18.536368423958542,2,0,566.5540309284066,0
197.49296563874458,3.703228601124117,1,0,421.5872864855136,0
282.98673888582465,11.891154561170467,3,0,499.37965933267617,0
1378.2861112328428,5.14612788704472,4,0,423.7382152137616,0
2517.7286831178308,20.597794007801067,1,1,480.3749072556169,0
872.7235089336301,23.0,1,0,967.6732385390756,0
751.3163805691596,12.100543956562081,1,0,217.07910158175068,0
2958.808442019735,12.347234063165558,3,0,556.2021770652437,0
491.5854013570777,22.11179079381683,0,0,621.5057129454972,0
850.7719687243678,12.361061551878924,1,0,305.7661355593838,0
1793.5187912577774,7.343900057464343,2,0,518.9633439936446,0
547.7111466910188,1.5160094144045644,0,0,656.4823247806322,0
1528.7981726991952,19.997689193239545,1,0,713.3496405387142,0
411.84658379678655,10.502552474746501,0,0,281.1579030892181,0
1487.7561162511106,12.840610124693837,0,0,385.9369922413485,0
1019.4450435735943,9.71052621328513,2,0,481.7450390209744,0
2467.909706358056,20.406700120971543,0,0,508.0297660658434,0
370.77267768644424,2.0749560101451063,0,0,552.9598481095733,0
2895.939724027444,11.650385001878952,0,0,428.8690310865926,0
2463.982113700676,15.146334205477064,2,0,757.9656707884457,0
1113.4445292542864,8.582269037757406,1,0,268.5111518451373,0
533.7264679847965,13.300648206136433,1,0,805.5546748157818,0
1717.7696116870954,12.532020227933664,0,0,201.20832961214617,0
1093.8676315716705,10.39815572551673,0,0,344.0424207412834,0
468.56975795652096,14.684549953766973,0,0,337.4441813025671,0
755.116893016267,7.2541394792824185,0,0,239.47865995284153,0
932.1532847034949,23.0,2,0,623.687228951041,0
342.97585831723376,14.293353016848188,0,0,366.5378147064784,0
5208.079546174827,1.065460530541647,7,1,11.680608548101501,1
861.8238334360985,12.846171474416948,0,0,324.7199385366288,0
992.8090902229858,9.269677439372156,0,0,623.7278508819173,0
978.0790510803395,13.457283342387013,1,0,271.72026678395633,0
892.3565681393621,14.406139620478827,0,0,134.54079621832489,0
1978.550226765021,12.827337037409597,1,0,532.8960992414927,0
892.8166451579154,13.868518995671796,0,0,528.576213093755,0
761.313324125813,14.358889131188466,0,0,566.462618688999,0
1568.468532794889,9.434192218366707,1,0,500.20768476736527,0
395.80406545522277,7.079555039937883,1,0,497.82610049730243,0
1284.7693327075413,21.319503930871612,1,0,383.509853320775,0
65.74852470822105,11.073965515481994,2,0,537.510954919861,0
1249.052524396823,9.367381168295326,0,0,647.9350821688145,0
2161.6222344875478,14.742655078207523,1,0,376.003997873277,0
436.53110088825053,6.058674282792361,2,0,658.9302609366102,0
990.5303272575284,18.531079346028005,3,0,436.04718290316214,0
2120.864108420663,13.0619542767786,2,0,465.4779710765933,0
1974.3749010205433,13.203521987190628,3,0,944.0157495751299,0
1547.904500687889,14.135774546112488,0,0,260.7383342358104,0
1536.8521402045735,14.460311477732812,1,0,278.44124660007293,0
538.9434066347513,13.20576002170332,2,0,352.1774749042241,0
893.7891699944091,11.166671972955186,1,0,378.73211795546445,0
1282.6923168687763,19.005324212853814,1,0,702.1530469220179,0
937.8998196042404,18.152525943167458,1,0,461.63686713399716,0
623.5185782159233,15.53016641181755,2,0,215.7383784404488,0
467.52032017255857,19.698143773078808,0,0,399.4478869298566,0
35.460374682033816,12.018823449654157,1,0,257.4135717479847,0
2361.3320853200535,15.492139497414092,0,0,465.0665405917673,0
320.46216531176754,23.0,2,0,284.97028244853186,0
219.52643792620626,8.476875129530036,1,0,679.5781710522716,0
1452.7672573252667,23.0,1,0,435.46105707467274,0
1151.1240842495854,18.782482379207682,1,0,438.659843939203,0
741.2908885034291,16.710894870508223,2,0,573.6636922781297,0
1074.101253606053,16.690423931558197,0,0,392.77981919747265,0
1468.9869320810706,19.58282134556899,0,0,854.3350463657124,0
3700.6521191954284,13.613552499253087,0,0,429.3265685667739,0
668.3259264774215,14.620793019236077,1,0,765.1565391115769,0
1077.9579467353415,20.84338496678393,1,0,722.916836622456,0
2561.020200319973,21.85443236997513,1,0,217.93237090262082,0
1059.6811670053164,14.753421144259569,0,0,162.5181610804102,0
1010.2948724344405,16.9750440105414,2,0,216.21555816627006,0
430.09400284883725,16.5490895422348,1,0,341.9396798251443,0
1911.4678727625324,16.570704953803613,3,0,567.9653878680543,0
841.0256690131056,19.629160895058753,2,0,927.8405692838819,0
1421.208203323846,15.307022512736053,2,0,779.2270478135833,0
1833.6501935658243,10.644254459621886,1,0,707.440536184836,0
488.11701356516437,6.874666124278372,1,0,473.587708091223,0
280.42339887524577,22.025990076047627,0,0,250.14259682169882,0
644.8112360969844,5.783654827148611,2,0,572.6810558487801,0
1276.6950028846936,23.0,4,0,727.6763902848227,0
359.00446075184436,10.768212314253184,0,0,778.199330729322,0
377.97405210548027,11.809606759482316,0,0,448.78526543545786,0
830.8427284665869,15.406052649779388,2,0,345.8893510203585,0
531.7882494550569,9.153600101306015,0,0,630.1125868839268,0
1314.2513352324554,14.622187989534721,1,0,556.5638718083584,0
819.9803540342732,10.748423025634626,0,0,800.3482944622097,0
1657.6739683951403,12.24256117398151,3,0,376.60329574047825,0
578.6962680718368,15.704353956731405,0,0,521.8905867296244,0
286.5802631153297,13.19114307680582,0,0,784.9964917243408,0
2829.7471162487436,12.176789729414336,0,0,487.2291617294143,0
1243.899065817912,23.0,1,0,944.959062040569,0
740.8252787327754,16.088407025086237,1,0,492.441542069443,0
2523.289106207919,7.509651243714354,2,0,619.578283341094,0
2002.0888039554827,21.84340959420679,1,0,271.7936879211119,0
1482.3700841535922,15.788775417134383,2,0,362.3440157863656,0
523.1542088750855,10.626897378216547,0,0,367.82574597933046,0
1885.6371724908554,9.061164566127664,2,0,642.5205765557265,0
1249.4383702952114,10.738010404952089,2,0,392.78407278950743,0
835.9105904184979,15.25176304225527,1,0,283.7711033914706,0
657.8533585602908,8.628360135691313,1,0,161.20117185533013,0
986.8816801085763,7.509249121812816,0,0,537.4735525014219,0
1522.8358052953256,7.183468718811964,1,0,348.3319035218798,0
230.01622671475388,8.902866331122036,1,0,354.2584804440365,0
1064.334043635111,5.507865453813249,1,1,658.4622358618016,0
1814.0764489601145,15.87891066842387,0,0,859.8493260109409,0
2084.6037958732677,9.0531086463014,2,0,541.8359144525369,0
3760.2828843620327,15.310099881198312,2,0,397.35380001619745,0
381.55779880839594,10.490708048788736,0,1,392.25002195490663,0
414.52548423842165,18.856092065962542,1,0,549.8854284413643,0
47.886674907196934,17.05645573619122,3,0,143.39955408527,0
1791.692852802099,16.5456973783577,1,0,351.282040916844,0
862.2960165406485,15.021274713285129,0,0,421.4128914280475,0
114.14175480628622,14.840128008797658,3,0,746.5036567200663,0
1698.4985914777683,11.543877926914435,1,0,516.4824533465007,0
1097.913986370388,19.55688044494628,0,0,469.94624712350657,0
141.1167317466499,14.006766512328209,1,0,441.89659849681607,0
437.17851394185624,14.423988169565476,0,0,716.7300139700433,0
1206.129925126212,15.417383020094912,2,0,416.1780277704108,0
210.64453334194215,13.674116165388739,0,0,369.2919174694934,0
2497.0313532020627,23.0,1,0,371.5128585199392,0
107.53019892307694,11.206931134344359,3,0,793.0567863011674,0
768.0373565480847,19.40177900636822,3,0,220.82776110267122,0
300.29609312323373,12.55011610008564,0,0,210.00680480748838,0
544.3179798517825,13.326922834683852,1,0,304.44557474342133,0
356.3637742004456,23.0,0,0,380.15905449426987,0
145.79071763393665,15.971278463905064,2,0,372.53411269060877,0
1212.8760548057417,10.963365447911514,1,0,315.34173438947903,0
1510.3701449663304,16.94684803634786,0,0,1042.6224891296679,0
637.32504461072,8.204767287353217,2,0,511.00482529630875,0
1708.6648844832873,9.153604008278172,2,0,597.2550377033,0
1641.27805777973,14.778759539156402,0,0,510.47061431673575,0
1924.0266705890072,14.99636106374223,0,1,1096.1656484513328,0
1054.5235246383259,11.041781798682392,1,0,394.1765278354091,0
15034.400206285887,0.0,6,1,77.34760280756664,1
701.999995986679,15.258926228377495,1,0,438.2391436265253,0
884.7551300284248,18.374955926839885,0,0,745.5112048736233,0
603.4576655330819,23.0,3,0,374.1008233817346,0
552.4788080015527,10.117283552349106,3,0,546.3601226329968,0
1777.2904906690073,23.0,0,0,309.6240260500154,0
732.2421513006755,18.381855949170117,0,0,713.1899297866032,0
297.6563244515506,8.13855923797664,0,0,1089.3115509417855,0
616.795227904081,14.069178616111973,1,0,701.1073645319776,0
842.5000521788538,14.610460482255423,0,0,391.07963072728563,0
1809.0327341459167,11.274745977918574,1,0,666.1433880796578,0
1061.4133230616223,19.30897669226823,2,0,966.0189113224786,0
3053.991123410744,8.149981567800687,4,0,492.7351590668239,0
577.7334368353556,13.114852720425914,3,0,772.1794542140449,0
1534.377341826572,13.832072976164053,1,0,470.3760495160938,0
238.01160643133053,11.989519477517348,0,0,349.4162044256389,0
402.3628677239079,10.218591244687781,2,0,1178.3382014449435,0
536.9731829967598,4.331033598491276,3,0,262.78290686509223,0
674.9375061389584,21.88229001077817,0,0,427.52843988555315,0
816.3355972257302,13.886612372563295,0,0,494.89419081666483,0
484.6178153021671,19.44052646300215,0,0,536.1432558609703,0
1475.544261681628,14.278698866631839,0,0,226.86128963139333,0
657.464963142246,12.934431229536054,1,1,214.00915778414782,0
596.0644519950556,12.469503033344576,4,0,831.9565966902869,0
1097.8766803929614,16.97619182027582,1,0,391.607979861586,0
10929.920311154472,3.1535019941883564,5,1,8.812421776877423,1
654.2261185919683,10.13741262157803,1,0,443.9118657639952,0
629.894277394625,17.16650618127824,0,0,561.0811526095149,0
1337.6146580391687,20.317565214165747,0,0,585.4340050845867,0
763.8147540264578,21.10198215549262,2,1,103.79870185704394,0
90.04640677476921,12.914471264891143,0,0,535.3240812419887,0
1088.3221864116451,15.981339582827516,3,0,360.54019131565764,0
129.89037881902226,8.836622354910066,1,0,689.3050756398808,0
1206.639635578911,12.157115466299317,0,0,245.46080427813476,0
448.5113166582631,7.595060381312784,1,0,481.18518225820566,0
111.03473330834777,20.431504427609774,0,0,544.7584468295107,0
1127.4267830960648,17.56191672433228,0,0,456.3086860560208,0
1316.1424240619342,11.888394709448983,1,0,673.905980285003,0
247.03783112310305,11.396554522404278,1,0,779.1224758540106,0
718.1794439088045,11.987581585880598,1,0,624.6273929871209,0
2565.9288039620865,20.834503450086466,1,0,627.3199266651819,0
1343.6711941680492,17.825135975772586,1,0,735.7190981766169,0
389.5696680262601,7.008214627698887,3,0,293.18746752688446,0
1418.2610007801766,6.548444889229211,2,0,623.2867827119303,0
2324.6280864649257,10.292576372699832,2,0,346.28911357281385,0
1046.8424456670175,14.234429295091955,2,0,444.2965538611695,0
480.1955695095743,22.159955035563144,0,1,539.4349101786911,0
1309.5060739532732,7.627448953475364,0,0,232.21084888106168,0
127.63872619066017,15.967860055772963,1,0,493.181122897238,0
1296.7912736852843,9.235158703337977,0,0,222.84884447760987,0
1565.9647750914053,19.223556208823002,0,0,742.0301779906122,0
2474.2047684212816,7.182320681359837,1,1,1010.57829736035,0
541.8416101331758,17.167863720408587,1,0,695.9452551732521,0
1879.9645098038548,10.562380840475164,1,0,455.3412692615723,0
559.4338635557635,13.705867954159748,1,0,272.61084964753695,0
1936.6506739053577,8.598737192109606,1,0,1017.3929219459937,0
309.9029210694567,23.0,1,0,599.5738078293627,0
402.53035558199355,15.510196615445805,0,0,352.0399926863313,0
755.0545105597806,20.785921234871356,1,0,522.1088186009345,0
1819.5333748467187,9.889616525191645,2,0,530.121309992142,0
1119.1169346547078,17.25305448053068,0,1,262.11274764020015,0
915.3314221037127,14.342126556039517,0,0,944.1705481341833,0
325.3968588949816,13.854268242547148,0,0,371.3507746768127,0
1398.8000726561424,10.342512915267363,1,1,383.21239155878044,0
383.4401598246779,18.93662867726537,1,0,493.7605800145415,0
279.9894546991858,8.96633468740806,2,0,621.4995938264482,0
374.5696882999005,13.035423144543087,0,0,393.8863765351592,0
1017.1612131441641,13.058912079904967,0,0,894.9182840571988,0
1642.2169039434507,13.971385795475397,0,1,259.4336311523952,0
356.195937830436,12.144040243692368,0,0,271.4855224896229,0
2336.9207557665327,17.98755153439062,1,0,410.72631378820165,0
986.7749958437053,16.458899448003454,1,0,618.4774364559207,0
1560.5136495578236,18.90139495554689,1,0,328.27870113510613,0
1863.0552708717034,6.766046730850676,1,0,161.58416195024122,0
1432.1885057911802,17.552570435609308,0,0,772.2899543750071,0
2887.688388088838,22.619424382113827,2,0,280.51687504794313,0
1665.11909443365,3.9734380159196867,2,0,503.3550015227814,0
409.02940722184735,13.267408604942297,1,0,628.9904639837633,0
1010.0371135639413,12.768627942912302,2,0,390.4920639018059,0
135.16718582550266,18.677471979392227,0,0,953.9407750516599,0
235.82860795791706,7.5356313389773515,1,0,657.7445358731027,0
1526.519594551522,7.815534062146431,1,0,217.51520623145262,0
90.5056085605793,14.222510411596183,3,0,601.5359755319733,0
753.0123436504763,7.154336688091517,2,0,466.8054103800822,0
508.3230141206958,14.993014750902242,0,0,559.7085938537139,0
555.0754088428446,16.718404494383467,0,0,1140.1603834538064,0
1391.2642805758871,18.34087739777947,2,1,268.69689461813346,0
471.60123598311037,11.286695505129668,1,0,248.25246323497169,0
558.3192800613463,6.975516512289288,2,0,581.7997961980104,0
5049.233030219613,0.0,7,1,18.99435681307493,1
1138.279344327542,12.822777710632455,0,0,474.2693777340389,0
982.6383986133823,21.851959201689077,0,0,788.5158342344104,0
1158.7252650348723,5.157071650432593,0,0,285.5074410077199,0
407.21337816917793,15.447255364253293,1,0,190.32475087710247,0
1520.451299367272,18.156821272379947,0,0,726.9746365567506,0
1043.8180164338548,9.719460798030392,1,0,624.4684067274981,0
90.40788832272567,15.422559912608225,0,0,292.9119737807416,0
719.7922645718733,17.42246512348448,1,0,258.4744451492455,0
316.1984194647675,8.645848698926226,1,0,530.5679363414902,0
965.6171740428839,22.98919366545236,3,1,529.7199552925676,0
649.2709004669198,15.681609048108431,1,0,138.68218116253868,0
295.30334696674674,13.953142207396178,1,0,506.97607166646736,0
1025.584328023804,20.609868387609232,1,0,256.2624137396291,0
677.1339108745917,18.83761497454588,0,0,741.2015317406485,0
929.3021543534021,21.253549620672118,1,0,963.6599273964507,0
974.4115013633392,21.025277928014468,1,1,747.6801041510826,0
1434.447501490124,16.99566050687446,0,0,616.751203062956,0
49.20355158174955,11.384281267792367,2,0,682.4259925611244,0
2285.2513044415623,13.176348856205184,2,0,953.0816977373465,0
1301.6453491911273,14.604977171817502,2,0,388.531793153382,0
2195.5427889338007,12.928359669275432,1,0,683.8591726947536,0
136.91264741811435,14.076532874227551,0,0,376.3063690753997,0
520.4381967580017,12.419418596847946,1,0,280.3438827524532,0
304.08316683857885,20.65940152137677,2,0,875.7875456932175,0
927.8804526568107,19.822323462561062,0,0,161.2254211596339,0
1167.1444175101124,22.97344473581275,1,0,507.99837862983077,0
796.6911367998373,17.677216431020796,2,0,596.4514136147798,0
6328.045807749128,3.009468517298697,11,1,76.15177446844639,1
1183.6546987495199,17.0394016655988,2,0,327.21057183125663,0
1200.498207407708,17.45757927932665,1,0,597.0070494367152,0
685.7591935888913,23.0,0,0,544.1346048918182,0
556.3480195614369,21.56398034407363,0,0,783.2367746350225,0
885.950856504395,17.046754477890207,1,0,457.8477015187926,0
917.2098976880055,19.031677845525646,0,0,913.20713977253,0
525.8735829455262,9.568807833182685,1,0,287.75172443863244,0
2075.0600589504365,18.37377338354803,1,0,589.0352271276402,0
421.2419961593442,16.959559531222943,0,0,135.26049808379295,0
1153.9008325278367,10.093211521915268,2,0,226.20256227875882,0
561.5920382113118,12.858407869874153,0,0,708.3957117756596,0
10088.732315873105,2.9246039286297547,6,1,6.678201678143052,1
2776.511525620658,8.667832624674118,3,0,297.00241315494463,0
1942.1334402142343,14.838250776933279,0,0,1012.559947102669,0
571.7732436668155,13.252348177283656,0,0,346.6738021274011,0
288.07604518383926,19.47968073803787,2,0,557.258073283589,0
1747.3759333263233,12.828169891402812,0,0,545.8086307802738,0
1615.989233795316,16.407476602835622,1,0,899.1487290252766,0
611.0846110151238,10.491363267020564,2,0,429.3062661609304,0
625.5213518102984,10.659254042416318,0,0,435.40605332218786,0
527.3359680066769,16.83060473474954,2,0,331.80447922164467,0
1259.3739729336883,22.81768751221177,0,0,432.381073578311,0
559.247486485242,21.375668285164604,2,0,889.5238280764637,0
2172.122489240922,21.071103363451634,3,0,867.9324637351916,0
468.79626608969187,17.195102377344924,3,0,200.9285700718205,0
315.17283771805444,8.913773153565792,1,0,350.6377308617243,0
409.2237208885127,21.549898052077445,1,1,294.3593383467142,0
1461.7168272236293,13.337776401502138,0,0,648.4868905104123,0
777.4714130354131,15.37834038018094,0,0,975.3490227058949,0
2082.850193712552,3.8460850093755443,0,0,299.7041803584458,0
239.16916480378094,11.029038647305716,0,0,263.10233999406887,0
408.7752278755763,15.168921481682794,1,0,141.46360350653106,0
992.3795278678198,12.705931647535392,3,0,404.42957730961064,0
1046.6871041831962,16.761885965046723,1,0,497.5311363358089,0
472.5308432572271,11.450427490808638,0,0,456.0474386135824,0
3624.1254766996585,18.242198232270333,3,0,308.16287950662195,0
1269.6139374492539,12.589202320062677,1,0,395.4038612332132,0
188.19007225939924,17.740600161259376,0,0,49.72721632978583,0
1172.039893603065,12.22624090185575,0,0,1020.8630680174343,0
445.5022662487662,13.018975515884476,2,0,205.57984677775895,0
4780.0504768541405,7.43895108735012,9,1,50.82643501662787,1
343.753032178341,10.494552493119429,0,0,618.1240833685285,0
585.6319394397822,8.032042179829912,0,0,443.4474403393455,0
1145.385302815046,16.983028067960273,3,0,558.6467812706932,0
1527.7905734123349,16.69234693627247,2,0,292.67278386921254,0
650.5832047583937,17.483174202855295,0,0,1144.2723895276752,0
22.95948805478169,9.959732854549813,1,0,764.1549908884859,0
660.8899763025496,9.094563683526594,2,0,749.1860099221412,0
718.2268186350848,15.883282960536395,0,0,786.2302277133472,0
2519.813734284304,9.797826186651466,0,0,221.61975872774443,0
449.00524035496187,19.307598931282143,4,0,870.9598015578173,0
376.8678363273269,14.56747173112871,0,0,327.42789177223955,0
956.0515732827498,13.290616368084946,2,0,487.2097452068366,0
319.677576861399,9.595237082617048,1,0,163.0277654195657,0
227.64974946850896,21.310359408343835,2,0,473.5859514652884,0
4587.660117039324,1.5309373274736418,5,1,39.133691108858514,1
1476.7353031165107,19.559266843983124,2,0,1139.409419648138,0
390.28199172842164,19.3507926720627,2,0,456.63275923254616,0
1749.195609878315,23.0,1,0,454.7505585721436,0
321.621930116696,15.800950921826107,3,0,718.9230693780331,0
320.7056111944062,9.891991636797602,0,0,565.4551879665183,0
706.0227694410455,15.699426548759405,1,0,460.46178601222573,0
1026.0634687565205,7.482637856092098,1,0,531.2636230631197,0
639.9904095443022,18.98675328275763,0,0,371.07045599003527,0
1922.635242899162,17.46758832112703,1,0,671.0729270824738,0
419.1608988503628,14.605169392513712,0,0,725.6593018234037,0
694.0360723772678,11.003627608674277,2,0,193.70460921886362,0
652.7132810271304,12.043347973855678,1,0,638.9301186466847,0
1060.179751556023,10.796123629567097,0,0,466.5483541856304,0
878.0909198784198,11.258121901828149,3,0,266.2063905211786,0
2018.14564845955,9.054289599596895,0,0,418.7164012482702,0
1258.8767489230984,16.757867694099126,1,1,527.7184867444605,0
604.6493713754968,7.757356588378661,1,0,552.7704327505245,0
488.850734963525,23.0,0,0,436.018003869305,0
493.256476920573,18.88464451406737,0,0,227.30968708046765,0
864.3677102000956,7.620733976593358,2,0,368.99981243684266,0
1276.2948175530757,12.630791848436859,0,0,938.9037222906745,0
1017.229368105663,13.235246353168955,0,0,157.40066876737737,0
682.5076942888124,19.035572144908173,1,0,153.79246674738226,0
2557.520828205573,11.565890637408513,1,0,853.7523124590942,0
510.06104998206905,23.0,2,1,468.76220042128455,0
1375.1869961824211,19.779972268361576,1,0,352.26608808465517,0
2316.9438615997456,14.064819707358795,0,0,672.9569950926326,0
1605.5137164424236,7.147193828979322,2,0,471.78442021386104,0
1137.7616845734403,15.34617566443129,2,0,829.3601117028786,0
1252.4834234081081,10.003651377097935,1,0,522.4799063360638,0
1973.2536359097041,18.37640713317588,2,0,604.4341245045764,0
664.9709291026905,18.684071584613335,0,0,399.19434882403493,0
785.8980803534425,7.548158087101802,2,0,794.5271821760894,0
588.2056277324725,11.853628885634109,0,0,527.910057445051,0
845.5400994154065,11.522581594503459,1,0,204.50950607040858,0
815.7700830786802,15.310290912787174,0,0,373.952409049428,0
277.36387640746653,0.06355537322109939,0,0,400.49055766754213,0
510.49059224720094,11.40799012372611,2,0,259.13157926853125,0
858.4691600515242,10.070422185952458,2,0,507.5539977008096,0
674.1594450547104,17.018945353658793,1,0,774.0575385536717,0
893.8335650812195,15.514954283328645,1,0,664.6586812428169,0
712.8244962405878,16.915253654819423,0,0,594.8321662397545,0
1627.1807849129493,15.763751126294359,0,0,538.14863125405,0
1221.812987363713,7.586516886948167,4,0,698.6056600274319,0
301.35408400651545,15.798460521585234,1,0,355.04700391638903,0
1424.1622842246134,13.63033817371545,1,1,487.0362712498358,0
862.8689421930075,23.0,0,0,836.594693042756,0
230.431687286565,13.959999758618594,2,0,509.762052363766,0
631.1960135447167,17.319551637834284,0,0,440.806637883205,0
1026.2289474476388,10.153344228247978,3,0,350.9906694159183,0
687.0691393281811,18.802806767416143,0,0,365.5465760921325,0
1374.163350358773,19.11716727782255,0,0,597.4130629940956,0
657.0752875022232,7.975928295312725,1,0,105.08688447645353,0
306.75754468230673,20.559963951960487,0,0,688.3436100888262,0
1321.5640142065022,2.403009300517807,0,0,572.342635029701,0
803.4116716149985,14.343808754223915,1,0,416.3023371539569,0
2789.8741857361774,8.615384406578272,1,0,620.2816249311038,0
1301.7480586655292,1.753163771267694,1,0,196.24683111869152,0
2820.8650956621323,13.738514312144968,1,0,645.139370544295,0
2045.0569010856973,7.496831476257763,2,0,422.0062838610532,0
1083.6743300371497,7.404206991439004,1,0,414.13141085049307,0
190.7000664794854,17.298873793208887,0,0,252.90802762262575,0
914.4838900328593,14.145520335742056,2,0,482.09304909138604,0
2039.369668241421,13.394403009386766,1,1,809.5667397906061,0
1446.3600264237994,20.137305461397688,2,0,147.4959130059015,0
436.8002651199859,12.48399456835729,0,0,317.13470455090624,0
777.1201721150092,18.773334080146935,0,0,349.8311464816565,0
885.7603813441702,20.88939820909237,1,1,252.33668778349693,0
1044.3295243168598,9.359340530751076,2,0,480.181594850574,0
800.6963328670554,14.982266897840672,1,0,206.20549399252207,0
1119.302255901462,7.114799052814709,0,0,589.5290870413461,0
3088.829158770102,16.67560504399766,0,0,110.24080836316467,0
1680.400488139445,22.312062989111283,0,0,363.0292739106207,0
880.8473001086979,14.485203136222445,2,0,402.9434023037923,0
1470.0249205385458,13.101008237473522,0,0,127.53523132406299,0
2900.0421533898234,13.797040818690508,0,0,405.9492646979561,0
2159.579995353617,12.961321263254243,1,0,378.68596240413495,0
2205.9661973940815,11.210538700481719,0,0,385.32499424032716,0
2339.7058462860023,11.8509403858431,1,0,922.9087621631303,0
797.7555134045846,22.871198090200906,0,0,818.2213605287345,0
1470.697899227653,12.13498137369463,0,0,602.0470038009435,0
491.57477090345515,15.306828710567869,3,1,378.5750031561531,0
745.1944344885297,10.952127801134358,1,0,792.0085044014866,0
2673.137820342743,13.832945399510368,0,0,383.60847217115406,0
1038.5786458921623,17.77184362966105,0,0,435.9702698651979,0
535.4216112095247,13.860261143608536,0,0,632.1750112577049,0
1177.1592382037961,19.543883301536162,2,0,487.95767283979126,0
600.818406477708,16.316578601925084,0,0,864.3077157224152,0
976.8265299418177,9.160298928635084,2,0,421.6230827673458,0
381.768636809865,15.000758324037124,1,0,250.88731917732048,0
1234.9072367156066,9.979311559196557,1,0,329.4564493774393,0
206.91143399425567,9.965389570951087,1,0,504.1054446866705,0
2073.9862179156703,22.815760573249896,2,0,342.37821661251553,0
384.91367194354257,12.684718310552242,0,0,491.40620712903535,0
1344.1350947124795,16.434923538294317,0,0,249.76978769257548,0
1267.071624370326,11.527364577738604,0,0,484.39672407306915,0
597.5895868325091,19.010963269016273,1,0,519.7123238558898,0
1435.996926853768,11.109181884690685,0,0,254.9150566003545,0
1675.6202043400262,20.313129261745242,0,0,924.0872955102204,0
1602.0629598196222,18.126537586201568,3,0,393.87892771475765,0
1146.5413200744479,13.170999909484951,1,0,855.9608407250163,0
1839.9067127223227,21.596890914759765,0,0,301.2959489159906,0
993.7339804292078,16.43176602912348,1,0,125.20012876033081,0
1244.7450888545955,12.419601252981092,1,0,521.3654471478889,0
615.1776640013977,9.861343051517085,1,0,388.37730003841557,0
454.5992282798641,17.124697451579397,0,0,572.5179198304038,0
1039.0943580122066,14.84346372404696,0,0,570.5977345075311,0
589.4333263893358,18.75782462529052,2,0,295.9163401291867,0
929.0500548579691,8.489540222037204,0,0,664.0597646546701,0
1667.141580450835,21.470026238537727,0,0,861.4210048013516,0
1158.9893832841954,11.876783355420446,2,0,253.8462452772123,0
360.8224974148316,14.848925582273779,2,0,407.0066708747434,0
2050.4509966762334,15.737052388475512,2,0,986.8467102778462,0
298.8731457225889,19.514553508506555,1,1,339.9761071131846,0
2030.4344003562157,17.43884581898353,1,0,510.81047691391814,0
956.5164073832934,17.733711214054377,0,0,471.075233636466,0
406.8073778032443,11.214649031888408,0,0,84.1541789779663,0
1118.1458813367728,12.939778438165046,0,0,392.07871754198123,0
599.4992006008924,15.64133522728575,1,0,480.8308210862827,0
298.5888337137511,8.971303805914854,1,0,514.9714505858726,0
745.1375642799845,14.333348777068926,3,0,660.366810573708,0
1987.6668689204112,18.875535716444045,0,0,357.9419805513934,0
3007.350744021195,13.323647296478677,1,0,792.6400975882826,0
883.1553823138833,11.94931869114509,1,0,268.415167185323,0
1163.6189253843252,9.030873555713644,0,0,211.37559570010546,0
1469.2247940941252,10.583666513910869,0,0,532.6250631664739,0
1231.957463322016,14.558054286223303,2,0,783.624868476962,0
1398.0896224268333,22.383176703184816,1,0,651.0992514660637,0
235.7134654415621,18.228875317921826,1,0,438.0701086830828,0
103.86045476190996,11.611481420127856,1,0,546.5020002029305,0
259.25059106535133,12.024299456868931,2,0,306.34818907785774,0
195.47073899514996,13.942236605117214,2,0,524.591071687541,0
929.8052239165567,13.16841470035158,1,0,237.4291042157434,0
2072.620080307053,18.196239226952976,1,0,404.8487150275864,0
1019.1720857511588,16.67318266318734,1,0,674.6346961161142,0
1918.4524047862587,23.0,2,0,537.21044039992,0
2046.571853745353,16.443307686302386,1,0,642.3875955590476,0
678.5762733074442,15.308536417381697,0,0,351.29130256496893,0
1739.946294213152,20.15650269145341,0,0,498.91147065165404,0
362.592609713121,21.70917872420387,1,0,509.56978542075194,0
727.6493038172325,17.791943565055718,2,0,582.5063829708785,0
850.3631348124552,16.580674830439715,1,0,136.14113431597957,0
1590.3384534336872,14.411852253269188,1,1,560.9094781009065,0
543.2525801816104,15.592504264990865,3,0,658.0802962299261,0
2423.6951388696148,16.33073565247477,0,0,484.0067899007927,0
245.8573274643638,23.0,2,0,545.1475423925385,0
513.5071253751584,11.97233654118771,0,0,574.5177522712265,0
1534.6201847801915,14.681115811883316,0,0,341.66425291310577,0
1673.8467124331478,10.549627030282325,1,0,761.5945548201861,0
545.5689710656146,17.37252516577411,0,0,464.20267152884503,0
1709.588362075135,11.159532242044872,2,0,1284.7025444315557,0
1935.0572276390274,10.581538301953543,1,0,427.15447929705965,0
1874.8571669963787,12.817267101795327,1,0,392.377243105149,0
478.2992227920712,12.063729729505237,0,0,483.1218229689621,0
627.8243066159118,12.295304097216173,2,0,285.85908365950775,0
903.9703419844064,14.11810301207325,0,0,561.0394922803664,0
1357.5656844130558,9.461711458792678,1,0,350.543231142697,0
1178.1367853840547,20.73240297778015,2,0,241.15342238161443,0
1664.7812316780903,15.4192864491443,0,0,615.2213541081712,0
478.1997829451745,16.752014891649637,0,0,452.97716467614936,0
1373.4094192716752,20.874918181059115,0,0,312.8150326148429,0
601.5571604281687,9.636540320429953,1,0,187.1855425843867,0
133.58399584664897,15.649849624950932,3,0,1072.1844176351829,0
1482.9428249917928,18.755284312407326,0,0,1054.9635816071093,0
1339.223093445947,4.67967587472144,1,0,484.8185844270188,0
234.5508818955575,5.288705152599899,0,0,471.94684075425863,0
964.7605647493864,13.283394657178235,1,0,300.8507934716229,0
871.634565528878,14.895104571147598,0,0,456.3949983352128,0
414.6554329769846,14.132144531002464,1,0,449.29716663721615,0
7940.866583893158,4.301197174698971,8,0,6.093719436608094,1
557.6838251552795,8.968459972034566,2,0,627.3109405122879,0
1299.349757793647,11.852680052361958,1,0,487.50555117617756,0
1305.0328709125965,10.020775202382659,0,1,282.33689307438044,0
809.2423535224364,1.7625242882517007,0,0,513.2829782578934,0
356.0062001422047,14.24415562404205,2,0,638.4586729603698,0
432.5736418251447,19.1019093708884,0,0,435.3275186349372,0
495.81782751327864,10.222696398994735,1,0,440.1739426439265,0
1084.0243393044775,13.070322919310314,2,0,659.2676803703173,0
83.29380415859266,6.508590953376735,1,0,525.994935892479,0
1987.9685697162483,16.16986040173177,0,0,665.277524300513,0
1831.9055494498857,14.76284624370467,1,0,470.52780458066985,0
1260.2685239009124,23.0,0,0,481.371811571114,0
267.5583606793964,12.398595247469537,2,0,383.74322056190675,0
992.0433830399611,11.553338122688972,1,0,539.9248814333071,0
1955.938756360742,19.82173747520128,0,0,526.9554510578085,0
320.7756788719914,12.74110462928691,0,0,224.81902521806046,0
1738.2938453595154,14.632896533614652,0,0,433.44638595390643,0
879.53179958519,11.768524442428404,2,0,304.586726394017,0
1495.124837832335,16.09883815115137,0,0,301.6806536590686,0
725.4800367393279,8.677410134584806,1,0,594.4334714064977,0
736.7827985958812,5.4962153173270725,1,0,286.1958614483676,0
754.743286146336,15.10821046486442,2,0,663.8903778211121,0
509.8538000386319,11.36275483537273,0,0,829.617292286139,0
866.7232238604099,13.89649498441569,1,0,117.80837821515784,0
675.6386152750146,15.416525896902431,0,0,523.411351472338,0
2361.976914265528,9.896016738612424,0,0,423.1613295953615,0
735.2590566927167,21.491557718748403,3,0,722.5111587422177,0
1539.2546564290478,23.0,2,0,251.2831601360949,0
2255.588884239751,16.63382108502339,2,0,231.61358854311138,0
2099.4822304579325,8.269660289458358,2,1,389.0424125130351,0
676.7481848786712,8.867829446820574,1,0,422.58743797215834,0
1895.8707259103192,11.83511867378892,1,0,645.4736163248856,0
381.5998561414402,2.2751386523939736,1,0,941.6351278710828,0
1060.9908245324493,8.288626730398633,2,0,379.82451068708536,0
592.633492339425,16.734842365636,0,0,499.17047189533247,0
604.2050761725822,20.768060547733832,2,0,329.9856804134173,0
1122.2158336084776,8.80284518549665,0,0,149.17869011428115,0
960.5311017989575,18.809194162136986,3,0,288.78222749528555,0
1489.1076289457742,8.566440521614949,1,0,349.19449165000566,0
1000.9556261575681,6.634967706452266,2,1,515.6399453823711,0
790.1287833783967,7.003134769272494,0,0,573.2606333192998,0
945.490380277479,16.40548832714122,0,0,578.8366829477594,0
1143.1290700436728,22.379879355340023,1,0,328.0159564687233,0
570.4984895166824,18.808440259646876,0,0,508.30588975450286,0
618.1354795219415,22.180906505285492,0,0,925.88699327136,0
1388.4752809296015,14.282481707092423,0,0,440.7346564238458,0
2604.7711934994923,14.458356914188817,1,0,411.6597112505196,0
103.34965549073405,23.0,0,0,733.791633485939,0
1483.477989839689,13.346498366337297,1,0,481.79287985810043,0
537.0572356444995,16.69066274676717,1,1,763.9442076945372,0
1692.4862218227665,12.106606536249346,1,0,353.540461284752,0
13344.21468731283,6.142486894207666,11,1,28.903882580857967,1
475.4563205850947,18.13064316911476,0,0,78.17812168031877,0
2406.985383525087,8.16301509966194,0,0,403.8335686450771,0
874.2859347190496,17.257240254355533,0,0,632.0116202295532,0
2258.8691144730024,19.683029432665833,1,0,161.15779127395092,0
390.00666318774597,20.60721370117671,0,0,664.0855605318394,0
835.5141130317955,11.689420181000719,1,0,449.2434633404099,0
1443.6991305713861,17.06721633325075,0,0,691.9806355409404,0
755.7802874743945,21.00457388084648,2,0,142.234614431847,0
1515.9833351289108,20.175278677537918,3,0,242.37649054730645,0
664.5350894522404,3.5457260134344253,1,0,393.69303062422034,0
96.7231101561806,14.81962976716686,2,0,214.40525269426703,0
1191.0292135002874,9.55211757522488,0,0,499.9366601254432,0
221.83505527989783,9.148249543038414,1,0,994.1842582003324,0
708.6551300157074,16.46241742372311,0,0,991.1137929213659,0
1183.0173431644068,11.099361786505302,0,0,774.5354014367746,0
651.2194009983106,15.012604413669683,2,0,868.6880643053767,0
1782.2711719931233,16.965117386065405,0,1,1014.2386304598117,0
1733.0465576977942,19.662027703546343,1,0,769.5208496027772,0
1162.6516642030347,14.329315331598787,0,0,482.15653812129074,0
1109.8715423705053,13.179222832530916,1,0,706.5568332624787,0
185.52509628836665,13.057040744468416,0,0,590.3861334019426,0
7747.960902205944,7.056158646467005,6,0,4.780004441520311,1
2531.196777786084,10.73800769768761,2,1,471.33206903523615,0
450.2872189514607,14.894658644690804,4,1,312.98872645727886,0
1802.3196663629735,14.203991091119061,2,0,785.1445750993854,0
551.9617528839665,19.575651259164076,0,0,704.2308749981246,0
217.18552512410238,23.0,3,0,666.6906054229005,0
590.0560595624381,16.40527862070897,1,0,196.81131406433838,0
2383.504223953272,13.429148661197596,1,0,400.56719596827304,0
746.4371439848243,16.773161003203406,1,0,599.7533552851193,0
230.80053199474855,16.63251559054053,2,0,442.7205735738391,0
1208.9600696835664,21.16641086360098,0,0,865.1099384151903,0
655.681046458111,9.378479157593318,0,1,728.2708641427328,0
346.7688299723875,11.847926456563577,0,0,265.383843054001,0
317.35741010995514,22.031735197651557,2,1,1234.2340738636126,0
98.83613345985768,1.878675646513571,0,0,119.37838750343526,0
296.849478913177,8.43522374970331,1,0,358.99691214685726,0
3035.6809316376775,9.192554004692678,0,0,534.5914081310517,0
774.1766094883648,12.511787320017518,2,1,434.33434648712,0
695.5239840931933,11.646634275089099,1,0,508.0044332453069,0
3928.0215733325304,9.682158201450537,1,0,282.52073850457595,0
2701.1690398810465,16.6260048300784,0,0,476.49988208505863,0
1843.225433694079,7.8299993963003605,4,0,598.549134424656,0
486.14185957046385,19.474847848480398,1,0,763.6909186668502,0
184.55044366224868,17.798854295629226,0,1,239.1085012118604,0
479.02981356279963,16.74763337214822,1,0,584.2476550528604,0
904.0169366961543,13.600444511642504,1,0,439.4349308516903,0
846.3278898712248,12.377116301076779,0,0,155.71635496917693,0
438.07592253181855,13.72755953071098,2,0,592.0653165797854,0
1597.8974525051265,17.80038056194207,0,0,953.231703937781,0
464.55456800676166,7.497601894830109,1,0,325.2730668832194,0
548.7125432493011,5.321845620724906,1,0,804.7744751898492,0
128.91464756363737,19.01360707588657,2,0,1135.3579972252528,0
683.421905020915,14.219022783036072,1,0,644.512727066661,0
2715.04865305424,18.51458275706979,2,0,514.2777448434391,0
962.3131857046304,12.08236691826907,0,0,705.3024285069176,0
1838.3422608803955,12.23207593485895,1,0,372.01985518746073,0
539.380071425261,14.240777771097545,2,0,439.56446546338566,0
1517.6389131818294,16.881256960110576,1,0,283.7398996481814,0
924.325908087114,13.091652151915545,2,0,765.8742781226802,0
598.8616142780166,9.253932596216588,0,0,363.27963747155593,0
924.1400464647405,13.4628012258152,0,0,455.45876229697154,0
148.2045095176483,15.64104484214382,1,1,1158.8131513943422,0
1386.1421980974153,23.0,0,0,481.1538003443958,0
1146.1457669911483,8.95584358774687,0,0,749.9383176687102,0
96.05003833040317,11.22139768925318,3,0,507.9939793073156,0
651.5641034020557,12.804938944065604,0,0,634.59749491501,0
2339.7567087378306,16.214267469192432,0,0,614.6912886709844,0
1403.727580990703,7.56695437300131,2,0,402.529910738677,0
955.7579309923858,18.80030437350761,1,0,748.350472344266,0
663.0402441972548,13.817195286854147,4,0,305.25909219218255,0
926.6295791061069,9.129213291109796,1,0,508.44777450652236,0
1360.2280386461077,11.1081830650629,2,0,323.9795894837639,0
523.8382805076135,21.27332145692523,0,0,788.9492752091766,0
1724.1821580294113,16.36824888706737,0,0,194.96502374381487,0
487.96375679107757,7.900345500048921,1,0,399.636781815738,0
1164.303720826078,5.971832984686062,0,0,520.4874605789199,0
491.79692395829795,7.376070448003874,2,0,810.8227576880536,0
941.3932979921724,6.030437366579964,0,0,304.4735989384018,0
1376.1537141647784,11.073633050644268,0,0,404.7367506136429,0
976.8016963125148,11.49385496278273,0,0,623.8353524086149,0
1549.015055072767,9.61623884264384,0,0,275.5042067331654,0
699.2275193784886,12.323214647270035,1,0,362.90461979500077,0
963.9388497983372,15.774282701288888,0,0,769.0606423125907,0
304.318783349256,17.080221985064085,1,0,319.66928594522,0
208.0622040371402,14.737987844165778,1,0,550.7932460406855,0
1147.622014943488,14.103462914271299,2,0,1182.3326285195067,0
6493.828908831709,3.6044259102016203,8,1,17.896676550996705,1
109.52140120735473,17.343148790662948,1,0,231.93686342128927,0
2549.9293855413225,22.09656989815341,2,0,345.7460519891081,0
2592.1433406399788,4.0957307625234645,0,0,451.6019026629814,0
1989.438238610278,15.498980857864648,1,0,689.1269145437095,0
607.2811957339361,17.723165232994987,0,0,639.9437022648897,0
545.5348172364326,10.339305490146309,2,0,994.8856380985004,0
812.1323422128669,16.38005400032813,0,0,802.3551732005103,0
409.30692121288047,18.813424585262847,3,0,252.70615637620884,0
2519.03186602244,12.161322083620169,0,0,642.6027258352982,0
720.3914998776966,18.123297814246264,1,0,393.24741841013207,0
383.8317898236459,13.74541134830391,0,0,360.21821198561554,0
2131.049408087705,11.029381950172178,0,0,843.2000644156255,0
295.1972843373592,8.990984164034682,1,0,818.9065295581912,0
1168.9327086569006,6.415707917458407,1,0,245.92267224122293,0
981.2507304821224,13.62672964014288,0,0,235.89139962428894,0
1819.079515392819,16.066743892751266,2,0,341.17431796569537,0
1862.4681533659568,15.338418472669257,1,0,174.64598013382425,0
1277.7994687736636,10.494682345104064,1,0,204.6720980617555,0
690.1071930507691,12.555537928329763,2,0,629.2426210856939,0
1896.9689617793072,17.672646092122438,1,0,401.66863002659466,0
462.67062324125624,6.876270453269099,0,0,412.95349168246645,0
221.08021547121933,19.809588356064467,1,0,355.241603904092,0
190.92974915495978,14.767136901926945,0,0,463.3541968401305,0
493.2453533482792,17.021441956793907,1,0,632.6756979685695,0
1354.0538161928216,12.866776882168455,1,0,236.25486837706785,0
727.1411083546832,16.614356334571493,0,0,484.7390626168757,0
346.4829056962769,10.48968218822344,2,0,132.92096116045138,0
389.7242583908556,17.55707484602319,0,0,349.15169835976775,0
73.13943697950305,15.363966931429898,1,0,689.0583081438434,0
562.2612125736274,18.319871392059305,1,0,453.974174244166,0
593.9210511791531,8.224850797959908,3,0,820.9789022581745,0
1452.9610831920374,19.60225245755266,0,0,727.8022468689173,0
429.4816687074246,18.377525249222053,1,0,452.6464354412827,0
3414.793167615493,12.317822111939968,2,0,357.1988277086736,0
2089.6847684466993,20.846766837888836,1,0,402.0314573759844,0
1235.678736282597,11.375537171817575,3,0,228.03175628062638,0
539.055941850204,18.37614314581532,2,0,337.8813803487295,0
376.1489976548717,16.463596732835125,4,1,225.6287931980094,0
698.3558566832043,12.424681952004171,0,0,529.9003134188746,0
1646.9328190560032,13.623238793702216,2,0,477.85845280395654,0
249.47009845084463,7.966020567889975,3,0,416.1234427546236,0
2584.4648375886545,9.615314671496261,4,0,616.7255253896268,0
85.51066293771717,6.681563949162418,0,0,519.2046951731452,0
1193.9989310983547,14.128299245493604,1,0,388.6780889872362,0
1715.2618254087204,13.595060452989163,0,0,536.043476952828,0
1032.1172454632797,21.9236982152256,3,0,588.4147939856945,0
815.69841802406,23.0,2,0,417.32873853745633,0
1291.2660004646045,11.985284656952478,1,0,553.3305988900022,0
2685.9818218074115,6.293211724942608,0,0,821.0268319444509,0
152.19870014427036,1.6815793804721864,0,0,437.30607130315707,0
1653.644365711707,13.352481431863312,1,0,452.69908708473514,0
687.1138904559375,13.350818370752982,1,0,473.11130317136633,0
348.0547789929704,15.917835658535324,3,0,403.99606566671577,0
1180.1909405090025,9.818307501676863,0,0,314.2139417375717,0
14845.84766489533,5.168900453121198,7,1,4.258561232316943,1
435.5656196024597,12.729456442008207,1,0,857.5155410590552,0
586.4604550455622,8.861130410430732,1,0,456.37450292840595,0
822.6228973872082,13.730297785319602,1,0,468.704597819855,0
822.6841575731526,17.934300343675787,1,0,620.9791934997928,0
364.7498202136281,17.901977972925923,0,0,287.59415294670947,0
161.43180348722228,17.311731598766432,2,0,373.95963082136745,0
648.3064970932985,13.366053741670294,1,0,485.41763104077955,0
739.0374817731722,17.944473153922434,2,0,657.9698583005487,0
1013.8715285565689,17.903153371757472,1,0,627.2942913184949,0
790.1080970390409,9.893566021399145,1,0,623.4920645134226,0
729.4432963963981,17.778167413410326,2,0,611.3791150092162,0
7544.4274561065,3.419994665428839,5,1,7.283737575240156,1
513.8854356903411,12.954680091637458,2,0,417.3022473388908,0
455.7350059888577,23.0,2,0,343.1350022183798,0
729.2778830956013,8.300343640320522,3,0,1127.2373766402743,0
1865.3190327651873,16.416603393129446,0,0,501.00574551898706,0
1153.5690801432816,12.690140725718383,1,0,317.72820718813375,0
2242.779927044206,11.310224124879513,2,0,435.27632321374267,0
361.9675500581667,14.349381917982416,0,0,491.53147438134636,0
2234.5806474764163,13.581851575805388,0,0,174.3349476265909,0
2009.9371044778284,9.694884467558705,1,0,449.3774924735653,0
2957.6333420692176,13.796369606274077,1,0,547.7177838824732,0
287.08810025268167,15.108788732166946,1,0,587.0513007763483,0
695.9947406612476,15.081782672956438,4,0,938.6070504736688,0
1346.6752391135828,17.168579503625974,0,0,136.45320157003812,0
163.3045360486165,20.948876476603928,1,0,541.1936238712268,0
1783.5456348197051,6.262344872555323,1,0,425.0680118421021,0
1257.0284022799935,23.0,1,0,552.214795501539,0
560.32407258842,23.0,0,0,212.98644642142673,0
1008.0865567836039,5.656852867496072,0,0,815.413793949132,0
333.49976644398896,11.477197338819447,2,0,225.57020518382123,0
1062.4842048139956,18.00697161891691,0,0,437.71602377707825,0
184.56973489280475,17.064780420831372,1,0,527.7310577006838,0
524.9532718760601,9.983435707964418,2,0,830.2350246616768,0
812.4486641585844,22.016847460036885,1,0,909.6656269663466,0
2220.907230722246,14.675278523918454,1,0,356.8507920183954,0
961.1207305334807,10.267396303237494,1,0,304.3438592264756,0
81.78903329528582,11.039168350083104,3,0,346.3674011931792,0
900.4658673336878,14.107484528449755,1,1,911.409069199815,0
937.902683547413,12.363624230304017,1,0,355.92930064028326,0
351.63368576066733,18.595078312598783,2,0,399.09312041476306,0
189.8637902945546,15.34230949933366,1,0,495.47643158137123,0
377.5320841760743,15.849896069403735,0,0,780.2863957891509,0
1017.9290417720856,12.407166659695838,3,0,562.010219026111,0
1515.8326536589552,15.013838008116903,1,0,475.6464479477321,0
703.0020287977596,13.981644557597422,1,0,668.8910841740066,0
1990.6632304785048,23.0,1,0,295.5273008624412,0
1908.7485385870705,12.836133116534139,1,0,580.3837778480489,0
1134.9798551166557,14.570845417440642,0,0,892.5951591451467,0
46.75448267745785,20.87589528803622,3,0,519.6890115947588,0
414.76644068547034,6.600675472455931,0,0,420.53828392714144,0
714.3760749099299,21.650860276102605,1,0,468.7906259691779,0
392.70912034282793,8.770580862411318,0,0,212.99023361862893,0
1627.148964578902,16.532051706895686,2,0,610.4883119870166,0
397.7064169810276,17.17565519490116,1,0,975.9508030720465,0
568.9043528773173,11.811390740170474,0,0,380.8393448197072,0
156.17188689446593,15.254715966183296,0,0,527.6965877242376,0
1279.0081667288086,9.582969198323159,0,0,615.9689710460699,0
1690.079570195591,8.896874797480898,0,1,523.0244315951197,0
1962.3171026569685,12.47090268336851,1,0,597.219060001494,0
2761.025992292738,23.0,2,0,517.9041059229745,0
919.7146345639028,8.128235188413427,0,0,186.29764863513654,0
852.046227377253,7.227551913188248,0,0,225.66112894750083,0
1702.7844304045525,19.952694921863934,1,0,597.852003529514,0
275.91068305640135,7.318340553922775,2,1,427.80487072362,0
1705.9040568707933,5.9848025778226095,1,0,875.2990090464145,0
696.7606480614296,21.805114652239794,3,0,705.809497767598,0
797.3883557018862,19.505371934465515,2,0,509.4756692146491,0
801.5487237365354,9.666348833331412,1,0,295.80276244961914,0
513.6645968069781,13.590438521371958,0,0,171.5209832151589,0
102.1019463955294,11.809425363475416,2,0,202.0615309703916,0
443.14953372218025,14.20794533779217,1,0,395.76757768227395,0
1182.5038855954126,14.57189880351318,0,1,606.7323852478986,0
848.3961277064103,13.57546338232323,5,0,322.2914360950323,0
1190.7206894132064,17.012676827934328,1,0,460.0461261007864,0
906.9859038598121,7.437518241874913,1,0,561.5612905114422,0
662.6887368948362,20.19428017029187,1,0,716.6465989462527,0
642.26971140222,10.729078371198357,1,0,573.2514388129981,0
1322.0476358922183,14.099135768826836,1,0,465.52046742924693,0
2024.9385221439406,9.857959463806159,1,1,345.21217122273424,0
306.9788146414445,7.687746974956676,0,0,573.8519214051266,0
1429.3049426113926,7.674572009508832,0,0,365.4210387462625,0
12777.12975217789,6.152380492037804,10,0,2.263118520813587,1
1337.178983786774,17.019654643401665,0,0,534.2445624725025,0
663.5964340201285,16.93312441308411,0,0,607.241015669811,0
690.8756159434382,15.960640627438412,2,1,592.3993487203644,0
948.68637707499,18.53339515851403,1,0,954.3919995669847,0
516.5928261265184,12.415464756971492,1,0,422.83140293169754,0
2194.6366890735276,23.0,1,0,682.9299441860451,0
1366.9764258273706,9.269861270051933,0,0,356.06323497525324,0
505.7948834618127,18.58189413681665,0,0,707.5612464621289,0
1957.8913503855326,15.323589340567342,3,0,704.3530733935795,0
769.9966310127597,15.61971390359135,2,0,688.0596096085469,0
1175.9001219768152,14.799237097943433,0,0,308.8868189023778,0
5339.913385659421,1.199234898695543,7,1,9.604116549836343,1
1495.8508856873434,13.65390296029241,0,0,479.3857499177479,0
1602.9744358503435,16.564097818291128,2,0,1338.5706044475637,0
609.2412248015532,6.334127023188327,0,0,757.3726055559212,0
165.5014875595639,18.216917264953658,0,0,394.42780173363104,0
252.03772310953138,16.303190614769104,2,0,176.85643478433403,0
1474.7694657593354,15.288648706055262,1,0,229.49068723980074,0
438.35283903678425,12.912336108133333,1,0,634.2195599734765,0
754.7467349284879,15.539807760401477,1,0,491.47613230743696,0
247.3786560047432,12.74911685376543,0,0,963.2263047672067,0
584.0900894769005,6.953215715817393,1,0,1118.368799696857,0
929.8200352380184,11.520888815842744,1,0,782.0646915683659,0
1356.0701897957902,19.620883925561763,1,0,578.6437390897604,0
291.4491951092493,21.234549724102287,2,0,523.0804204624012,0
561.6247104223896,11.456925529556713,2,0,498.8712471424984,0
250.82902671987927,21.301438805874,0,0,229.5185689166682,0
209.98853687293786,15.349118161885906,1,0,463.5167333264091,0
636.94691769722,7.705647218148735,0,0,806.8956451959697,0
2687.844191262568,9.909328891811626,1,0,215.04495581163584,0
236.3967219173367,7.757091554501177,0,0,1130.9909429923755,0
451.9007971578366,20.88631951906617,1,0,630.1834188260538,0
1401.216619869997,21.848428404888786,1,0,279.71355184639356,0
334.9437222923412,10.238555891192659,1,0,704.6677600139229,0
1767.4226847196094,21.98849662980458,1,0,452.43136349955336,0
756.2237910871333,16.49896337739499,1,0,387.51021964284047,0
1045.2339600859573,16.753396613125187,1,0,509.94959506180805,0
1110.4796594812494,14.185071887480712,2,0,764.335149863717,0
1211.1513004399367,16.972332407766135,0,0,491.4210631423498,0
306.21943194226196,16.023737526577516,1,0,417.84435060938915,0
532.0399156767587,22.83121204835927,0,0,637.7883017466263,0
1935.1461967726323,10.409311706186351,0,0,312.4073262310342,0
507.59984374542034,13.031708598531049,1,0,512.2441922575617,0
407.0388132741634,13.389701523154883,1,0,641.7567865502286,0
1024.2386771977747,17.30964782367004,2,0,511.6016559400429,0
720.0642823911828,19.10698841920199,2,0,162.7937743279864,0
100.00596709627686,18.68612586833307,0,0,729.1627015549369,0
630.1653171211038,7.389135216799958,0,0,247.47874079101732,0
211.1388119641745,14.723138168947719,0,0,356.3564741234116,0
1810.1145263734609,14.050988410035583,2,1,513.5082155220972,0
606.8362785403799,21.562278629236072,0,0,379.8119355480593,0
795.9308523429994,15.732665734096226,0,0,1377.1917109832052,0
2018.03225699481,14.729181331209851,0,0,819.2347628901994,0
1377.6308885902092,8.945931644413417,1,0,422.49404653548936,0
410.5902751536855,20.315140349084515,1,0,389.61764688360313,0
1449.8645393215497,11.30029042640329,0,0,707.1062513067629,0
1411.8914649690494,13.966177031717546,1,0,331.0342560434768,0
1770.3543519721754,13.185829802244477,1,0,234.66178919477306,0
1199.282548973004,16.65211731987619,1,0,737.8440048047325,0
450.78468092294764,16.534777677017466,2,0,561.0482829638535,0
659.1632440250564,23.0,3,0,238.44746009178226,0
1741.5478652375439,16.302111339921943,4,0,587.6805071946808,0
889.8145481501718,13.986609562209338,0,0,360.5958325953993,0
40.281031949630055,8.023237206501829,0,1,62.535495971994216,0
1214.2143824426087,9.575161863535932,0,0,599.5157394221014,0
914.9898471649159,16.802271264749038,0,0,443.4023547441449,0
495.564274934871,16.074374495445525,0,0,493.3036807675882,0
2369.2682281918605,14.167757984091214,3,0,419.371577305089,0
213.91070022361026,6.056248251359866,2,1,559.9429488827247,0
2239.0381893648364,14.27577278670793,1,0,379.81239088782866,0
233.58086183847595,7.4940793373571735,0,0,350.4767284312039,0
1273.3644494607954,13.86115634829324,0,1,782.2033928947227,0
2026.3609037114056,14.036085730439488,0,0,691.9917397620267,0
567.9288645612644,20.435905233530455,2,1,404.5994262312144,0
599.1781590301638,23.0,1,0,166.99143641829275,0
1241.8444295895324,5.36219481181832,2,0,738.8011763968096,0
426.3007570643619,23.0,0,0,429.1406287403727,0
893.5278537484519,13.82044798180785,2,0,218.34891402996166,0
477.21739921225924,4.7260677426958235,2,0,884.0566526734386,0
154.38151865568162,17.36972195175155,3,0,422.2404255644627,0
308.4684078585192,13.579352084253818,1,0,117.39949186896614,0
706.8717250200049,3.996560601232378,0,0,326.07631988617356,0
1272.6189440688581,18.871996776506606,1,0,422.75785398355595,0
665.9663987187906,15.47227298650986,3,0,708.1686855589724,0
15182.475281113579,6.6404372078238625,9,1,1.1303411311454414,1
108.63362437998312,19.89362043292811,2,0,523.080900194107,0
1001.7786712436607,10.880428990775435,0,0,550.4416959715898,0
2559.88057946497,6.4615958092189985,1,0,485.18935897051836,0
1271.6319299404925,4.004560935510961,3,0,345.8260471914588,0
260.6832621263728,12.97607371197132,1,0,417.8539721730968,0
366.485493007273,6.181294561643102,0,0,426.59458918236027,0
664.7776264941721,20.7310638305631,0,0,694.3308861731304,0
486.72982022664394,2.4291800866376576,0,0,1045.1501496184721,0
86.24840656750362,8.332701804747707,4,0,269.8992809603816,0
1882.7979980997297,7.352395208409132,0,0,194.6871720708493,0
512.2052272211507,3.8335044447993667,3,0,342.2644040632415,0
613.6896742899465,19.059527918748856,0,0,444.4437767138984,0
898.088958610772,20.433848781876268,0,0,452.50163387936306,0
1385.4692323294669,12.306284941142946,0,0,213.26184354531512,0
837.8078026736557,12.229393821613247,3,0,447.9337063611493,0
611.4731689544834,13.91069649512541,1,0,357.23573378995144,0
2018.8319788028189,16.205522421835106,0,1,406.8226940293057,0
605.8405865806993,8.885936779636518,0,0,411.43553340601073,0
406.0643173115435,13.394792539662308,2,0,1313.6094492054272,0
901.7677958911571,15.955407547083587,0,0,412.0117056175816,0
1178.7878469855625,15.981387699434359,1,0,482.2745473098216,0
1213.541436781632,20.635956114008934,0,0,894.5806840531727,0
810.7436467161799,22.0322918398932,2,0,656.6883601313757,0
1982.202061320795,11.945714004317628,0,0,527.1151617464847,0
906.7392891647808,13.07557508450657,1,0,365.1108391723776,0
921.8885614819889,11.45035377317129,0,0,463.8274495775356,0
1004.8976566917165,15.23276047748659,3,0,658.9980767959812,0
2322.60709484017,11.37731630499951,0,0,696.5335476191113,0
323.76264211363616,9.253602466471325,1,0,93.66325746909928,0
7258.392135858302,4.274367283605747,8,0,31.722274862669316,1
636.3142898314449,16.6314293434099,2,0,212.5245086170438,0
1298.427730940492,11.389349068871262,1,0,290.18021904526887,0
58.574361063919476,15.262143786078902,0,0,661.8806251818919,0
373.37409599215334,11.493069554613546,0,0,576.8391725618241,0
557.0979226244359,11.907607325286236,1,0,751.1924880882756,0
455.2520957930925,4.717842250318986,1,0,607.3562823767311,0
500.3066919206388,5.603959549731078,1,0,522.4996352749858,0
363.0087001356243,16.43803683780561,1,0,606.8785848850137,0
1408.385980914326,22.945444914665305,0,0,348.45306465852894,0
2169.2479333310525,13.50190025109763,1,0,525.6641941612178,0
350.30358824970887,18.234348673421263,2,0,396.5587709716849,0
2074.1237963891163,14.951414549612108,0,0,618.1720377446087,0
283.85071779324,14.549215465669054,0,0,472.315194372662,0
1204.6848417568701,0.638963077643254,0,0,495.5955494708393,0
2636.8010066016645,11.819598914523903,3,0,689.0426642336029,0
245.74369084857645,20.41944391635134,0,0,414.772814554627,0
6844.0637925778165,1.0452158358396195,14,1,20.362290485057372,1
2196.2244912974243,8.009195246265563,1,0,212.36703752482967,0
525.1200181487502,10.977099561729272,1,0,255.54404242008331,0
872.146117486297,15.264636021065629,1,0,456.09543214245144,0
1702.203551092932,19.471973924731046,2,0,1067.2254043974585,0
345.5166816704375,10.26287877004782,0,0,789.4454145680111,0
302.61632552761233,14.514413380683862,0,0,519.5214088834751,0
1086.789645882133,20.72592327673149,1,0,556.1368342931094,0
339.24817881849054,19.95503274875346,2,0,344.5051020793511,0
130.58639080372197,1.3283190409644217,0,0,374.65377313374154,0
1071.5279069270518,10.438994875746863,0,0,1131.5063614062058,0
565.3944118564502,16.98830500638998,0,1,479.6892198910899,0
776.2497527164812,15.058962100928921,1,0,644.0813065977569,0
537.5706295986249,13.024091635427114,0,1,813.4013075156995,0
51.26522862603552,17.921440628638535,1,0,125.28419456825999,0
2926.7488448308436,17.588475850933182,2,0,271.6105690473347,0
1374.8553332321424,17.99601359621071,0,0,326.5066568205368,0
565.7402992710965,17.792612703823654,0,0,672.2968228067915,0
544.9855082987434,7.128003757629357,1,0,445.8365031034886,0
200.2884779932132,16.133158929883983,1,0,720.190293963614,0
1421.0188388209642,12.052907333587894,2,0,362.32333828707056,0
356.7826745163568,16.881780088069043,2,0,519.8637835633751,0
1753.7773094487595,14.747205763068587,0,0,487.3647845422569,0
3303.7497097196915,4.700924119313363,1,0,826.2957886009322,0
1134.386371882987,10.839996976978435,0,0,627.8200302527804,0
400.862510623667,10.981294534168683,3,1,839.0557793132128,0
1442.1761940979902,14.851014123067694,4,0,666.4946424363822,0
2304.0375782879833,8.307096331328086,0,0,754.7228602934639,0
637.8256803091474,5.196403433756769,0,0,267.8695582246089,0
574.80144354435,16.264707965689094,1,0,515.39821387064,0
682.9337014570497,7.4530302728336135,1,0,540.1191073132863,0
622.8179128780226,18.87059234116849,1,0,420.88958147002853,0
1905.2581288695244,21.37346992672841,2,0,679.3727206494804,0
1342.6245463951032,7.5456969672610175,1,0,465.5445407468135,0
382.73872432743934,6.138621101377107,0,0,722.8970119804575,0
1525.6270699569607,5.2541859907095905,1,0,590.475903266144,0
2422.6794463114657,17.774909720553733,1,0,457.8453590323003,0
430.209192772108,20.384915295315263,1,0,292.99074491221785,0
802.913623029848,6.161138262051124,0,0,644.974763311255,0
1238.6325943367447,23.0,1,0,555.6452290805094,0
629.7970432815965,9.901343217805703,2,0,438.0622058192,0
1219.4348595256984,21.157265103939277,0,0,242.0848403523504,0
1030.3596501115057,15.261829620915368,0,0,327.56297059424645,0
874.7871970732468,23.0,1,0,456.04111458961916,0
584.1012933774413,10.562616867982374,0,0,656.391924412035,0
16.174037693659887,14.320512824751127,3,0,197.94653145504378,0
856.6848648573649,15.755850713808657,0,0,707.0487765294024,0
587.0381872443063,19.600283189498914,0,0,507.9439982542521,0
473.51590625769103,19.46119720950375,2,0,277.102198708567,0
1309.2766110460304,15.726580972876906,1,0,287.67057935126684,0
212.68943902760893,13.968038399701065,2,0,457.1918577763387,0
14723.563943110508,2.906083160731969,5,1,0.5822797899072243,1
562.8161778870119,15.57686448063695,0,0,559.161150230633,0
180.4394022201974,17.415312907541324,1,0,445.5663079922221,0
1836.9653183182327,13.215275973614107,0,0,503.14082857279845,0
2035.3295648437859,16.39213100417228,2,0,440.08317960964484,0
2291.9355558463026,14.609006611566848,0,0,578.3617943635387,0
2478.086075851739,14.969609732407678,0,0,751.6688252003343,0
512.8425789825174,7.709266359090044,1,0,287.1166440533705,0
738.3744427431653,10.286100146333714,4,0,477.8503661053124,0
2090.833554948078,21.980446460971205,2,0,674.3682982587985,0
573.0252124604184,15.395486686107718,1,0,638.903486727211,0
1338.3291773143244,7.302539185149821,0,0,189.61253472297776,0
646.2593023905488,17.975158968925175,1,0,415.7282381646199,0
945.604623985278,23.0,0,0,511.5789503133544,0
476.2150020010943,12.794512755060545,3,0,1410.600544711775,0
753.0859121936531,8.334967171093016,2,0,623.8984616520032,0
532.8547900451744,15.27022641477389,0,0,1539.2427571495627,0
880.7709482036546,12.889899248099885,1,0,402.8445644081949,0
1211.331017435148,14.050257861170996,0,0,903.8202105886603,0
287.86206510662663,18.685069684097414,0,0,268.27137182103536,0
12750.441917674105,3.2186365067777225,4,1,15.155966791225062,1
1556.2354767022298,19.950022865571718,0,0,362.95240556194886,0
1489.9980574562253,12.550800536613501,0,0,405.3888356502988,0
825.8614800222433,8.528760868192041,1,0,362.2574570021137,0
757.1901780668215,20.563620346363308,1,0,305.3791101344157,0
943.2922914113966,10.068512973125708,0,0,500.66923886692115,0
1524.1449532319218,0.8573942980102132,0,1,470.4755773580249,0
179.65859742612736,7.867197100490173,0,0,366.75793974427705,0
1266.8595270260685,17.909251787914997,0,0,242.6267788965954,0
1715.6211267368853,18.328170924098366,0,0,505.02331331232347,0
842.8295269139343,20.198472650321214,0,0,273.5614066217449,0
451.54362262348917,9.746380047267023,1,0,265.6092277140914,0
8522.532437926364,0.0,16,1,89.09395616336873,1
565.0083973100812,11.843415747092541,0,0,291.23650802655084,0
302.18093108444947,8.256628738311186,0,0,654.2066729781313,0
213.3535589230548,11.027931507110136,1,0,489.9054625975094,0
945.8483969969334,15.320112244981766,2,0,179.7651818700457,0
350.3409497287071,8.000022099531785,0,0,393.1945632807931,0
1048.1330434519725,21.08538516671572,0,0,965.1924782511934,0
639.8268608629427,20.15847150217003,1,0,428.3582443846028,0
929.0830491909463,12.443673928478233,0,0,285.9768564717797,0
1460.6284022322197,16.9955081653884,0,0,223.46623702918214,0
1603.488403195416,12.328240868430248,3,1,471.74683229677345,0
1068.9144680486556,10.169557876286374,3,0,422.3751291058826,0
1022.95975737595,16.892962674576946,1,1,174.57303094217687,0
3123.2249776293993,12.817397422971318,0,0,590.0763365945982,0
1649.236207439789,15.590819717365115,2,0,568.7353646987343,0
3428.6341674282035,8.8969901360934,1,0,691.1022965627343,0
542.9339819980461,18.215921096225053,1,0,819.4994013858307,0
120.37129612269919,12.975696828643075,2,0,464.747382248128,0
538.5405501985249,12.192678354182691,1,0,990.9610435902749,0
1369.5978000631849,13.208768137791921,1,0,635.3414067391855,0
502.6422403590488,10.258626726111522,1,0,589.1049769485986,0
1828.725956506518,19.23927256856276,1,0,285.06447302779685,0
415.3353697011552,10.692729450246146,1,0,152.275731082791,0
566.0268006713122,8.825974182773113,4,0,684.0311316862015,0
1368.0493452890294,9.228101383486855,0,0,546.7269254505313,0
331.88501813274746,14.8321919868541,0,0,185.03664653086818,0
883.2412638984388,12.796339191279621,1,0,779.4633464898043,0
1277.3094642807107,3.991372593828567,2,0,339.25684533605255,0
536.407603376527,22.478062666390432,2,0,490.3332623234451,0
599.0704064566436,15.45930656507327,1,0,548.4754814096308,0
888.6227890201203,15.96273907618703,0,0,270.702991647074,0
2626.612535110705,10.095123535778564,2,0,542.8563914266512,0
8618.228421475716,2.221499906289906,9,1,4.3485378635358325,1
1254.4566518953047,16.820584632000987,1,1,414.5722165105238,0
987.3566097722153,12.382486652875135,3,0,642.0564700351797,0
116.74076504237372,16.162215552121562,1,0,581.6930636669773,0
120.7903824898581,9.990312624681426,1,0,505.2837366411497,0
571.6230712474288,12.275189662531673,1,0,519.449516511969,0
1408.5820880547544,8.111786650627435,0,0,289.276509252047,0
1893.4643119522293,16.746085423325738,0,0,386.2212891244527,0
1201.5905221297778,17.24423770312325,0,1,464.4056746172892,0
1188.7893969145755,13.795965600680331,1,0,359.75352883485874,0
344.81740467950567,21.023954209798795,1,0,384.25441975619594,0
1539.4973648859398,11.272159248530759,1,0,842.6428676247323,0
1291.044817788179,14.278948143082768,0,0,582.7932297140163,0
1035.5631946711246,12.318449772746778,3,0,680.6961553881163,0
1033.0155624572499,9.054977808569937,1,0,288.92119200093174,0
283.94911980515343,18.504578808926546,0,0,566.2425440078202,0
63.56384470417281,9.696754340426349,1,1,300.44216331172294,0
409.49305440762726,10.858497279167477,1,0,329.4843391005811,0
1109.8599639650117,22.800218825674285,1,0,468.50251927919135,0
2244.174043583186,12.766134342645511,0,0,246.1785601688934,0
1017.8727003559525,10.486364672863536,0,0,615.9435331361822,0
1168.625246568169,20.840945118742887,0,0,502.6723880909016,0
1076.5223951150035,10.122332778622997,1,0,515.2608018880505,0
458.41845510081146,20.94976908840505,0,0,180.19395450383823,0
2239.0876861917136,12.192013091617408,1,0,143.06501639848233,0
869.4952436378378,10.72986195327567,3,0,394.91299987384997,0
963.9978961855924,15.46525094409221,1,0,715.6589884999358,0
605.6249263655238,20.614091345752108,1,0,532.6322570808538,0
1388.1219453720225,13.349304665599373,2,0,403.31056131664076,0
183.52686924648626,13.453418713819795,0,0,573.1558701338056,0
487.9875076763063,16.0015304657741,0,0,385.2712750999508,0
1245.4928337724,7.370579615231555,0,0,392.5251478221931,0
472.17288521894017,12.960262005629756,1,0,255.6983990517039,0
100.02091836618813,16.52666971937016,0,0,323.8230843047634,0
720.7616127430299,15.482919185754014,0,0,640.0400509127052,0
657.8618883473664,17.371838928241935,2,0,513.324324546172,0
861.1992649193633,17.901069861001208,1,0,506.5086739792796,0
422.56098448708474,15.921290684108145,0,0,516.5477547392605,0
415.5132230722008,13.896342359921537,0,0,1236.374147132602,0
228.23318463825362,22.74020625855524,0,0,810.4301354225906,0
1410.1773264183141,11.521861630946361,0,0,547.6700486874818,0
1615.2199599840092,14.37256192548167,0,0,591.3371525047891,0
438.2014587984967,12.476605187031348,3,0,796.7989528817901,0
360.7192892564574,16.129915608925185,1,0,375.5271029281639,0
1630.0137008987085,9.322724678031037,2,0,593.5257710502502,0
2010.1871040417093,21.237274161731023,1,0,381.21453514928453,0
669.2384708924625,6.839901843895606,2,0,673.5273994674602,0
1551.788639155582,7.92978063713303,2,0,509.5548314446243,0
237.6632134438413,21.160048356843127,5,0,486.1626674163244,0
1030.9870322605138,6.259558051537534,1,0,333.4180850233763,0
2446.8938515662953,17.09175964903959,0,0,556.0614970043079,0
479.2168487786993,16.95716299660534,1,0,613.2025781217517,0
1552.8403806473973,12.24196285859066,0,0,151.54578966294392,0
1019.3244087485945,10.31634506241555,0,0,459.9174729641283,0
325.4418269988655,4.7121427741654145,1,0,249.06195993370625,0
728.4321213060741,13.867872393164687,0,1,642.0232852943815,0
2195.4501628044572,18.824513793771175,1,0,350.1814824505485,0
3015.477461502241,16.755484916549193,0,0,1119.2874460619025,0
326.4424011853851,13.560479190976542,2,0,282.49523995658865,0
2753.131921026722,16.08810758185873,1,0,427.45655850276523,0
516.0741399225728,17.63745102078383,1,0,441.187273549269,0
823.4898819588315,21.26698552907338,1,0,661.1544072963328,0
502.4711010736379,22.31515689105924,0,0,633.9619326523363,0
496.8514554387116,23.0,1,0,323.87255636123314,0
2624.9981907886618,20.26139972757946,1,0,648.0625421193675,0
217.12554862914274,18.089332124748182,1,0,582.7555116626401,0
510.04575714944366,12.378490573398985,2,0,345.67804607651556,0
1034.7672935126905,11.751579383513402,0,0,1059.022407276309,0
2892.9594649659193,21.66266545304638,2,0,408.910011024081,0
3223.1108107260507,9.254411858600058,3,0,428.4494248836415,0
2249.870430912293,19.06763067545493,0,0,248.3588267838709,0
1520.5574947519724,14.05471557391737,1,0,451.27224314164965,0
9651.631343586181,0.0,11,1,24.822557478021217,1
2065.0945019132223,14.800674484914362,0,0,218.39994355901916,0
847.1396284680098,5.25643481290639,1,0,446.1001698707679,0
646.8921711978386,23.0,1,0,466.80879438744,0
526.5504487497831,17.585849873066447,2,0,505.6695827161012,0
380.62342866153045,18.762952539760224,1,0,388.7985674378784,0
1510.9285936440363,17.376062152067522,0,0,884.4623888116619,0
477.28676673910394,18.22921922342344,0,0,880.192175319551,0
1442.6141556211544,18.275945266964136,0,0,432.08329591853396,0
1204.0798269127006,12.180646007683436,0,0,119.99721156391641,0
947.6720327946966,16.68992136271009,2,0,424.56234106255016,0
620.589660261803,12.382044643594842,1,0,403.9231889449725,0
905.9144063238824,14.271519516631663,0,0,383.86724582621997,0
649.0663384022756,16.434429751502858,2,0,200.82608378672705,0
863.0899567181459,14.274879357811427,0,0,857.6901648036696,0
1026.6958401167235,10.570263730476267,0,0,618.6411402313555,0
1212.7062634495146,18.016580213689146,3,0,385.11791255005477,0
306.38737260750156,14.574563631857401,2,0,816.7746231977746,0
1675.4439169516947,7.67676363856744,2,0,1176.8862102056487,0
1449.3222865575026,14.450417387700535,3,0,471.3149018905469,0
1764.432192535533,13.159965967752163,0,0,741.6818515998932,0
477.09950189172844,12.584891972305359,2,0,684.6904945070331,0
464.843522150236,22.18877509269056,0,0,158.3777876262088,0
252.8801873446157,11.612000243131742,1,0,348.3795242874039,0
1981.130842966922,10.286272144514609,0,0,747.3356313538109,0
593.92952743941,11.215926211714667,0,0,21.492369598407134,0
1597.5714196865347,7.4041402108393815,1,0,361.16270602476646,0
285.30105843551274,15.186174378155084,1,1,282.01393878720785,0
947.9370932752776,3.261483803665735,0,0,306.11344771078853,0
122.01214818659089,11.340621035488656,0,0,149.04531628497168,0
525.8097415444961,15.206616016496953,1,0,694.3488206867451,0
402.0584410638248,15.997922766038796,2,0,717.648862740405,0
935.2436748409232,16.82295950604035,1,0,175.41381179479322,0
555.373707923936,15.550916090541325,1,0,595.258237394049,0
6297.223440466122,7.284787604419543,8,0,3.9136617716779574,1
831.9058510548058,11.793404977999511,3,0,348.67275889563837,0
1036.3663168610615,13.935031606582049,2,1,814.5247089221367,0
262.11680785837046,13.843020314669879,0,0,435.42238313591986,0
656.7827153984388,14.17800983952517,0,0,384.4995114968273,0
644.5501014018392,19.977032494614697,3,0,451.69210267877486,0
838.8457724562959,14.85436764373491,1,1,187.64299671681144,0
1087.0113908485305,18.946430381970448,1,1,433.2739081827427,0
1530.0359635789491,11.120798939009948,0,0,251.60822222358544,0
614.8652365967349,11.231767577246039,1,0,425.0054566505265,0
256.1197060069955,8.278925224318048,0,0,741.2781883573987,0
162.83426022194521,12.458107653831766,2,0,578.2107936536925,0
1110.3547387132626,12.044868411172224,0,0,315.99538822619905,0
416.12161180882725,23.0,0,0,994.7230290628218,0
771.1435727728082,12.146278898529129,1,0,363.7748992608695,0
1271.7068519120776,13.258103707511154,3,0,347.69525367989786,0
373.70405155275836,12.11469591408978,0,0,480.3766324338386,0
1079.0169355052797,0.7035940797630076,1,0,266.8012516061178,0
2021.5719190068394,9.621093624736226,2,0,606.4199613147314,0
1141.533761128788,23.0,1,0,918.7973817039747,0
3341.2299456997416,16.62017508672428,0,0,287.14589893168505,0
628.1956091406275,12.492431777306525,1,0,440.4025536885336,0
2914.8025488414946,9.587013569282433,1,0,601.402030618453,0
1081.8671959558985,9.978660392752914,1,0,428.1619973304626,0
2596.681826547403,14.292302284170129,0,0,191.94698439642514,0
769.2195607568524,14.684865447993339,2,0,262.30469505522717,0
528.6778899465354,15.276771710560018,2,0,651.9557659323112,0
1513.1669864974663,4.35245155229164,2,0,562.9262900343883,0
2056.781582892161,13.315784125709508,1,0,1157.2408486552777,0
907.5308355766279,9.870338227043632,1,0,509.08677654301613,0
1133.8857511457352,16.470881447118767,1,0,374.60631013255414,0
2453.112631282354,9.35906899618231,1,0,289.9979927916128,0
704.714324043699,12.349826768745553,1,1,205.72532074470544,0
659.8368607803694,16.878949886258916,1,0,729.634519693759,0
754.5324704705404,16.908350581395034,0,0,371.42498371672866,0
1087.00734965793,15.461263047881346,1,0,368.82925518751125,0
281.32343103849377,10.673320982832793,1,0,502.99838021084105,0
803.8271092163956,0.9973203628548823,1,0,434.74529100574733,0
1762.2624683716147,21.848597937104294,2,0,1364.373279768613,0
281.0941389551421,14.330894159325515,0,1,440.4924597025101,0
1394.9263188083246,23.0,1,0,375.11543075586184,0
199.1320135132536,7.349052422232481,0,0,903.2212806139032,0
1444.712072126235,11.293527554307857,5,0,374.43649469367494,0
296.20260096604767,22.219129650445467,0,0,506.07205494311137,0
302.0447476115469,15.411888755997575,0,0,301.7808879119901,0
518.5879470924713,13.52614663997434,0,0,232.90829387518852,0
1890.3515739255492,17.462498571522925,2,0,357.1466808294518,0
964.0824482204765,14.814808354281736,4,0,227.40244493162837,0
638.9483795344241,15.025387899918986,0,0,632.4802239481263,0
575.2694396512139,15.278497690240714,0,0,585.8444960455107,0
618.5232552786252,23.0,1,0,332.27392744279257,0
1536.169632348133,8.752267702590963,0,0,313.1944063442908,0
1204.048808612939,18.14611792818556,3,0,744.0514757033634,0
345.0169703504815,15.155151628714208,1,0,229.9100985046687,0
624.6216895147619,21.420302766103486,0,0,244.8892442953313,0
1081.833545737182,14.976026221762533,0,0,335.8125182054999,0
1097.7634475642246,5.990723530576119,1,0,346.0304474756215,0
1193.5569975661278,11.361322145660747,1,0,539.7647773609018,0
300.8962115293147,14.361339548844489,2,0,456.7566609866374,0
13466.400714328707,3.944578767666929,9,0,19.70836396435838,1
1388.8953731287575,13.590287588040843,0,0,816.4679459887535,0
602.8421775991278,15.431892415005473,2,0,740.604133495724,0
528.136454897133,13.305414315125384,0,0,699.652650854773,0
1012.2983404732469,13.217007170415684,1,0,377.8586276518018,0
1081.8543031699369,22.35805846330183,0,0,220.616527991147,0
1895.7940232387305,11.740816358982396,1,0,369.98108422767507,0
650.3536850151796,18.243304760861115,1,0,658.6154284966266,0
372.07948347079554,12.327269855381886,0,0,686.1823084679629,0
863.9610469826991,13.636257007741078,2,0,773.9585970244079,0
1503.8499716618207,14.3091583600906,0,0,429.0343490515527,0
202.21626678715032,3.431782928075238,0,0,492.5592006352792,0
1536.5274302727971,10.296663816754418,0,0,317.32225189921587,0
721.2781948327818,10.968979614773703,0,0,337.18566808665275,0
493.1668707969522,14.990114002890353,0,0,186.44915150201723,0
1527.9510551673645,20.67850697477357,3,1,384.8771413881272,0
822.1725321570515,8.253747404048589,1,0,259.97469083249985,0
180.14185928436243,13.325999438999084,0,0,276.4647423196675,0
1386.8768032975042,17.44956883277443,3,0,347.4701670851108,0
478.4975354740386,8.534616241606297,1,0,447.57739401374846,0
412.4608054442987,13.740184109950627,2,0,465.66279976054415,0
792.8594564692619,19.064452870186862,3,0,389.33291708205,0
484.2204718385778,13.12457424863147,0,0,606.3642740304326,0
547.0245458333285,8.788448836563752,0,0,311.4703582922654,0
7218.75164271505,0.0,9,1,27.982898612341774,1
575.8270825819898,13.370603363029549,1,1,892.4486637505406,0
645.5010792879638,13.555839295775435,4,0,153.4393892162524,0
1472.7765678812254,16.451287222142597,2,0,149.73535881373073,0
1390.750582957172,20.060533563589026,2,0,164.44651875305433,0
359.8836386953422,14.516081298829588,2,0,469.2691174383389,0
384.4652783083757,10.24071628015033,0,0,276.30194590310964,0
558.731161863002,19.518134552223934,1,0,366.97977848917935,0
1760.467196923066,11.836527696958635,0,0,161.58375124373677,0
62.24401483102514,20.25574456509451,0,1,218.20779049948925,0
1139.2387472685223,20.61371415939893,3,0,370.10192794314787,0
689.1095823639139,10.389325648356262,0,0,731.5039604977754,0
1344.1262560928649,11.188504075525593,2,0,491.7095721107981,0
6.773022416745272,11.947204056567518,0,0,399.00405445548193,0
2289.145579655812,15.258269344932769,1,0,278.8385562455252,0
780.9668888489078,19.191492058848006,2,0,320.775161154288,0
855.207219663122,12.790208942260918,4,0,634.6256348776851,0
588.6701122262714,9.95877253505988,1,0,603.5863349041551,0
1397.796121389756,18.259718891981315,1,0,504.8670363576472,0
475.1205368039177,4.726953445507945,0,0,581.2570150348672,0
1288.9115132131549,9.770331799485158,1,0,269.18777111385117,0
871.350755948499,18.150588322476132,2,0,1134.3379512721253,0
793.5253959845835,9.550187217214294,1,0,632.586590003094,0
3228.500315484986,3.9892863758378354,0,0,576.354500675262,0
435.5718473213493,13.944156913602345,1,0,356.310121105399,0
1472.9509806232834,11.533641394349585,1,0,321.85158216600814,0
634.5810095791768,11.927180683756532,1,0,496.1971344088136,0
9749.459401672437,1.8383018539842517,9,1,11.164358646694215,1
1006.426797003934,11.864447256336842,1,0,754.5579057495772,0
855.9788728383793,14.231743493189947,0,0,249.37655720316917,0
664.1019320825192,9.018504927273327,0,0,512.9197239450364,0
1831.1563090798775,2.8938324961243787,1,0,361.2133298661477,0
556.4996194600985,18.673740647706737,0,0,813.4161801369029,0
462.04958594710826,9.717619554362138,1,0,699.6117802056194,0
271.61809660574295,18.850429930886573,2,0,533.0560592922552,0
2488.3171202593817,15.67777927319799,1,0,248.3406001601909,0
275.749506960991,12.24636435716067,0,0,270.08426226305096,0
880.3880196970317,18.110782163285815,1,0,339.8907077706532,0
854.4274944479683,9.766975788058712,0,0,519.0700057278253,0
2089.1339878070285,9.047868189802921,0,1,381.89416093919345,0
10980.844568174343,0.0,7,1,3.8517270787007725,1
1579.8189174402767,20.112720764664946,0,0,579.4284840852056,0
827.0683033597603,10.325449246835353,1,0,482.8630279230135,0
1461.948984852558,22.82436855226255,1,0,658.4572571445981,0
409.01115302907886,10.446280100559584,1,0,424.32003221083335,0
932.0757434946592,18.4815509288933,0,0,429.018593365962,0
1437.3984661001048,23.0,1,0,364.9689425507121,0
1198.7977409144,11.730582005754638,0,0,385.9538289797877,0
1515.0517260458923,7.261576000262587,1,0,1031.3737931230985,0
493.7626025318781,13.018991699604591,1,0,953.5535226852428,0
1432.2490560344943,21.93098632539565,0,0,169.30931601288583,0
582.3113068750959,12.565412120311622,0,0,400.0587543988759,0
188.37107816017422,6.96394450247905,2,0,512.3577177393274,0
1019.5375380003666,17.34793845449089,5,0,630.9603994485951,0
653.0509229896373,14.641695136014691,2,0,235.1759895031346,0
3344.1735744860466,14.415190999066517,0,0,227.83710676375307,0
717.079948465944,19.434090150344453,1,0,593.3280506876843,0
1834.8962417817493,17.319017893531825,0,0,382.6441095366249,0
367.32943162223796,9.397045277652047,1,0,152.03403443222484,0
1921.2252963716608,15.018461392382298,0,0,651.7503596014249,0
1357.295721942454,13.20227360057698,2,0,843.5360774246662,0
478.75080766208384,7.45610847757022,3,0,121.59768342753117,0
2465.673268712754,12.548085041746017,1,0,348.2050189854388,0
1395.1365182621269,16.65493414681001,2,0,236.25184088802564,0
554.7469537181397,2.9193967652405597,0,0,288.561321799817,0
1757.964954053397,21.368687890380844,1,0,541.9073816482909,0
558.018371581859,22.332946716877714,0,0,398.95382470325296,0
12993.850059289809,6.840963539574677,10,1,5.060414441551479,1
1389.8576313690544,11.238627547886777,0,0,502.4444027975245,0
1918.4226809873326,15.960921550208408,1,0,556.0216184174086,0
60.66897119522068,18.72607156125191,1,0,478.2651411769991,0
713.9343216639536,16.52575535227326,0,0,502.55361716656967,0
369.5876815743485,13.705650723788397,0,0,486.811983584994,0
190.93783206739067,23.0,1,0,399.3483849720321,0
1141.00416502296,9.671767277108417,2,0,372.2413752103599,0
864.0285263388971,11.794880897381956,0,0,452.6684866902384,0
360.4451929337223,12.386048993423062,1,0,210.17462601079097,0
1365.9232811555405,14.455605146667601,2,0,534.4454440864665,0
91.65712599082245,22.370097137186185,2,0,642.4357177464991,0
416.87893346373903,17.490618027031783,0,0,438.12907278597476,0
650.4620636090777,9.051124960652192,0,0,595.7140945808864,0
343.4733202775294,17.262678481760975,3,0,588.4628332833665,0
1144.9106887925616,12.391498440332008,1,0,540.1529953587113,0
1026.2564324176092,15.914410612977823,0,0,477.95781510750714,0
614.1982571493913,18.51356574142485,1,0,413.1592235991847,0
1099.9427681958475,17.259667005150142,0,0,498.4980133097066,0
731.6927630141505,16.324808227530486,0,0,728.2592253088457,0
1772.8620892406652,13.367369752356753,0,1,198.62078957186247,0
519.7486572303081,22.061953110787798,1,0,445.02915322002934,0
372.0770578044454,15.296921667214011,3,0,758.9213892652612,0
998.9541072042215,12.620184517724995,0,0,557.5037962274595,0
1025.6180155564357,11.453336747575745,0,0,617.3033426131653,0
1825.9580516886103,20.44065262914578,3,0,336.51879452511963,0
699.7786136982191,13.23888372660088,3,0,646.1504211363361,0
84.30051615168635,7.635033338843642,1,0,590.9525019193183,0
854.2818425596155,12.096546554487945,1,0,244.74552660805725,0
298.71953404683586,9.413966518324873,0,0,288.4726590547904,0
1076.031502727105,11.71709972755709,1,1,747.7152855269828,0
6005.3158362784225,4.5577540574796505,6,0,5.30198672267396,1
1454.6917349135174,22.77021525163432,1,0,426.9546910856584,0
293.20602974446285,13.86057258929196,3,0,286.8855267707125,0
384.7129023124035,22.929254455941358,1,0,267.17381680047237,0
1153.2455545342725,9.951777701481774,0,0,971.3809031009773,0
1425.9595358120139,18.869783467729604,2,0,530.7542947949786,0
1848.9187732092576,10.992442426150705,2,0,621.359056112984,0
566.3123442328294,15.781432741551507,2,0,143.33435977700447,0
1135.459873785737,18.246907886888053,2,0,1025.0237229261338,0
14001.776086726106,0.8777570150008178,7,0,8.412941060003776,1
2178.428179201493,14.289873483078317,1,0,521.694812592863,0
2248.703631313447,11.759211906073912,1,0,246.4296582411066,0
688.8894877341476,17.2161770927628,0,0,782.6343306924219,0
95.19934274989237,17.63063760675187,0,0,568.1417606584625,0
678.355015860516,21.092425163017364,3,0,533.5552703040341,0
266.5195416362691,22.599922651647017,0,0,471.7824819154125,0
3206.6305732693804,16.472332441761868,0,0,1025.7066135631228,0
1810.1063794404827,14.421705160991056,0,0,860.4455427891498,0
1473.0140060314395,13.918868956478523,1,0,611.5495296127075,0
430.03423738358066,13.99588405568049,0,0,370.1489799322263,0
1205.448190341698,6.519522543027776,0,0,243.2920906217733,0
1314.466694177721,21.178385518998983,0,0,96.84126723423286,0
115.86775745436947,16.177078263654703,1,0,439.3759569134092,0
1440.1642710883652,7.2398178646608535,3,0,1216.5055435360014,0
993.5791700968576,12.629770055571322,0,0,345.3260162607724,0
166.2576618118831,19.831698557806263,0,0,924.7764336791381,0
529.167978959179,16.146748352460143,1,0,619.8467100416332,0
571.6704505084598,9.790633245414556,2,0,679.5228465116812,0
290.1666738862963,23.0,1,0,992.2759609255767,0
13341.607260907122,3.9297048760246933,9,0,9.320195444356209,1
2312.5616340935626,13.684837879823537,0,0,373.70494127770564,0
1298.961099433977,13.803657757015218,1,0,243.64562063687524,0
1659.8171529637527,8.716808926472389,0,0,431.3113672689593,0
606.8622809787911,10.371661985584897,3,0,819.2929467351923,0
628.2853547708261,11.697222134226926,0,0,819.7117371604293,0
392.5680739997414,10.561876404693258,1,0,761.3337906895173,0
1208.784164462629,11.508385135287936,1,0,533.3645536990546,0
720.0297630016476,16.48183121817483,2,0,357.04678733564845,0
3038.90754193735,17.42779181608592,0,1,644.3946789090425,0
2870.920444131978,14.852830133850631,1,0,463.1895450459057,0
804.4618029145997,13.956052389386112,2,0,571.2616285087553,0
1193.3403549184918,19.82355392619955,0,0,496.62894600288075,0
251.33244500813007,14.834296949463377,3,0,641.1697393334678,0
631.9802777261651,15.05285376166971,0,0,750.5904009812939,0
498.88018463611206,20.957171625753244,0,0,982.4265636225479,0
1316.0417970148587,22.223908231081946,3,0,375.8473123936258,0
1121.6917785661383,14.85223525206483,0,0,574.0773202207113,0
741.9724613054057,12.821058408696487,0,0,856.2917058783642,0
1495.1222383820193,17.88754333632949,1,0,274.05015041532704,0
1576.770226407112,7.3639486279674795,2,0,304.8946853388834,0
1298.7757724007515,16.127043147092923,1,0,562.7589685636549,0
60.265278789299614,14.938333375709687,1,0,577.4827121327756,0
329.8320135009638,15.334130855401936,0,0,260.1350210991194,0
109.38593171164752,23.0,1,0,548.0886293745623,0
97.41011932335402,4.519990525410554,0,0,433.3744328219721,0
195.9725688961814,2.4807751525598913,3,0,436.3337276683628,0
2274.2439418307104,18.099503883794245,3,0,327.96885528673863,0
677.9862172846779,15.036629170968208,0,0,704.480171215428,0
553.8436832885301,10.664006007529439,0,0,434.5659293755734,0
1920.5880843864359,16.292933899742913,1,0,518.5581606463578,0
1166.1123541034735,7.458904010518147,1,1,479.21458830548744,0
833.8986496061884,5.1708425191270315,2,0,141.50883021876874,0
187.3765478175557,14.374259061078089,2,0,514.4219899301512,0
1255.3232494168233,14.85522034462075,0,0,562.5855270890958,0
1740.2957040298736,17.98004985002929,0,0,902.5724727966797,0
607.8473119749359,13.524203242571923,1,0,336.2986933311438,0
1518.1137994027235,2.8731102154714296,2,0,648.3097105238306,0
1286.528147917342,21.84099845263743,0,1,916.9729964644691,0
350.1424089024984,8.70205758148958,2,0,639.6726255611304,0
923.2602136319339,15.092537930230604,1,0,506.49000152400214,0
306.2978840997973,12.236722565679624,2,0,186.85790395932912,0
876.3223676275189,4.1096792906558015,3,0,401.05521131609726,0
1210.8305275160067,14.082632070672755,0,0,329.4049660372512,0
90.9978489383896,18.790176343144147,0,0,338.1639397191128,0
485.8108539779093,18.537289511938138,2,0,370.81580580554373,0
1621.8187557640163,19.193781448072517,0,0,359.17282683047836,0
337.6967833448618,9.534657217475148,0,0,290.87138341254854,0
1289.527240313903,17.354360972509657,0,0,211.32521813807173,0
988.8441685465236,12.00094752723346,0,0,357.9668465091052,0
1833.580189568137,9.944279926247683,2,0,544.434379577151,0
701.7620880078703,14.380512082342937,1,0,257.98192000141347,0
1848.8918532516557,15.259894054530218,2,0,443.09604197383817,0
832.6421108115525,17.260513092835993,1,0,454.47472006351035,0
2828.233064156913,20.03723021981469,0,0,457.2188042321935,0
763.4010449850452,10.172209550449862,1,0,651.6214858761225,0
585.8796827684328,13.19343638613231,3,0,426.6834519506703,0
961.0127647178659,15.505934790388835,2,0,569.4298800369767,0
2317.6116887230114,18.83889430832481,2,0,231.94778125520082,0
1380.2916220818083,14.169689425674816,1,1,282.08384843763395,0
1727.2606121429724,10.768161648270155,0,0,510.3686034775304,0
1953.4771995795898,16.154070353487075,1,0,339.3738648330913,0
479.5224585148211,19.52656950746644,0,0,671.6121654055249,0
1050.2423937220785,17.453849947926436,2,0,302.8505011713886,0
984.4597249958362,14.064719900726162,0,0,549.7285415026923,0
2090.8674587904256,18.239987669814248,2,0,376.29432540258614,0
1862.2485754768156,9.038651434360027,0,0,615.2746168529411,0
709.4288077568193,20.213482396366842,1,0,580.0948709931112,0
82.4153031375746,10.341833674063793,2,0,683.9029801260091,0
383.0052934164074,15.278293270486369,1,0,413.2452568631869,0
445.358232362178,16.722566112142214,1,0,204.98031363128896,0
1092.1753170157085,15.58039096076807,1,0,310.56445687248464,0
341.5651532349168,9.106649789890152,0,0,565.2575452205332,0
996.7203106122367,6.934110790670995,2,0,644.400636853322,0
1482.752855415866,15.681692808327655,0,0,330.0179252659415,0
1053.0828186740816,16.72161352382868,1,1,551.4598682576981,0
428.3924638744961,15.790244194282854,2,0,390.61709507337247,0
342.16942843055136,16.531817355310313,1,0,399.61915450218316,0
118.22608561635833,12.332881458587936,1,0,475.15608109799325,0
685.1921097625003,10.691297958834966,0,0,399.6953753723977,0
1112.2091600171743,11.341809149365126,1,0,175.37459102975106,0
1228.044113699317,13.626973054406228,0,0,512.773570764537,0
812.3546101272825,13.2843680126433,1,0,566.8856083922542,0
1082.7644285418496,16.540953274258403,0,0,756.4549435074317,0
1272.442616943929,16.47752549047611,0,0,325.6224171470216,0
792.9972815554075,13.349645793582336,2,0,690.0893337723496,0
2130.2084691535097,11.247534418439407,1,0,637.8228585822943,0
933.5775657256844,4.976985453053883,2,0,689.7170111652608,0
1415.4149487654652,12.075997900848183,0,0,640.9635347202636,0
773.9675037565728,16.415267858257224,1,0,703.3266277240166,0
1539.5776821330992,19.106816174498356,1,0,429.08083470083557,0
466.7348348812691,7.69512620545698,1,0,1040.005750048029,0
2968.804717383094,3.497428418831003,2,0,608.9767506503264,0
808.0604719246651,15.918275119333945,3,0,984.6695116817406,0
549.5982081059783,23.0,1,0,562.1753970673043,0
997.6175174129086,16.11729165915195,1,0,439.23754436818837,0
285.4704937081227,5.996584454920072,1,0,658.1458652930967,0
9858.365823822043,0.0,12,1,30.52512499829342,1
665.9221868833333,14.765965702790389,0,0,585.8993809386287,0
215.28454139439114,15.157307912493865,0,0,778.3741032187148,0
325.1899096036833,22.80041298769239,2,0,719.739467189896,0
566.9860126901699,17.088446941316704,0,0,538.8715653611854,0
289.07610968329396,13.123875166847272,1,0,321.76118995984024,0
1188.0872667961587,5.934349905426556,0,0,688.3371446977204,0
2117.48021415304,19.354411460857342,1,0,206.01858538367472,0
874.0988035831606,14.58978651601644,3,0,282.6960489151074,0
516.5431463097256,12.667138575355073,1,0,341.14856797306896,0
528.6307021681648,14.409306705408778,3,0,1019.0983152773268,0
1514.2723688619612,18.60845649071385,1,0,624.0930197145145,0
700.5852751278954,10.14522995263567,2,0,391.47993796378756,0
1408.195711573817,11.196875578123993,0,0,328.2833449038897,0
678.0271525754282,10.760757737247221,0,0,235.86868906784443,0
417.6897123878166,11.70683801349136,1,0,766.2372294847289,0
554.06227860387,11.73932705452507,1,0,330.29022796393707,0
390.24686764105036,13.465086140227594,3,0,275.45656059175604,0
855.5282992469859,15.077728175049758,1,0,265.72173235021756,0
583.4124556175228,8.971347248260091,3,0,350.5338903907082,0
271.43838911235696,7.934850855209766,1,0,608.7698321498469,0
3064.8610511402403,7.5139423041686335,2,0,156.69703166450284,0
969.8027672468778,8.397705087807683,3,0,354.9171512802277,0
1556.512573132829,9.15221328341889,1,0,275.79955920518506,0
412.30407287788745,14.432738238089886,1,0,581.3895784956964,0
2567.948235503238,8.099880429507467,1,0,768.3001236539475,0
660.8251844328562,10.300381357422458,1,0,318.90004213938556,0
1351.9539822720867,12.747960032159963,0,1,436.4800130401278,0
1067.2967113411535,16.502135895444468,3,0,343.75146403705793,0
14592.84343566691,1.7150187738341816,5,1,29.29280552350251,1
338.48997549720684,9.704480099048457,2,0,396.1515302910075,0
309.87460455890283,16.902795292032476,2,0,394.32479143684606,0
815.3785515940832,9.923598353044389,0,0,612.8636697400592,0
598.9628544096414,14.655763526887357,2,0,601.3015477879711,0
255.86426391579275,14.492188119622918,2,0,480.34580774335393,0
274.8216679201698,13.391085284947156,1,0,467.98609257820766,0
1605.8212544021453,16.054880825070843,0,0,367.98407225399416,0
700.0374515531067,18.336997707446333,1,0,499.7296568981963,0
677.0332555261937,14.70828951560641,0,0,411.6664704486276,0
2180.253245174532,9.268443771375656,1,0,659.7447575241949,0
1481.4474942013392,19.031891374018905,1,0,601.9507200761753,0
334.56942197023795,1.854438314166769,1,0,454.183567907314,0
434.076158801075,18.523749016294122,1,0,405.4480634699729,0
724.0127064130452,15.04313640242824,3,0,276.58609914832635,0
330.2810128259011,13.959831982203639,0,0,428.72038757576706,0
240.81668199084052,13.830580785930403,0,0,790.8797884626807,0
1010.2467518571206,15.000170810650859,1,0,804.8923527597582,0
1346.9853144428155,16.96015904697308,1,0,350.8745233861357,0
860.2201514610871,9.044913319472258,1,0,432.9509840213108,0
761.9034435945154,17.60081716384134,1,1,446.0792846936169,0
190.45025610251653,13.583892102984853,0,0,361.128452175785,0
592.2537435136124,12.222955472097638,1,0,183.76489603291998,0
1832.3469557752173,14.240818455685972,0,0,194.4545756971165,0
1105.1358197094037,23.0,0,0,408.65028298678806,0
879.9185716536958,5.514900933382421,1,0,637.4392679212444,0
480.5177919995878,19.52131533630334,0,0,726.6527585325294,0
187.12912160825312,13.086501140390565,0,0,470.1203791354691,0
219.77141643820045,3.5401985248678898,2,0,181.62693203404282,0
2629.4670898079225,19.108254175288387,1,0,108.02455668910692,0
647.1493601999599,13.79196252314803,1,0,679.7891003444315,0
2055.553315548827,8.916495236240241,0,0,277.75985991943213,0
562.7267588163683,11.682835430096016,0,0,504.3480582896965,0
643.4652283872181,8.0018952417966,2,0,278.38365860698053,0
777.5867271054763,10.16959771926535,0,0,433.9765170838878,0
666.6696686332034,11.932985508549443,2,0,663.6063634740987,0
434.2488659908755,9.282650877959219,0,0,716.5234597995475,0
1749.263024013403,23.0,0,0,216.81900908236815,0
1021.7029386493203,14.08457108588302,0,0,688.3170780129401,0
385.83215949790696,23.0,2,0,408.01332426650623,0
1758.7534602998148,11.795952343257113,1,0,486.5363188662056,0
568.0701763973304,21.842669693546632,1,0,586.5743363509366,0
627.607501296915,12.604470718200268,1,0,526.436688203783,0
768.5212885059905,14.466934850754711,1,1,466.3220900258794,0
763.9208414641037,23.0,1,0,427.4786499192362,0
1454.713153641665,10.667218843834771,1,0,446.69122178177645,0
426.6591063267971,5.9104467710497275,0,0,553.296798235111,0
1655.730654238513,8.57620599244775,0,0,450.49607020563604,0
872.5683922684351,9.532059375507917,0,0,430.7637692393961,0
4593.0548851046415,0.0,7,1,13.389210151635078,1
392.30936630859236,11.226779459769956,3,0,823.1522986261972,0
970.8430608617646,8.553877540633687,1,0,503.63350187758715,0
401.7628433119691,11.519430101083117,3,0,999.2580795150996,0
240.38784414639562,5.758751406434856,1,0,142.1362050153006,0
262.8630156970296,13.328671632802896,0,0,555.5940248237428,0
872.420243250181,13.285866807024247,1,0,719.427816545517,0
1752.3363767067067,17.12811447674804,1,0,233.5943653245005,0
636.6186773383089,12.183682304316413,0,0,679.4045810183071,0
361.5567444271358,9.885692921209309,0,0,480.33217340568257,0
601.9260402396088,9.490159308108232,0,0,323.1070239542113,0
1648.1444352749295,8.42505248801493,2,0,572.3309761947107,0
759.8146321842698,21.719753023805723,2,0,405.18547064912036,0
845.1888591637687,10.001299259250157,1,0,526.6378490865173,0
458.350753641701,16.446198877061782,2,0,622.5620130112952,0
1077.5964160884803,20.61880269006134,2,0,572.1121416411003,0
340.7937885693054,8.537982359776022,1,0,450.4147791098867,0
620.6391864526709,9.311066668294199,1,0,583.230251174127,0
695.927825674079,9.72766746866484,1,0,489.06858099517206,0
241.01515313522668,10.311387061215786,1,0,526.1233540560919,0
958.5075890462501,18.037149251477995,0,0,825.6101562082999,0
2172.533447034306,15.171177054052801,1,0,667.9426645825786,0
1106.2434729567558,13.926793230983408,0,0,753.6016223726257,0
834.774669427335,16.419900809830953,0,0,482.58344187513495,0
755.9909469106755,16.778656595515013,0,0,722.1944844981421,0
557.770696993065,14.452124639827112,0,0,338.7618570926567,0
673.5807338983745,11.384580016526703,2,0,410.0627182452736,0
1033.0783051035673,9.065436864983418,4,0,273.2776689517641,0
1869.8648293583199,9.233497647827829,3,0,314.8393117839889,0
1000.3116204176208,8.442188287558663,1,1,296.05738003993906,0
747.8047333897698,19.385962521338946,2,0,202.06791572543455,0
189.92955746111116,11.478245730298713,1,0,259.00065872429565,0
695.9260924795731,16.714926011955527,1,0,296.3977234065901,0
526.7894245255458,14.297424699985815,2,0,344.19856971972507,0
1248.024872540612,14.896990195902228,1,0,566.1997655409837,0
571.4622552486173,14.158848563488174,1,1,949.0071457729651,0
2102.360721379412,0.0,1,0,352.0905036037424,0
1792.5620190237523,17.19714021096275,0,0,453.4321957252601,0
1386.6071840115503,16.5603740958058,1,0,595.6434329058748,0
3220.53766645198,8.43095557492903,0,0,677.3323875897727,0
577.102537017567,10.672330664956604,0,0,581.0875062871576,0
485.46916218925986,6.402433308794578,0,0,209.2264817325511,0
1903.0845789629275,15.692870950408244,0,0,678.3744637954593,0
580.194150227763,15.351606229216845,0,0,468.6628269037814,0
1295.6231520896372,8.550984779165331,1,0,1080.902780820868,0
522.1118562708787,3.940093171471485,0,0,282.015478525346,0
659.5552256903175,18.833524906983005,1,0,295.7485733062751,0
2811.5841668128164,14.494932435201255,0,0,259.7392371098328,0
4554.407264307228,18.308244311615763,1,0,59.15067897766599,0
1423.0475798927332,17.78155645344704,1,0,300.36613183013316,0
350.7749090380607,14.355519286586725,2,0,358.830993162092,0
642.945122526215,15.974856408452329,0,0,541.4353619374152,0
773.8354806433076,1.5485914581183557,1,0,209.20858185472224,0
1395.2297733083678,9.974945043426414,2,0,250.3500530464739,0
1313.8575210676913,20.4566536453248,4,0,287.8328392407587,0
216.36309107335882,5.614527207639174,0,0,549.2494543685584,0
1666.6017484099873,12.493676577128818,2,0,940.2216453172107,0
953.9300614942902,10.038729536126217,0,0,450.84767431525734,0
1304.1563831009883,15.611975475634697,0,0,384.1735367024671,0
2393.576073132981,17.747775187225642,2,0,345.54002064170743,0
1668.3934059204728,8.864177701560358,1,0,297.2359564642481,0
1027.4308252072433,10.725077556956405,0,0,457.2958294759319,0
383.9933101917225,14.152524072502139,4,0,843.4998905230426,0
1935.0282427687505,3.212580854063102,0,0,194.12526600850987,0
500.5633860202726,13.590711268201687,1,0,138.07606941437888,0
1409.0120911774359,14.070168669409256,1,0,700.081899386047,0
640.7498317728919,13.499768444481667,1,0,1330.347622002462,0
1000.2704802570101,15.516961875988905,2,0,333.0789790065278,0
175.63200769708138,13.812305993138791,0,0,874.18513196985,0
290.06444307428757,8.09424804449159,2,0,546.6002874739326,0
162.4002737434392,9.919079140619424,1,0,571.1836578066205,0
2341.2852539061546,11.277294095224757,1,0,474.7866856920227,0
94.92663612099936,13.132567046430236,0,0,375.15567146118735,0
1340.4469975971472,12.924689819695685,1,0,815.3154039665922,0
7622.9366611551995,4.242816088265444,6,1,9.88381919906873,1
2713.4300211305385,11.896903287719892,1,0,399.78643469762005,0
1001.7234856874888,17.355856795258042,0,0,566.6764368224152,0
468.8370771713715,14.157087367332752,1,0,339.0809049369927,0
782.3816280650107,13.286125234146533,1,0,338.14041227102234,0
1764.8437746756097,13.496328685349836,1,0,468.5118121445921,0
320.6560333637492,7.81808935796772,0,0,301.37211948740264,0
981.7706631093553,20.58127608127576,0,0,878.0111405602447,0
182.6822094474077,12.377837091257566,1,1,661.2164249109568,0
1567.573964602931,9.584724391958204,0,0,95.09110698045801,0
931.6693945367039,20.164592933387414,3,0,374.83013621133756,0
618.1602377936612,7.53516993798236,2,0,502.6824577578349,0
267.59072313952004,12.999327228859311,1,0,332.6124831946252,0
2991.9280274485627,10.586285775978826,3,0,397.13334367726156,0
734.2981581675017,16.122742998598344,1,0,534.3881915250292,0
583.155089862207,11.378857759477063,2,0,425.28438339570556,0
1508.2409230444898,19.121731009929125,1,0,583.1602206739184,0
845.8268637395018,17.766869419156407,3,0,512.8958234355645,0
804.0365883271915,11.503547045972194,1,0,622.4618266088863,0
424.69555995621533,16.171457306578652,2,0,130.66112495678377,0
933.5472050686946,3.7065965689735396,1,0,919.9572261066113,0
2620.1874220905206,10.480833709652686,0,0,1119.225947147257,0
519.6229966868755,7.537854186999435,2,0,286.3585032291645,0
740.571726852015,18.343286203677813,0,0,424.1164025679466,0
160.13556644225866,4.73828748445062,3,0,230.43908105254204,0
792.5854436180744,11.095414114029408,1,0,277.40696405995624,0
492.05875952634176,15.431391115409422,2,0,575.8075595418319,0
37.16795207901864,17.920477981862494,1,0,796.3915355506613,0
895.9948502168047,19.07913072367174,1,0,534.1069921009082,0
2286.3182741835744,9.644050231076662,1,0,727.4498423594805,0
1073.512972861151,16.25831236642097,0,0,518.7812328836088,0
67.84599279800938,10.3377306201434,1,0,813.6837460609316,0
1049.8807074193417,6.2481156453438,0,0,398.02669410778753,0
1446.7273199119152,9.642447028334214,3,0,576.065830816449,0
848.3615280172712,8.670629497575788,1,0,243.77580441900068,0
1071.3787426093481,10.079186289033402,2,0,468.8593632936477,0
1513.8959604928177,8.779570320880797,0,0,361.1714527257751,0
628.8288302660909,17.782703935937025,1,0,355.0145315401493,0
3546.2143243739597,19.0568412859509,0,0,552.2484261648445,0
282.05929975936704,17.780575880875908,1,0,443.61624404488697,0
1046.812420489817,13.596375308435288,1,0,394.5358697653394,0
747.2323651077938,10.249809111784394,0,0,526.977068322795,0
376.98280001546885,19.28012372570134,1,0,584.9545232242432,0
673.2347810845203,11.727458503488648,1,0,346.3106681805542,0
1046.303780492261,17.47582291575533,4,0,214.09579710310186,0
11136.897937960814,3.0762419111033203,6,1,19.713639442532415,1
1378.1064559564427,17.693040330467078,2,0,315.00226987760556,0
418.66674287459045,15.8439815397915,0,0,499.38247846346997,0
390.795849717934,14.858268849844482,1,0,583.100598268636,0
1120.462396286289,14.679208740540563,0,0,752.5417994150969,0
556.3980164029289,13.00771780227982,0,0,256.2293413848797,0
554.5998639298247,23.0,0,0,294.63449056945547,0
3672.6968617483135,11.765408188569921,0,0,215.85966183377252,0
1719.1570523504417,12.291673581901208,0,0,349.2733603188087,0
1276.612302856624,16.3959376539348,1,0,556.1928453945874,0
662.4676718619548,10.643132402700575,0,0,188.13503293531156,0
1184.0929941483212,15.876007874582333,2,0,734.4127633501466,0
247.9523779724884,14.870881282023001,1,0,193.2795568101872,0
1136.6059004375154,7.886333729311275,1,0,856.4324434117837,0
702.92338740692,18.67164373362999,0,0,519.5523373085416,0
847.8365838243992,15.78502212649781,5,0,797.6831024952545,0
479.6038921616739,13.099486993243211,3,0,482.7550136721677,0
5854.684104193809,2.605049981983826,7,1,12.09897670219544,1
5852.087077588768,2.7132553397206776,5,1,38.0676409843707,1
397.5303405300284,7.91164311196758,1,0,285.43217185372185,0
980.2578544178147,22.503873937704633,1,0,170.66479373707213,0
435.1851288528195,15.894310413711679,0,0,487.79038545432564,0
5636.837321683337,0.0,10,1,2.5826880323144237,1
404.9269359428278,12.89611698199435,2,0,976.6843653543418,0
1553.5675489904784,9.790578248573283,1,0,527.1163662556017,0
1522.429198591561,14.813078117911337,1,0,486.90878454102517,0
1483.1414107353169,9.09195367777971,1,0,563.9639215350459,0
965.0012522505102,17.791223880773988,1,0,483.94866919716486,0
991.1812888659321,14.244242334521365,0,0,973.5925457519202,0
1009.8691184183244,17.23040468818865,0,0,783.9456122974551,0
381.18193321342295,12.696755750525389,0,0,655.5854490284153,0
2812.188390602022,8.656365228968369,1,1,905.2757129622727,0
487.4281868482437,13.856479641498225,0,0,616.7962139591068,0
1771.6855435913808,7.57815295845413,1,0,567.5491135974947,0
1754.067137073645,12.830783924329337,0,0,94.44003068889533,0
940.0678990071735,21.30451713072267,2,0,222.69657767212126,0
2097.8969679014936,20.58529338983682,0,1,518.9086591532212,0
2262.8899149848685,8.421076443072575,0,0,485.857216658421,0
363.1814590960777,21.214700339189655,1,0,332.6059063021689,0
834.3303580171595,5.729269847133514,1,0,745.3525083819167,0
460.1210193079938,20.327517447001497,0,1,394.17932872161396,0
3106.401378212053,18.102190720817706,1,0,361.0084970593829,0
1385.5255743636567,7.388642607044118,1,0,1281.6183829644233,0
588.3908051191459,6.217315328991876,1,0,327.40337829275876,0
1166.959143370207,9.112623334236423,1,0,630.200705638007,0
235.2996051947821,18.971566908540623,0,1,623.882193349394,0
2124.140521837861,12.20824533822224,1,0,373.68156356555767,0
7117.863855898409,2.9226313732842533,13,0,5.529143495011296,1
1856.929521875479,14.209590201193128,1,0,258.8365834088629,0
497.59262571153425,18.76544027496247,1,1,393.0726458555722,0
2789.1466949901173,7.993935905533686,0,0,396.6385264519707,0
2132.6622428541623,21.829102970470565,1,0,175.7647439008122,0
2005.4352489901728,8.707747552894812,0,0,712.6023369217801,0
311.32076593743227,12.91375335790951,1,1,399.94365145910615,0
1073.3556642584545,8.2356689922644,2,0,572.0108991568904,0
871.9902847223808,8.62768616821999,0,0,380.4927353027226,0
209.4244796885067,12.239475029277857,1,0,522.5313848333607,0
375.0485923015813,16.774093574194602,1,0,328.84410707309684,0
618.0496079733454,13.993874808458727,0,0,335.3003434812982,0
2071.696502779382,13.82871590447996,3,0,209.99564429823243,0
1631.4510579918026,18.542955475937756,0,0,488.4519323718215,0
1108.1295644397608,10.874171058554804,0,0,582.7206133830824,0
322.1809932435588,19.363543703837202,0,0,429.20205223651055,0
1105.542804966136,21.372301633034176,1,0,551.204598770533,0
501.1597831492847,13.900342191713776,1,0,466.2430971840872,0
1959.2532793914852,9.763650278901858,0,0,204.6724592374253,0
2476.8308142759315,12.577479476742955,0,0,503.53257273959304,0
1278.190449776071,14.02264645525779,1,0,179.42180410258203,0
1694.704705219839,14.507779928051223,0,0,329.45690290072844,0
3966.6526947347634,12.206468796169167,0,0,655.9868750682926,0
560.7174837600493,15.692972165579313,2,0,490.1498418683059,0
1207.5137937624888,12.126688454639117,2,0,804.2931500260216,0
469.13146791199455,16.6691884987402,1,0,859.8514409252305,0
2285.965776599956,7.958240252522005,1,0,755.7422123241238,0
1677.341409892376,14.846568619269286,0,0,423.2708836865562,0
637.925268922069,16.597549440541513,2,0,986.9045997671213,0
1677.4259262560047,14.279428188460273,0,0,577.8742017744548,0
1734.4344311779012,12.07684933964383,1,0,451.85521723387285,0
1345.8515639998552,16.506683135904314,0,0,361.2242499783256,0
1352.038340166874,17.73087026850024,0,1,449.21841811185834,0
113.47706974516028,16.519439356897003,2,0,571.9441604151425,0
1746.5236356158287,19.689883063029168,0,0,670.9903511468403,0
461.3125218622882,20.427434748544925,0,0,687.7129372154632,0
638.8318158567629,10.929340955666046,1,1,342.1483044794999,0
392.1503985959252,13.617320303658,1,0,410.78664532107825,0
1426.0266853229887,11.441530640441439,1,0,644.4465479674287,0
1760.5374091214537,10.091297638877329,0,0,218.50661627500685,0
1542.5443719731918,6.683031857473854,1,0,228.80315589551913,0
737.9549117287492,10.768758810463225,0,0,335.4900466698594,0
910.3559607393232,12.867004179927012,1,0,445.6632374376573,0
44.112466905645206,13.644569336073431,1,0,452.3600378314263,0
682.1252893323747,17.212372232863093,2,0,375.86356298641635,0
2558.934930772988,16.32619108607247,0,0,461.58070579701536,0
556.7347977635857,18.402406504570568,0,0,415.5959414774464,0
1101.639764653145,12.638471245047944,2,0,553.7665957944572,0
2012.528420844792,5.8474356117947135,2,0,216.46702644930699,0
1263.6514551757828,18.00564291955977,0,0,434.5351980934072,0
1330.3275840719486,11.734210531570325,1,0,277.7189496782318,0
1665.9030141249807,11.09682360123647,0,0,497.22032560850636,0
516.3401231331048,17.19681421743315,2,0,984.5856817096843,0
799.5122497169494,19.266435669761997,3,0,293.0172706625473,0
848.9084070687419,13.49061822481474,1,0,354.8987269164636,0
397.75109378921223,18.538627598543496,2,0,259.66230377818044,0
978.6656347339967,16.115399801621763,2,0,475.1045405945596,0
846.3071154349516,11.041763007421242,0,0,369.7200312935701,0
853.4050901073078,13.383159473115493,1,0,181.5098412916391,0
616.2817614807734,11.129676432159808,2,0,475.79252162928765,0
460.52617496072185,9.032832004334422,1,0,425.6113030059993,0
2297.7067057698173,23.0,0,0,627.8807618293431,0
479.95029915842565,21.051561532953226,2,0,459.4955464139708,0
1276.375928178322,11.46798790862833,1,0,717.455916115892,0
1069.792391377685,14.736399278837395,1,0,647.5695971438158,0
713.4174064391057,13.502358361761233,0,0,467.4709522976447,0
106.68452300918577,0.0,1,0,208.08553282301892,0
2434.6618440899447,12.918498357682452,1,0,656.5759685881669,0
843.8384850213112,1.1861606906940096,2,0,482.992534092514,0
337.6091494988392,15.778349364193119,0,0,382.53572336113086,0
924.1875348487002,14.408276123863873,0,0,387.4461930851214,0
111.92852624353696,7.62064500049038,0,1,598.6369942260393,0
765.1878686607226,17.70012126390049,1,0,494.014136542864,0
1339.2693680073514,15.763748043127565,1,0,508.40437946197,0
569.6889016551454,7.856366197772104,1,0,559.5877675400757,0
3002.117358238627,14.561660341936024,1,0,216.66992370918905,0
964.5147190150133,18.62148466154056,2,0,393.82634535476467,0
3521.1693991463285,16.25299165639566,0,1,726.1088750806781,0
869.8236360136573,12.685754669198136,1,0,569.8430838176089,0
1208.4235565625127,19.923777517055285,1,0,562.3078933595134,0
1440.5194990478287,17.919865714963077,2,0,480.7313121956038,0
2421.341849950331,9.404206707629989,1,1,1144.842982967206,0
518.4418613397036,13.828458217137705,1,0,428.0968041328631,0
937.0895093542358,18.506883582144596,0,0,478.2404790304268,0
1089.8724818814765,1.1443157344729435,1,0,274.05970272207594,0
1412.2847086378197,20.350430738400476,4,0,346.99077410629025,0
1885.9758090379034,6.263607243765406,0,0,560.2231645132441,0
619.1526721258185,8.094974957845274,1,0,503.4687446950426,0
799.6016539266536,16.473357597240124,2,0,416.8627452885306,0
1228.4223482796747,15.266212111820712,2,0,771.3903732875061,0
1741.7259064379152,17.27766988245751,1,0,183.38162784225221,0
1669.5393094905605,12.842252530273523,0,0,712.3992445013129,0
1685.6321752693104,11.566685963381522,0,0,631.4757370761898,0
709.019260963755,3.08949352899519,0,0,380.0623884880627,0
1396.3626481536448,14.014115997665485,1,0,246.21766372204868,0
146.21248342660743,17.22225578956691,0,0,328.1462827082304,0
366.29675905263156,18.343270292183142,0,0,628.8970282053426,0
666.7281238003166,15.70915160923053,0,0,483.55618943679195,0
1199.7378147962493,23.0,1,0,255.62468292989627,0
550.8267816942157,17.635568816693713,0,0,560.3498439313113,0
926.7676010246341,13.40806081327886,1,0,548.7256212645311,0
1708.0346773563242,17.38883283090402,2,0,695.9031292678563,0
722.6833817634783,10.70022993426701,1,0,436.61371302215144,0
316.6388971180753,10.338587947848987,1,0,644.8362924328453,0
557.8568388558342,13.835808246720264,0,0,155.76835461038587,0
954.7108858732971,12.58353520291144,0,0,385.53173200930104,0
566.8455402432053,11.290884693643388,0,0,513.9380048517588,0
1232.7754770970498,19.64761714726815,0,0,601.6643876421703,0
1142.337020212548,9.359071853109477,0,0,347.7486327252962,0
542.9361294951008,15.127810085512088,1,0,525.018494772207,0
2546.6610666089036,11.02589844772962,5,0,936.3169316852044,0
1341.3307785726583,11.569317665755838,0,0,589.6813718592938,0
2894.6542279381533,13.08341578988348,3,0,231.8317599373601,0
623.6535677787108,14.43812577584982,0,0,709.7919127136369,0
762.4031953793118,15.374510565411107,3,0,920.6599998550423,0
873.7849385045026,22.21209622964161,0,0,794.3892782058033,0
938.9090232148781,10.136305985249882,1,1,432.0560129492388,0
93.98803198616369,18.3270163500112,1,0,257.99966361676684,0
157.12950409279347,10.926515884961663,1,0,488.59130944888074,0
1051.1125254165067,14.95434839315784,2,0,535.678018468221,0
1221.9573444395483,14.74413364515817,1,0,353.7211365276217,0
1967.0834384873638,14.77959293025556,0,0,712.9800362134174,0
1405.1862829187078,18.612543983024107,0,0,668.9342169245635,0
2755.946173304614,7.020548827681905,2,0,905.8520638060062,0
234.61082704634467,10.579782774799526,2,0,624.371917287545,0
121.20287851014946,9.81446836626544,1,0,462.37487843147403,0
412.382072604322,15.501434457937526,2,0,194.0106102321101,0
696.4166451296389,12.692537677119898,0,0,639.4567409592185,0
1151.8873763233871,6.261467993794063,1,0,295.23117835384846,0
992.3071047414976,18.879073268012654,2,0,913.6867923376911,0
1063.3972796520984,21.254881614749923,0,0,200.4968118828754,0
818.6590490964827,19.045517058640264,2,0,292.90132814582483,0
191.62144811322906,14.7848431352438,1,0,479.94436698209694,0
747.1173168951962,17.666079188107968,2,0,243.18367755641543,0
894.4258627238615,7.184519232098406,0,0,882.6094398704779,0
665.4791336199964,20.9119137284497,1,1,549.5450912037421,0
1069.5562640266248,19.087108349044506,2,0,657.1734065514325,0
886.9727424181478,14.30273910182105,1,0,540.9385831040244,0
2132.246433251105,16.961586510637307,1,0,1174.8865319341296,0
241.2268266339186,5.10088412338283,1,0,600.3518624337989,0
767.0563413233792,9.46751940461767,0,0,678.0450986878072,0
2628.8642355232732,18.300920601090382,0,0,633.9295284060607,0
208.69910281977198,20.111967188252873,0,0,506.8843288207284,0
1816.818245216868,12.372687341287902,2,0,1068.6887335195077,0
698.518229471862,10.62144234920654,3,0,751.1948631508964,0
963.5173411886744,10.40700798826234,2,0,294.6394178093292,0
873.5609837664373,14.597675651524515,0,0,617.2706510894864,0
366.10410842490717,11.14994250712873,1,0,399.6580013857416,0
661.0758121969997,10.765801614572863,2,0,310.9438301679683,0
186.89504293610463,14.299714446985842,2,0,154.5024264545063,0
342.1412056642621,3.9007507361807967,1,0,183.16930582921432,0
2305.4016972597638,8.006478841610248,0,0,296.4783676011686,0
1596.6974394526785,17.72421167602242,0,0,710.013298401312,0
666.0155479814505,17.534511403134605,1,0,453.612698105058,0
611.3046040300551,14.06936036087988,0,0,285.03364980345924,0
1203.650484962888,19.121758949299828,0,0,462.0680881592463,0
550.2151236590063,21.80970368593391,2,0,350.79606847809805,0
881.2640184104736,8.987290189975354,1,0,298.6828683029823,0
309.0509356354867,15.87154533094928,2,0,369.6385389438876,0
293.1898864020895,12.6891803993743,1,0,357.933034373271,0
1138.1333508275113,15.133286798244969,1,0,334.9132341003999,0
358.614271319875,18.455393386986987,1,0,556.3887478794737,0
246.30364313696168,16.38386276501302,1,0,380.142526878343,0
1643.3955212867966,17.567830757895134,0,0,502.18153874468163,0
1308.8078640750277,8.155377490890327,0,0,820.1226805282125,0
860.1331844706152,13.9059016081933,2,0,562.3138560557447,0
126.75494534073317,10.437857050317014,2,0,364.94048780239916,0
1997.8993667374011,8.269540197734523,0,0,446.52966797693665,0
1139.2286513595182,8.652988063822516,2,1,502.3835738719309,0
326.8416350683029,16.902109700481205,4,0,855.6796437070909,0
762.9084904025063,16.216879910511874,1,0,717.9338886055764,0
480.89863066469627,16.192530778544274,0,0,136.56640249624655,0
792.2705712928307,13.00692138560768,3,0,561.2842946806059,0
834.7015163077922,15.310417073500748,1,0,374.3936743675445,0
297.44973200379616,12.407982129729536,0,0,228.68506532959083,0
526.7397363235953,15.511352564772585,1,0,445.66494283802075,0
1074.7158284952293,19.877270061695675,2,0,554.1125880966456,0
477.05511927557257,12.64972550927844,1,0,488.5883779079177,0
368.08742609630264,14.976801983794415,1,0,720.4735290276203,0
4312.172832288756,5.9031490597542104,6,1,4.804140057774316,1
599.820009624309,20.080636238358007,2,0,213.3366785618701,0
635.3776746695963,11.525440633500754,0,0,400.55021802904145,0
1034.7532394711293,11.819895509096318,3,0,351.57299655937004,0
2220.2299702525866,15.154633820198278,1,1,176.30058791841097,0
391.4480234015761,9.378182799679204,2,0,336.1262700788547,0
895.6141654516841,7.025055507096743,0,0,665.3640610887459,0
291.55214175227565,22.52064814766421,0,0,386.68367792626987,0
1366.2173068039538,13.993349609868384,0,0,603.375632638808,0
901.5071844184384,9.651944825484064,0,0,497.6017054062363,0
1328.4876804141243,23.0,2,0,542.989370266152,0
683.6489952677709,11.63394405774802,2,0,690.4260653539603,0
322.4921160665883,15.405361125088097,0,0,352.3060541894553,0
495.71745952307475,20.744352352743686,0,0,390.1532780991847,0
304.80817544128917,14.409527063020366,0,0,332.2319455793325,0
609.4996525962088,16.292754293925533,1,1,361.4284882272148,0
701.9703249859433,18.67400831347827,1,0,492.5118970209205,0
883.9117546202197,18.756386944382655,0,0,932.0614137283349,0
11160.183513514232,0.8270869748236014,6,1,18.56120589072858,1
1734.0275428336192,6.487877011782241,0,0,334.5533394935516,0
745.1668205714672,13.28314867514016,1,0,229.07673410202136,0
2350.868260940939,15.986331678107488,1,0,375.1452101169835,0
931.0595745760862,15.690701626789657,1,0,605.7717856123415,0
1847.3614103826328,14.3153251474406,0,0,231.0805060464162,0
1071.072047210338,7.263283904202812,1,0,476.91451855065645,0
880.2934413505744,16.41955971189736,1,0,623.5255763148352,0
2019.1660573526983,19.561341465175538,2,0,353.03967509403634,0
1074.4194890826711,15.038136990079542,0,0,380.5305222733071,0
558.9219416748291,12.629354014549957,0,0,387.95424293558,0
1654.0763181933623,22.161226294494327,1,0,504.35169439458497,0
1407.8602212437306,18.33576564520299,1,0,418.0220382818817,0
3299.3627638723397,10.361203492542787,2,0,494.63338262581226,0
1391.363808830199,6.392789539672576,1,0,311.8851606143136,0
8698.453340813672,5.2112656930956405,7,1,48.2319913036188,1
125.52173976663322,11.392284109362159,1,0,676.6541838719681,0
1930.365128164368,12.395770528324515,2,0,632.1781269449272,0
1448.5075749887844,12.411652931026739,1,0,561.7853935581403,0
747.1897609578007,12.127725426493104,1,0,308.64356328311686,0
1425.3261506422834,7.112816750585521,0,0,863.018506468558,0
148.39528786720436,7.8911445576346315,0,0,370.16544762792546,0
1625.4336581764874,18.068082682257277,0,0,545.8344480578581,0
597.9104586258281,14.926985441882564,1,0,129.76910016072,0
578.5319841726093,19.45881745458322,0,0,291.23664289583144,0
718.0107274650425,4.192897954334812,0,0,228.07854822154135,0
1212.802253891507,13.091220946099035,0,0,265.8720817293232,0
1991.3813017816196,17.97057967286773,2,0,625.7167752130474,0
449.16261225328475,12.152914143568175,0,0,746.7242669538591,0
1060.716223475929,9.51205497621569,0,0,479.6691496977128,0
877.6889394553444,16.240263993024627,3,1,339.28556718040824,0
288.2223885262413,15.536019729489361,3,0,990.6593174831526,0
717.5316505284816,16.963847427616276,0,0,221.21713515539318,0
797.6518901193878,5.129448438606232,1,0,568.1304850743035,0
570.5954736424243,12.64000013845932,0,0,333.6668645887322,0
1583.4820676520176,22.86405862060545,0,0,740.0293376138887,0
1491.8599551180862,21.506384417558642,1,0,779.0027120724446,0
352.60335468113504,17.933992960586227,0,0,567.6370807104586,0
1151.49706038222,9.72015774018073,3,0,485.0098352021873,0
901.9695373459082,12.103952350367209,2,0,559.8857608309598,0
337.2942357877794,12.081235095434954,0,0,698.6478837123437,0
497.5033394367834,15.92382510885511,0,0,1015.9506475965894,0
132.6562461273585,7.293950940664764,0,0,256.768100926959,0
869.4761973652045,14.053486035626152,1,0,370.57597448073227,0
372.5273322419831,9.0217879637792,0,0,634.182116814062,0
1194.6633553266736,14.292193474417937,2,0,784.6740891661783,0
192.82463183509688,6.354924877926054,2,0,829.042307487174,0
378.65886553519994,13.6671327533482,1,0,179.63855491031373,0
605.2692957630929,13.428780429489372,1,0,764.1865429698832,0
925.389624093516,14.747941427853428,0,0,226.26120240130513,0
1889.2490475260547,16.98974306996369,1,0,316.1903858211514,0
1765.9894582639633,7.532747386350649,0,0,315.7814512923899,0
716.8992849014018,9.798977105805767,1,0,233.74638686957513,0
898.0884952809184,13.24411163323817,1,0,308.070737671001,0
1681.3723347348605,11.37169841378073,1,0,648.9990467510409,0
358.6276299525531,16.236332791255347,0,0,514.6581876277547,0
212.92278714920653,16.457932537952367,1,0,1080.6943466336616,0
2010.2949718799875,14.702129337224171,0,0,739.7291266380925,0
1415.8624073150536,10.34393505231816,1,0,1680.0475569781377,0
205.18277651605624,9.673946998231331,1,0,273.88677919795936,0
783.8487983293934,8.515241014226845,1,0,439.9133858024885,0
1696.9920380827762,17.21145996801651,0,0,363.30297701609993,0
861.7387008154199,14.649594522056399,2,0,135.0988102272765,0
316.5639120872204,23.0,1,0,670.8952809722488,0
1947.8005263213502,19.157079532170037,0,0,496.20923406687723,0
945.4616478142774,17.03627508877461,0,0,313.94966386660815,0
186.16646852612453,9.805072186351717,0,0,964.8309434771787,0
3679.1585241048597,5.534635730842952,0,0,374.79490940496987,0
273.16059196454495,12.741378296962413,1,0,513.0237948227167,0
274.93813609089136,12.147861427651648,2,0,339.0369163018474,0
1344.0279159029812,10.136576883129845,1,0,626.7924521547334,0
498.3853695126425,9.945295973276476,0,0,844.6641868510774,0
1968.3424202608423,10.257183899530613,2,0,455.2566165548954,0
143.2284411847226,15.360134483144135,0,0,365.8335616193895,0
929.9598200763218,14.712931460477872,0,0,306.48190155699314,0
552.1581101777358,15.56611995503282,0,0,175.83502101662697,0
447.25494434809303,17.84693379018787,2,0,458.4088565069562,0
1940.9173543929967,4.882536324752069,1,0,317.51840048654526,0
365.81525081040814,19.27899119233286,1,0,188.8673179063719,0
74.1445595538491,10.61869244693295,0,0,944.0952364393625,0
135.20028037158576,8.926041556546345,0,0,474.40028267597165,0
1655.5366563278324,19.05007858610658,0,0,410.61218814455066,0
403.8337537544266,8.00462341181226,0,0,366.9628529859656,0
317.23890378259443,22.782466408376596,0,0,337.23298947567866,0
1540.9973728115258,11.426187360408978,0,0,273.58293083312935,0
1039.0100106312195,6.998773856244117,1,0,445.2353483190808,0
928.1957617501783,15.126962910056353,0,0,657.6656698604071,0
768.1027864242409,17.601307617763045,0,0,403.9056143989907,0
1701.5002042429865,10.478527152578977,0,0,679.0543472706967,0
553.832199029453,10.005505509534348,1,0,689.986848841991,0
440.48800543854264,19.344592076190168,1,0,439.703384518272,0
153.1170310645958,14.387991948726684,0,0,737.5309958144946,0
702.8750237162445,17.849269788857367,2,0,378.85778999606873,0
982.4011850139832,19.04376035842022,0,0,469.90977164829167,0
200.75633112511196,20.408027207479712,1,0,568.729469369597,0
1006.7165963133107,15.6033152388132,1,0,207.45358182824822,0
550.3614966069221,22.721556262116366,3,0,1173.4180499284082,0
2337.3230733383866,14.527503748981395,3,0,406.5015639734226,0
207.4392986115676,23.0,0,0,278.77144451675684,0
543.1799387777792,8.83592795245901,2,0,232.40383559963195,0
526.1080017977048,16.394374850262263,3,0,729.5418694945331,0
1215.9683796139445,20.08583567448322,0,0,322.5237173827628,0
1064.0723931434563,13.972064330159084,2,0,315.9523323387121,0
2105.702001849311,9.803240208536836,1,0,424.8612722385352,0
1931.8501651788874,4.307365815301232,0,0,973.0228527818554,0
561.4696222124921,15.336053275725279,2,1,221.9815651577751,0
1876.2773936249112,11.269083182790906,2,0,455.3454872090643,0
1529.6934706766187,20.017300284501985,0,0,291.2525326843149,0
290.745088510256,14.870280196715104,1,0,502.8145316570277,0
326.3644867624881,15.49575486478723,0,0,868.7465022960074,0
634.093555415686,6.126353133289535,0,0,286.9893858196252,0
354.66275478791243,6.8457070803380855,1,0,393.4583318920791,0
1233.2892112858833,13.08482757503155,2,0,430.35974998753846,0
63.603066501160804,0.0,1,0,177.2577012597697,0
2106.4022903057394,4.670801223982821,1,0,578.974395547939,0
624.2531289944934,15.542161904648006,0,0,525.233590445713,0
1484.0996759613531,12.136448476901254,2,0,398.8776262642459,0
859.0565189100244,13.359357927901094,0,0,337.9761923153833,0
1975.6292738114776,11.419759219491109,0,0,715.6881614532424,0
623.4641307923563,15.367607837375086,3,0,571.2838013511761,0
1783.8990317754478,14.324119493777202,0,0,604.6052605698663,0
1593.6179339122707,21.0138215529035,3,0,321.92691583514744,0
1370.7141260933417,14.356156987295073,3,0,391.494205339683,0
296.2072603188958,7.745841467577977,2,0,215.1431172379103,0
216.17295206979276,16.394105944899135,0,0,345.85607799901385,0
808.5742366288989,14.759095463718793,0,0,702.2922146165821,0
518.9730198685281,13.99795407050865,0,0,409.19815448968376,0
1213.2909437060766,18.587310767968603,1,0,1150.4223825281363,0
2349.387631762101,11.748027795922752,1,0,713.503668517497,0
1444.8686780091205,14.46772729693073,1,0,330.825499722087,0
1553.0695843091853,13.37382642642348,0,0,290.29783885370665,0
719.0985462725978,6.720174787826891,1,0,518.4824200352055,0
379.6787348846485,12.129132075982813,0,0,434.9742513483804,0
536.1573104363162,7.314238945794043,4,0,527.3608695756228,0
2155.6963568882334,19.14239504595055,0,0,689.9709221297372,0
557.054182879027,20.28221486898191,2,0,976.9451903746819,0
1767.5192901449043,17.030425914401658,0,0,492.0976667556804,0
1991.1639921719782,16.1372770234847,1,0,666.1403367981525,0
412.9079674066039,7.308290873390303,1,0,732.5338391543942,0
324.4892485169989,23.0,0,0,228.55626909884944,0
396.8863844880447,13.2551416761782,1,0,409.81054450032934,0
1486.4932535405553,10.377555693083954,0,0,492.5977881225597,0
331.7899302317475,13.524789981535397,0,0,1325.2005346235603,0
176.55777367883013,18.959133571690604,0,0,645.5462608729059,0
453.85414839645864,11.496227906546482,0,0,264.890687616526,0
677.6171101034764,10.862612578094232,0,0,493.27914225309326,0
1659.5239850921123,23.0,3,0,796.3822174417952,0
1318.9226522461254,20.080258626142204,0,0,323.24223872563647,0
822.5351098419686,15.602383947057774,3,0,1282.297106401931,0
217.1460662563443,16.826275281289934,0,0,484.3208580779314,0
560.8844273311863,13.374125398525688,1,0,336.5320961941044,0
148.35103512642831,23.0,1,0,756.0769455140302,0
478.919929553626,11.433112562426754,0,0,519.6075945588746,0
1154.7642811365947,17.423124981559457,3,1,364.88435751415864,0
2058.5804970375407,9.93200372820607,2,0,273.4470057057195,0
593.1739926912163,13.158788982347401,1,0,644.812694545962,0
1583.3958441079274,17.343987329326325,2,0,486.3901892790807,0
1122.0502805574727,9.564187058185727,0,0,423.34769989766636,0
1420.3333102819636,20.41054195713256,0,0,569.3193030440883,0
628.533818440398,19.24041832285943,0,0,546.9061363500983,0
933.4924485042436,11.533120362513237,1,0,331.43771436667276,0
447.22241922672964,6.342697867386465,0,0,412.95983033119296,0
2022.776321289412,9.292085167662876,1,0,551.5304289355312,0
909.7516460084106,11.69150642206208,0,0,528.7261858746712,0
1237.6164506509888,10.905112157964524,1,0,460.536373504912,0
610.4679518653877,13.59691817592459,0,0,311.7323243780194,0
2011.5727493538614,14.118618133162379,1,0,580.1793922094046,0
1227.7917353540658,16.82598602918765,1,0,432.1233693575114,0
475.0967668335598,14.372820310302483,2,0,718.2449031760591,0
1243.607388063306,11.958316596771581,1,0,641.0960634877129,0
370.2680864702432,19.912382832248426,0,0,254.7802206186987,0
1206.2851758445847,8.887720496253243,1,0,438.12719617558537,0
537.5234388732003,5.085624918643335,0,0,433.01749650725736,0
340.71249791043147,14.460606410364857,2,0,308.0404160108408,0
1820.7644938570688,10.834068303173833,1,0,576.3153799269757,0
693.9080553817954,11.899569975328918,0,0,665.2038091663867,0
1578.62282373463,11.534737517648328,0,0,198.53001578917852,0
541.7870162832489,13.01609083308632,1,0,327.49400029756873,0
422.4250040298363,12.493904279734089,0,0,778.3599663568257,0
502.75883275522494,13.862220317422166,1,0,328.98710578359044,0
1079.5312011508786,20.646278147900407,1,0,258.64529979343945,0
897.58042023944,10.91925935553686,1,0,502.30448835389325,0
1197.7225311554885,9.290986338375223,2,0,865.8594276814446,0
1368.6804947075857,20.895116204856453,0,0,295.0514177319518,0
1509.4799487647579,10.787339155968814,2,1,176.39908878362385,0
550.7270735319329,16.205270564078223,0,0,776.9497436979913,0
1263.654997278808,16.43494069418532,2,0,446.3480316876887,0
623.9628032717363,15.623716601755476,0,0,493.36937648363426,0
687.0095854608265,13.397785686794117,0,0,544.7285280715154,0
711.3301751606614,16.92584372104594,0,0,257.24835859077626,0
389.1225058211707,15.590711573481864,0,0,348.34455843028945,0
8777.912316402817,0.0,9,0,27.129753286215333,1
799.7418017016345,16.531392357437937,0,0,275.6929210707222,0
730.7713091074052,7.826026243907402,0,0,353.4228855612983,0
282.4309877865229,9.519576510599755,2,0,677.0385187693497,0
1265.9826792437987,12.053944274016182,1,0,353.73251859307186,0
230.90487899928164,4.817555807147867,2,0,298.3747584061442,0
1390.9003224772537,12.436706349927034,0,0,276.5900222555791,0
521.4356643089938,11.204527139475301,2,0,222.97279607347073,0
2012.2337262798053,19.61651265556928,1,0,262.8514283499025,0
1319.830164486951,16.77928225775928,1,0,399.0791047458768,0
2045.1052842056638,14.166050899426864,4,0,344.82005738571837,0
819.034880970501,17.733424280473397,0,0,829.8584063005715,0
234.0258497545197,11.681211526002402,0,0,657.4876985749208,0
340.0407209208808,12.238913405512715,1,0,415.79149006542633,0
1223.1808082168282,9.377435631255157,1,0,539.9550403682972,0
355.0112479417135,21.178700304674408,2,0,594.8110806129694,0
1212.4483767014199,14.082204643096908,3,0,568.7041224530403,0
357.9752358317944,3.488473043275299,0,0,308.7451316878559,0
2557.7718538435656,19.52544543417722,1,1,481.34735633153366,0
706.5468813333853,8.46287477199645,0,0,729.8067023348079,0
498.98627091049207,16.67056704105893,0,0,771.2940379429655,0
136.20093422205164,17.828902697401375,0,0,623.4980290722187,0
1511.9225525425454,12.78048525699579,0,0,299.9136410489576,0
1926.0889165132326,13.530238171838578,0,0,712.5206706935076,0
562.0184952388977,13.190853684928218,0,0,194.57862430478892,0
650.3240751587321,21.938464841130717,0,0,569.6576532895881,0
1297.0068013477696,10.038620229142644,3,0,405.58450161463117,0
692.7015607993335,18.687237575757685,2,0,409.9689377363327,0
541.57032240219,14.90280469098735,0,0,856.7848008001391,0
1207.2072591321062,14.193693045958534,0,0,344.16594237716805,0
1796.4367283993165,14.934181187657384,2,0,489.8234507921144,0
2728.7957354748546,12.76658316205794,1,1,319.25779611747964,0
979.4460553654409,20.682970377722498,1,0,364.94394146225926,0
1472.3221496764763,21.965468090826253,0,0,412.70027474381317,0
1089.8717199257626,6.263792012733909,2,0,476.30908099873596,0
349.70203878278426,13.545395984381022,0,0,713.1268343421619,0
256.62499688728275,13.263118874010908,2,0,489.89595654112907,0
467.1950980567777,10.94770867136112,2,0,405.9325827832928,0
653.5162544910993,12.072304512938697,2,0,672.4342613258895,0
650.9985382326274,21.24706884498434,0,0,1005.3087351491055,0
451.902894995915,15.805009730885509,0,0,681.7591968241642,0
406.49196585471094,23.0,1,0,681.3289326126285,0
10374.569460709843,4.515902294595409,4,1,9.901141190559672,1
1177.4964622308034,14.039702615116191,1,0,882.7396093284723,0
910.8634525577555,6.323118632121551,2,0,283.09852060777393,0
546.7006287704177,7.549996008815832,1,0,692.5826318011025,0
1614.5825774394916,13.305136342224467,2,0,773.9555870622406,0
249.9931386316904,16.89790623992402,0,1,459.36581066369666,0
1539.5395316421195,14.314499587033202,0,0,533.8057819931058,0
558.5840930290741,14.600319478657381,1,0,589.6827126760246,0
892.3799047526093,12.126080749808041,1,0,505.49333723660175,0
316.9008372168016,16.595163705457587,2,0,266.26521514444306,0
731.2516877890772,15.556976787060094,3,0,509.1536013248209,0
799.9129059411698,14.317233643326686,0,0,505.9150806790335,0
657.6012683769359,8.095670300995948,1,0,407.6188192181989,0
1286.9964179290753,12.835224932757331,1,0,470.6910625137597,0
497.8822399524027,11.062743625721463,1,0,272.40702237673247,0
620.7328634958631,9.662928353804624,3,0,408.2427905983347,0
2104.8527892027996,4.472133235137349,2,0,367.5011998425013,0
1708.6218603134573,12.759514751840948,1,0,374.77336197693194,0
632.0796215011648,14.176126531739055,1,0,658.8298618979234,0
280.6614591372349,21.755498995984677,2,0,609.4575472315948,0
586.1323366327227,16.77998525785722,0,0,545.1429778938309,0
2399.2264149314597,12.715550080375555,1,0,376.74799572360916,0
1082.2125860083067,23.0,2,0,817.0923843486747,0
1961.0911363367588,8.325129175503713,2,0,727.7819328429755,0
326.07878185980366,11.15597291417346,2,0,696.1800114031732,0
652.7737985847584,8.026341331211542,0,0,798.3765086588312,0
958.3401562025248,14.211248022134175,1,1,318.92336953626983,0
1341.9546833918012,21.129551661606804,1,0,566.1225071816235,0
508.55552007634486,23.0,0,0,213.77045282856562,0
1452.5744535920771,17.194333480144245,0,0,188.54533472464666,0
1113.553374786111,8.605745193357052,0,0,246.1815390905442,0
1117.2617040349464,18.541555206059204,3,0,817.8801720903039,0
1757.0327544789,17.297869787033285,1,0,362.08276992350943,0
1102.7940461518228,14.929806267803993,2,0,424.4257938187957,0
1053.1144949058666,0.0,1,0,467.9651305130692,0
1211.9571041879321,16.132696450132713,1,0,591.2828205529855,0
1079.4710318088935,14.406235381199012,2,0,285.72237972223894,0
1122.9110386771345,15.174615252486053,0,0,1330.4517124115714,0
781.0838753152698,15.486762714137765,1,0,247.3460716056567,0
203.6650819320219,9.091546419214612,1,1,662.6222441150318,0
830.880186723529,12.44580425862501,1,0,324.2675489469241,0
396.06347906050553,12.249044848229993,1,0,587.7995660665592,0
604.400547491587,12.122636938987807,1,0,295.97465921921184,0
1200.4423020527797,9.790434795829723,1,0,585.6696564694312,0
2072.261931397887,9.29966272304074,1,0,488.63436484206454,0
524.8731211099353,8.565431525416438,1,0,340.85156327661383,0
762.9476132407664,12.488557784532478,3,0,658.7935688259971,0
347.757351742211,12.359648148176618,0,0,455.6264839499497,0
955.7288033517823,17.57408344240036,1,0,575.3124084319687,0
2266.8703219936765,15.26096075349046,2,0,719.4227946610661,0
799.6999557035303,15.569675361550827,0,0,473.160938531596,0
471.30174304350675,0.0,1,0,397.0902653507418,0
1655.8061554925675,23.0,0,0,429.10714190621616,0
426.01472842958975,15.220030315713998,0,0,587.5784578760132,0
413.6718663967485,10.139176565676742,0,0,405.19029087947314,0
1037.1871300803512,18.12442018864392,0,0,537.5175948776465,0
830.707091974071,11.21860467564795,0,0,596.3686821054413,0
1550.011236898181,13.140874776616407,1,0,647.2586289509286,0
678.2361003511194,7.839007668434476,1,0,1030.3633352702648,0
1880.0449330206807,14.009564680104969,2,0,702.0499329541782,0
550.9440254175556,9.0724990820983,2,0,708.5955305845406,0
275.0092504160329,21.909380467494938,0,0,877.6810199811956,0
1294.855084040352,11.085168903690537,0,0,720.7069679715676,0
848.9915037760331,15.878069385728287,0,0,662.281448523467,0
382.29322039019405,16.407270529065705,0,0,737.9583985573086,0
1729.7434956110578,13.075466914915062,0,0,690.2852283121017,0
624.7622830390424,5.935745326179157,2,0,267.4530008930892,0
1119.495205870181,23.0,1,0,443.2651562656299,0
707.4008460037562,10.143113868301953,0,0,742.8790523259513,0
728.1926237564883,17.992193629912766,1,0,432.3920964389725,0
1026.9107928450633,18.977592885814797,0,0,374.2189970839852,0
967.9421334722183,6.208850757160649,1,0,394.4265777946268,0
2715.3531312326986,18.490619162906295,1,1,437.2079582033392,0
231.47254211089074,9.813089578252127,3,0,959.0275157593273,0
1596.8606087851622,17.92085086862238,1,0,454.4241948078137,0
1418.2692006031791,3.643779662782139,4,0,261.0445684221429,0
347.8982912737628,10.770755058529907,2,0,232.8634764723125,0
356.34901208510615,8.750432273152363,0,0,665.2183387478196,0
2795.7567914704223,21.35725651283999,1,0,453.59455419766516,0
448.706771516833,16.518353867310864,1,0,278.74887465648453,0
1702.91684049139,16.64388579454381,0,0,348.8224276068377,0
1062.0956108209455,11.827749001757768,0,0,279.25370686155105,0
236.0571556462568,22.87209266440002,0,0,256.23557716826394,0
916.4968750122201,7.6904051158117905,1,0,469.46165955102146,0
641.3905900068995,20.113126381379626,2,0,244.02496637842353,0
1198.0788924174901,22.613548553603643,0,0,646.4103722973613,0
167.24002078192242,8.737870198786638,3,0,453.54476449926597,0
298.0197547208112,8.332145894762723,1,1,666.2462933363099,0
1617.6796986020083,15.05142281947614,1,0,218.6876203522493,0
2856.920568250922,15.38921404735924,0,1,252.12663757489494,0
449.6257973718675,5.6690538098669645,0,0,703.2965464538541,0
1745.0363119683748,4.445108107273709,2,0,294.11981185702405,0
350.09315404021794,10.699179566932202,1,0,408.4247615524487,0
1359.4927292074597,21.964260321859935,3,0,646.6685024681389,0
2928.481324652808,20.08564960578056,1,0,320.4403305239311,0
288.4992608382889,12.89435886042939,0,0,233.19931983707707,0
499.15380517694047,18.465339134933863,2,0,411.13667103481947,0
812.5422595799542,15.792738569396139,2,0,841.106752641085,0
2092.8530302580643,9.549027133888286,0,0,331.77326009378834,0
1499.2237238216123,15.10905574165481,3,0,614.5126520378428,0
1217.4667622809518,17.232489827979965,1,0,227.9176667621125,0
721.1452674937694,3.223186644710413,1,0,559.2352414231907,0
714.8813927391803,14.486443642696457,3,0,263.6806567320541,0
828.7940817144016,10.234442099013442,1,0,360.8421534812445,0
1157.0291113090611,2.0900436343167073,2,0,450.58399472452857,0
173.75325468357246,18.56640309020142,0,0,394.93178383953136,0
1068.3056547002218,8.313298996949229,1,0,1267.8616870601254,0
2449.727774612832,8.647585495632972,1,0,257.98542617297267,0
518.6335222211135,10.784230013994442,2,0,298.61712215013165,0
621.9352491638501,23.0,0,0,599.93318373916,0
1482.0228417620442,13.085164797167495,0,0,200.3592233901847,0
1541.245694665027,5.019176704157093,1,0,609.2821891104558,0
1261.5433783884587,12.52415701017112,4,0,314.39876005038053,0
101.16796640994514,19.46250402127989,0,0,491.4357190234516,0
1964.9802803637372,20.096150687960193,1,0,571.7436212800421,0
1295.8530884483177,17.218198537665565,2,0,561.7896465239368,0
2545.878421261171,15.144637013513771,0,0,470.63554533747407,0
1696.275325374113,16.895224489689184,1,0,269.6851452697346,0
1356.8162833262254,16.952261503923623,1,0,421.4500437687912,0
498.1515210059539,16.540964695859522,2,0,349.20112124478607,0
531.4384124095001,12.912353080832254,0,0,423.7625166430047,0
1799.4453354996774,18.145633858107992,3,0,575.3398395173317,0
1460.6450743312691,9.919679057541188,3,0,503.9521824430098,0
1447.9703754193504,20.184243536770705,1,0,331.0451767721875,0
211.14503060485055,8.324199351570874,0,0,213.85638378510703,0
559.3851946727034,12.771733239372331,1,0,572.5790189626584,0
257.34464294311283,10.475742446379716,0,0,456.9806008551211,0
836.722711746175,4.946002108401595,1,0,632.1154805401487,0
6805.116342257693,16.592564168013276,1,0,617.9037224627042,0
228.58131229964897,4.4809806625936695,0,0,364.7514185050424,0
261.95702548130214,12.988499949564426,0,0,311.73062427739,0
2980.3142947724855,19.88785207074732,3,0,692.0211828947296,0
314.6499920460635,23.0,0,0,237.58633625321326,0
286.3264488610136,14.574486067410792,2,0,501.8685780631055,0
1474.4776434231592,11.42567668798109,1,0,314.6315357791536,0
1090.3724566875296,9.912530293926041,0,0,551.3063876934542,0
792.5829366256779,23.0,0,0,289.83462584683235,0
349.901414271624,18.76847566317887,1,0,368.98591861036914,0
1518.9379484754859,7.831529178357254,1,0,940.667471985609,0
12858.567179846563,5.631225469119419,8,1,34.02236269803454,1
512.6216830737751,5.244456970638399,0,0,603.4758275412917,0
956.856759039,10.488897569622104,1,0,200.0811400247364,0
361.96289776149564,10.332689544155178,0,0,596.8021027429614,0
1646.0988604414792,9.480748769781696,0,0,335.5415333845774,0
202.6686773671565,17.266254726706457,0,0,113.22184642583517,0
2417.3426950255466,15.52930135376019,0,0,576.9950031442361,0
1864.6830625028488,21.691974922191392,1,0,569.5939763765489,0
116.73551257847129,17.029660471622943,0,0,347.2484773703236,0
550.520798980564,12.784095259614494,1,0,264.65593962656527,0
700.0115077754753,15.925540160631897,1,1,279.00342049900036,0
362.68686417693675,0.0,2,0,875.075662259975,0
1902.3973606754328,21.567224876945755,1,0,529.8569108368366,0
1686.5666617120444,13.893598099213605,0,0,1075.149472105082,0
199.13008783991847,16.8451407299073,2,0,876.5142204376332,0
1375.6741097966408,17.520256149835273,0,0,333.68135737281614,0
1073.9746304176754,20.051619249707766,0,0,228.0280750617526,0
1156.7635165181227,9.275218646101251,2,0,387.1249913598804,0
1066.2296334099217,15.384565978998516,0,0,363.2029008842586,0
1661.1971049711653,12.220854362982436,0,0,473.7032088560524,0
1684.5518460559804,17.878826926413623,1,0,438.4719269279802,0
1793.877839060888,10.758632229136687,1,0,582.4643469397181,0
698.2132267352983,16.558215317347873,1,0,759.5566714375483,0
869.915982193819,17.281926504206613,2,0,624.8823124369383,0
188.09986234326098,17.476346135443737,0,0,328.57810720075895,0
286.8155794129983,10.09325599214618,2,0,758.3826872540022,0
124.72571967938568,16.624068515046748,2,0,621.4262590826047,0
1323.126524594925,13.423071291689174,0,0,281.04874530558135,0
499.8708580954114,15.397077673018162,2,0,578.2414217726429,0
1167.9175865169152,15.163300459872097,1,0,781.0158338004355,0
1433.353115482111,9.75430176743504,0,0,590.5160809367551,0
837.5676252844629,12.658850323301067,1,0,470.13408652641084,0
3037.221731488994,4.200205739815697,0,0,757.0809864574003,0
339.9348905945484,7.840657229216948,1,0,228.85389078653532,0
635.8927531805341,18.692979015875558,2,0,595.8152992721764,0
1610.578784739117,11.14414991781403,1,0,553.8867498752757,0
1323.0268490087842,19.40310604477084,0,0,557.9022419129684,0
1554.0907962015356,14.433937131370206,1,0,415.7295406955223,0
1356.7161327894228,20.269658985877403,1,0,157.90168868665035,0
218.93686694539662,9.735358388520805,2,0,374.40782483824177,0
497.52858582891383,18.55350485512316,6,0,102.69917874414772,0
340.637888788898,18.994839176583103,1,0,262.3635790528733,0
2515.973529590749,16.054604969408857,3,0,237.58169877017528,0
809.31608445017,14.859604244537227,1,0,205.62509774335385,0
681.706776973963,13.328863080330297,0,0,400.7672605356408,0
869.3441832992454,13.919630569189627,2,0,474.34602583609893,0
1662.4792215951554,14.439807793089711,1,0,537.718947864411,0
637.5275241820401,17.1533993104894,1,0,867.5455726052095,0
699.1332984784431,12.424208468423632,2,0,236.9298255821331,0
1062.6242268447043,20.8292831266567,0,0,854.7809601841145,0
1031.7673570784902,8.03551903181608,1,0,473.32112420655204,0
703.1143194950545,15.236470267434157,2,0,505.86188293774575,0
641.0258132186473,14.734316047282075,0,0,532.8504093205291,0
1350.375621363263,15.838277733943873,2,0,890.283799311316,0
394.93275669533153,20.67672678368521,2,0,366.8243746722513,0
856.9900120347612,6.874940082888246,2,0,297.98582589318545,0
2048.3463955391585,7.259828742274853,2,0,426.25357973093656,0
147.77160802514996,14.924164441795464,2,0,753.4915262240429,0
657.5466442730801,19.43659189329314,1,0,213.2353974987912,0
574.3490251444888,15.57545471607852,2,0,574.298641349341,0
1192.4888944762354,14.147163502099964,0,0,557.0176933318915,0
1222.1395785376826,21.44300970975997,1,0,504.1421649131165,0
1013.2451665695714,14.717115937672922,0,0,625.2603336100169,0
1715.4292152242044,9.170641828724516,0,0,790.2796823408825,0
539.2240345655562,23.0,0,0,873.3935904031542,0
1133.7706417000616,16.086996387682643,2,0,450.0675276662098,0
829.7263354357283,8.014724975867948,0,0,282.6035793756232,0
252.96792391069945,18.106005748759117,1,0,621.6891655257756,0
1044.4272675581321,19.640683735609674,0,0,395.64709504659953,0
211.28995984224895,12.418962323685863,1,0,606.1073032131148,0
455.5222817256632,21.348219433292122,0,0,651.516015399269,0
128.48630832115262,5.985380434045052,2,0,590.1895826307906,0
2760.217834413648,0.0,1,0,708.0742223494353,0
928.676561564172,13.976381182736397,1,0,150.86233425843636,0
1068.4150841493708,15.217203571200649,1,0,553.1289484422829,0
144.40574740709616,20.49612212173147,0,0,294.505351349263,0
704.5142203422298,8.530053970243188,0,0,589.9930374601128,0
1392.06791765292,14.192866209881268,1,0,444.11701996271836,0
1483.5335683327692,16.964237991299978,3,0,631.9603962362114,0
528.3734992214783,19.336773549580897,4,0,197.286079349871,0
192.40576481926618,19.877203224779326,0,0,759.8277032733247,0
90.3380675949594,6.707117960770088,3,0,292.6016628468241,0
635.1251793303683,20.21475101521031,2,0,876.8009205269507,0
483.12655501907426,18.706281983344596,1,0,411.51082664457715,0
516.7284946688414,14.263110650086306,1,0,396.3048105456376,0
920.0949303649209,16.877580607720336,1,0,576.7291240058892,0
1492.2682288034907,14.151893382064793,1,0,676.3490140138612,0
401.25143177319626,12.510629383569182,1,0,360.20460876380736,0
800.9702260476341,8.439113008018547,1,0,235.13498253064978,0
735.4441688345086,1.5691671613932172,4,0,215.63974578413442,0
454.0038081963553,12.077087781398935,0,0,171.753780768259,0
300.7865116067466,16.744892321018526,1,0,606.9147999365557,0
652.5071279315829,7.958711291894876,2,0,575.201280218041,0
1628.006782339517,12.036626732369578,2,0,192.2591845678628,0
3546.610412251625,18.3705704090893,1,0,726.7057932612095,0
899.1106042285973,20.388166749039044,0,0,246.48690956270678,0
450.3923402701792,14.713757936732138,0,0,457.6723236984781,0
504.085258636646,7.813725085626861,0,0,363.0168809226845,0
720.5572440566954,4.762999695722117,0,0,1088.7647423598005,0
492.73997707028474,11.44750720618202,1,0,319.3902282521103,0
683.6549576200983,17.80159657879712,2,0,398.34993802897066,0
547.5425191486348,10.319014578086628,1,0,474.25123933047325,0
774.0099387328248,6.178348367754533,0,0,343.5290421932227,0
1638.7379686871789,17.799282525297297,1,0,792.3389482787711,0
2451.1315753148388,13.678037792801964,1,0,872.9615470588793,0
289.3024155520161,14.308909115967607,0,0,1011.3590099763567,0
898.8860818877613,12.512776226778836,2,0,285.7701914488115,0
1954.241185931792,9.049124807147745,2,0,369.72765346880396,0
84.9993036550052,16.652259265445753,0,0,672.9472030833025,0
1290.5408734173675,16.208125339071085,0,0,501.3905343581104,0
353.5527158304117,13.541050765936044,1,0,325.404572540716,0
2878.526000375973,12.509779129017566,0,0,753.756469639293,0
256.6051047715238,8.131505946231332,0,0,498.05779860270326,0
1360.0636823583866,11.475108824963506,0,1,284.419193690215,0
275.5874714081621,18.121220273766276,0,0,443.21042913390175,0
85.4516824087272,18.68449597152053,2,0,602.314351875581,0
1541.862632025689,14.078478066379118,0,0,639.4801648276764,0
1056.7641428915067,17.957638683638866,0,0,407.34614701299944,0
2333.1389302275197,18.06893372461048,1,0,545.9961540419418,0
510.76227971453426,15.90720762659519,0,0,361.6777806312327,0
304.67450896686546,14.363447315177165,0,0,501.147923372824,0
174.52675950871603,21.371564696458627,2,0,634.3598180471556,0
1425.4853119785912,16.011955845141028,2,0,465.87323910647956,0
1323.6479585454497,19.377500105653183,1,0,297.05814850931824,0
469.17767599890993,11.042558714645416,1,0,656.4509199284233,0
925.7795921258909,12.250460847628945,1,0,740.4608205804934,0
1543.0579683389658,15.992054120750561,1,1,558.2705418465686,0
2206.676187655785,14.484668128653697,2,0,522.2708924108977,0
1926.055311804531,13.751977444206101,0,0,214.29286807285058,0
1880.4836493444493,6.930154332964432,1,0,493.0657453304364,0
1427.720742693199,17.27977811109399,2,0,231.77511469108794,0
427.7856628807353,11.986637200288989,2,0,495.79984083812604,0
1960.9883998733417,9.361824245562447,1,0,692.9811683274389,0
696.5049236591553,23.0,1,0,447.1916236077525,0
443.5911075217119,12.809152288120142,1,0,213.94766416901496,0
414.2429189722493,14.26186419862498,3,0,659.3396884904912,0
1832.4494731530908,6.463432092590691,0,0,305.45114443562727,0
618.3145778501374,15.227188112893945,1,0,249.35018712108499,0
1264.0904678597906,21.278374287291786,0,0,320.1734902589098,0
280.93031353938994,6.884198614257176,1,0,577.8453992700807,0
66.1750034527138,18.615484735312638,1,0,783.5620528879583,0
1516.2304274831056,9.995795419186056,1,0,432.6349421549641,0
819.9537112007545,22.252604515439867,0,0,880.495970812245,0
685.5302317196843,14.419907887473773,0,0,368.3552756127152,0
677.8561528304703,15.55814411862365,1,0,335.4917312838261,0
2325.6940972006123,6.685610815962853,0,0,422.0381128597098,0
271.1310112953285,13.495695384604875,1,0,133.9077642792688,0
487.44030314791706,15.355921025219386,0,0,434.6556074174218,0
451.63341311791834,11.085352522003664,0,0,716.995374983485,0
1223.1588645505353,8.589742271038013,1,0,287.287704143661,0
1142.0321569548737,14.063064171761212,0,0,249.26714511090614,0
1230.775375332149,23.0,0,0,203.84314786225968,0
1173.0557006467407,11.618043019322279,1,0,322.9833115970782,0
609.2917938967491,17.992840633742162,0,0,216.5665871114306,0
1065.6088594059067,17.789615170056194,1,0,255.13386696629902,0
1032.861260014961,17.305690066690183,0,0,536.6980823860832,0
1112.7088861278535,13.385569790115435,0,0,516.1861501733664,0
514.391702555289,11.37013970298008,2,0,92.05420108919003,0
598.7278812952176,6.414483164084454,0,1,607.2901076090665,0
367.7865273770033,20.019794825051168,1,0,593.452860322591,0
1059.7320210320343,20.626861293950956,2,0,656.8332946645362,0
1927.9619549511106,13.238945244971976,0,0,335.3344209675108,0
510.5531495732939,11.249275508258009,1,0,1119.1663951452056,0
1424.193646500382,9.977286926529587,0,0,824.8627728803459,0
19423.98307573844,2.7021312027156363,9,1,31.91960289826074,1
505.89717711654856,12.661721149972232,0,0,781.6976886565443,0
1158.4087029199084,8.170399985215196,0,0,376.2019899734723,0
1259.0429403373291,19.863019793715033,0,0,492.4496082554173,0
739.943304325321,15.160065442040143,0,0,239.40444937227383,0
235.80429931205737,16.519299670862452,1,0,253.6061181099637,0
1183.6368894031507,16.962105036936535,0,0,379.9142508474637,0
219.06614632931002,19.860631547946912,0,0,634.0565636854808,0
1155.521012143037,12.13416880748929,2,0,144.2153656579172,0
266.08673044607053,14.175292089355569,0,0,297.1752855243214,0
1018.1862960426557,20.712299447033548,2,0,258.5756873858593,0
630.0102911556447,13.10630940155033,1,0,828.2169642378626,0
1866.2438478250924,7.7716556532999626,0,0,495.171901626172,0
1343.4676039515616,9.940133536358445,1,0,623.6256600854804,0
2844.3622221534156,6.317701482269391,2,0,489.6209184766412,0
256.9231601872068,16.98731428940676,1,0,832.3641965904042,0
735.1343886787326,19.05185425095166,1,0,226.13920075089817,0
1092.7278992028,19.79885981188847,3,0,365.2544366589657,0
1720.262124128249,21.131171290398825,0,0,357.30354634753627,0
879.9144939140257,15.894896811817153,1,0,440.37997645952134,0
313.7429177320425,17.297292622196775,1,0,310.58228813667387,0
981.1771847672587,18.033870178561944,2,0,665.3139009065544,0
600.9730076718348,12.334985140068452,0,0,364.8863028323204,0
171.04895396411362,11.351849436491486,0,0,268.3724552765337,0
764.0817892770117,7.381022777015705,0,0,737.7305329509139,0
1912.9740887985618,4.8704945294369715,0,0,463.4354193955938,0
1042.0104568771935,3.2280814682963808,1,0,380.72961297287964,0
745.9661371220384,19.935636262040127,1,0,334.3561342417379,0
443.55686193492323,4.297848872458198,1,0,257.3176411737944,0
377.05138451607166,8.138966910721935,0,0,423.30633660638694,0
2875.257240080396,16.521720873146606,1,0,287.2610590227848,0
520.6913397606556,7.118893897978369,0,1,584.7436392369837,0
691.6803278480171,9.255840641883285,0,0,465.8859301150418,0
432.118557439825,17.096586547997948,2,0,474.75709034491433,0
349.2847245272968,22.8544110383022,1,1,822.7462793808762,0
460.86146807718853,5.401764299548239,0,0,367.86388043291083,0
2115.5963996176715,15.192920939653025,0,0,356.36757686919185,0
331.5353033177756,17.94090004572572,0,0,472.39650056601005,0
1365.3489939487008,9.794393162198038,0,0,536.1746982776104,0
234.49837071030694,18.928104566682986,0,0,140.96305314744745,0
178.2775913500111,20.55801014861961,1,0,345.78438146110307,0
1924.2198848005442,11.427916191717362,2,0,766.4079546439261,0
1864.3984306154987,10.190732279947873,1,0,814.273213378163,0
1044.7349706364537,19.950548228098704,0,0,732.54943643738,0
716.3135076445147,14.109866479816082,0,1,693.2848247401541,0
12542.075177140185,3.623952668659864,8,0,21.98212590218884,1
1208.2323606336265,15.07517906068615,0,0,629.8140774507968,0
1000.6885725694045,17.872373974628363,1,0,358.89538546416827,0
1655.374295083708,13.871623698227566,1,0,272.82808923535924,0
740.5912485039727,13.244013071514392,1,1,455.15201542658315,0
1458.9765089100385,18.695444718155652,0,0,419.1119981940094,0
175.15412379428062,18.448745214070343,1,0,837.5172103058904,0
878.9906101766343,15.440826934730833,1,0,449.2104674508171,0
1974.907040462538,6.3889734753707295,0,0,451.23135810582903,0
558.7931774473786,19.34845840869804,1,0,870.9619436559151,0
1228.02933059435,15.027634991082301,3,0,1453.754961196488,0
1883.6956940144971,16.392955549348713,0,0,195.74695712765535,0
188.035806509661,19.088964936020446,2,0,603.8075313774353,0
773.4105214981145,6.972079584612802,2,0,283.51856068187766,0
119.36143107640962,9.80450888714476,2,0,287.54158133505734,0
107.95747174529271,22.98508258248977,0,0,331.7857691310658,0
375.38350230446895,6.620644514492941,0,0,315.5786324483392,0
649.0863127839439,20.2886923375183,1,0,576.3381576092012,0
146.49453599078902,10.373299795926215,2,0,398.2134769841354,0
620.6787387439234,5.73878216529511,2,0,683.5361952422984,0
295.4303186869201,12.040617364437203,0,0,347.29842631999793,0
644.5879837451179,16.4989586524848,0,0,743.7007245798836,0
522.1617469125603,10.223295901363871,0,1,271.73539558031814,0
499.31493052271566,14.487181434893293,0,0,394.24859843507596,0
849.0648928578843,14.214536630838458,1,0,509.4438059272405,0
1399.8557152839776,16.066127248430178,1,0,760.5961022860854,0
1378.517081618059,21.254236678660675,1,1,384.61167860295564,0
1659.879871956115,22.967324624385892,1,0,526.592157348548,0
1991.2337092252035,16.598666529975006,1,0,445.19680349946515,0
725.1878501180918,15.687005351623307,0,0,229.8165215884992,0
3083.696874021415,22.815874646863346,2,0,711.2767482245915,0
866.5821052292055,10.947538368639833,0,0,562.3618764365548,0
825.4199004006227,19.99286835433126,1,0,388.9739699676516,0
1809.440180285525,7.8751299648509585,1,0,403.56705019559405,0
147.05334800008376,18.95401428061425,1,0,675.4961046040902,0
770.9409045530642,8.0027687102232,1,0,374.4668894123391,0
2035.5395537513682,8.72900486108614,2,0,333.6603505264713,0
477.6994830039468,6.089124442783964,1,0,229.72879256116622,0
1256.6070711019188,13.038608435942773,0,0,514.6752574973232,0
459.4597428303603,10.120642502768785,0,0,550.969002878971,0
949.4742374685713,5.915317813149608,1,0,288.09262232220186,0
97.1731765841983,12.096512871916882,0,0,655.6693815320895,0
1028.3386444839368,13.397408128104031,1,0,913.4851376402459,0
420.64308635016675,12.737901391298143,0,0,509.27968531640363,0
830.4436926703933,16.807884419580276,0,0,743.6215707897212,0
2271.774345696638,18.14909883745844,0,0,600.9502261584087,0
635.753835757398,17.620471012530466,2,0,466.3678507558818,0
1475.9196221952914,13.769103936703658,1,0,900.9609238075693,0
624.5861207470416,13.026083154426962,0,0,549.8059045304983,0
599.4530365912069,13.282307813689956,1,0,530.283288433604,0
407.3511214199662,9.441010591696614,0,0,373.7722098020538,0
1523.3046583597118,20.181590898532026,3,1,193.51274727027786,0
2338.1229721229997,23.0,1,0,724.8144504466256,0
3710.131535828089,18.65145854644809,0,0,285.41655031075265,0
840.8395626311329,11.149437918909308,2,0,817.9840087454326,0
855.9787193956516,2.25999432797828,2,0,380.40883391115534,0
1484.845570049309,11.637939279458289,0,0,746.3104898147543,0
825.5542828208022,16.366076045037943,2,0,1072.1080651193083,0
1382.8988644230542,8.082540588120889,2,0,518.7879051270481,0
791.3489062492056,10.116439545702946,1,0,569.6190161757578,0
852.7150232493724,18.98290647637311,2,0,274.50482304066406,0
546.6889327596974,4.773028373885479,0,0,561.1488309192509,0
2339.4313635451354,12.319249986411242,2,0,517.237385982106,0
1208.0546156536122,16.394700944663153,1,0,647.5863260942081,0
12601.021057146401,2.3560581374946046,9,1,4.956214841778061,1
168.3895820742908,15.562575830977806,0,0,882.3856047456843,0
3398.266099112244,19.354287989562412,2,0,387.19566741584987,0
186.11466608576094,20.18898251905805,1,0,522.7974206053332,0
1858.7822964365575,8.608179181025672,2,0,484.9481006288417,0
1104.377957005079,11.263560583973135,3,0,736.2861339981165,0
1033.1663102059088,23.0,1,0,977.8816961955082,0
574.466129212502,13.919875047931907,1,0,268.38686044012655,0
2266.7858705858375,14.725743480851776,2,0,807.4052273827097,0
535.4832219532259,12.793393060310734,1,0,268.7782852470248,0
105.24881834680804,14.48804070563874,2,0,257.925937878324,0
792.9667037688308,13.800772886096071,1,0,529.1459386947115,0
194.53459809201522,11.814667566531925,1,0,626.5392306132082,0
1242.0526975532775,19.190872383471174,1,0,268.3500497008265,0
1425.8979652536323,14.464022730282142,0,0,452.2644837167104,0
222.0964096240606,10.495501893959663,0,0,695.5380986196586,0
1862.8676579082912,19.30581366186925,1,0,317.0680792361451,0
1196.7743408405788,23.0,1,0,342.3157983935264,0
1365.312620597914,21.801834087524405,2,0,246.51978256991694,0
1398.7784902146946,10.135481681288994,2,0,741.0110966748417,0
10774.663281167415,1.0138796868803683,10,1,2.4889475102806613,1
1427.7965865186989,23.0,0,1,460.93761681876515,0
434.6050401109687,16.006412080886026,1,0,812.2582169417007,0
956.5417103492184,19.174130569279278,1,0,582.3308996161022,0
370.0440524544535,11.159691928151997,0,0,178.78069118958246,0
974.2888893275125,15.904123479189549,1,0,675.2332739910236,0
1541.5815947909193,10.823467328158982,0,0,502.95729810177943,0
102.4254195097081,17.879840804482022,0,0,321.39721359954007,0
382.3038339602557,17.08810407170351,0,0,532.0022929360122,0
2038.1061071471986,21.503304247300154,2,0,539.9474519419639,0
875.0234317586463,6.782057752936176,2,0,631.9025128336494,0
1782.7205900351437,12.386617675000174,2,0,734.3600483463943,0
1320.1858289841903,15.11839848247778,1,0,591.5576110067414,0
882.2912680551232,13.02553594163664,0,0,426.2322685363621,0
1777.0058600841473,6.458289690596515,0,0,351.91207090773077,0
892.2670830692633,14.606488546111175,0,0,313.13454334414683,0
886.154555846163,8.12433461957015,0,0,368.3032760263275,0
575.1897398519956,8.506379116092663,1,0,605.7220029282997,0
685.5194524157969,15.03354458005428,2,0,370.17277326571156,0
707.389520208256,17.21496577366667,2,0,812.8908822332123,0
1401.2024051606263,7.9210777960838605,0,0,453.26042916557714,0
1182.6373652220223,22.627592783772357,1,0,376.5766880477977,0
7370.602021425366,0.0,8,1,7.920092911661686,1
625.3706253735163,20.07887378203987,3,0,747.1479195853437,0
1000.9315637856296,15.424429498576586,0,0,374.88909769790735,0
210.00478555396995,11.951530550236523,1,0,187.2936581044525,0
724.3550469633861,7.4442808910651195,0,0,332.40084378373456,0
1473.6652844463172,21.082919116723463,3,0,476.3143413058209,0
70.64969562710421,11.725496659474333,3,0,362.87443438907343,0
1211.0231765133683,20.713976577108525,1,0,564.9609902743259,0
1898.4221202493527,23.0,1,0,629.0865802958573,0
284.5185876024433,13.572991244658661,0,0,449.04407362787424,0
1557.440845036994,17.129193287678547,0,0,685.9121637610863,0
912.5843517154364,7.87346163242519,2,0,608.8105011798646,0
580.5205972370796,13.116952449184746,1,1,717.7974418804328,0
1473.4047038289275,7.1603230695432885,0,0,233.12682841084143,0
330.9942998915485,16.773729041213908,0,0,780.2925474508819,0
186.0136168149631,11.83930943215612,1,0,139.15444995197274,0
490.383229736067,15.415297732544559,0,0,529.3896256007996,0
275.34483613513316,5.130125351779496,0,1,577.273914675404,0
2708.5923918036056,23.0,1,0,304.32490475192753,0
1637.0388417165836,19.62403153348938,0,0,252.0530050362208,0
2965.728108281915,10.043864116765077,2,0,619.679686776257,0
190.2653568102963,12.02700266630443,1,1,464.9957062978503,0
1718.8172224600714,7.521858302640139,2,1,239.54042412037802,0
523.4378155920181,9.317400770972544,2,0,367.3918833618324,0
1369.0292227466957,15.485835736124537,1,0,337.69900555657654,0
315.2679711787378,8.334624134539215,2,0,1311.5190662335713,0
129.06651472279867,20.912093150035766,1,0,168.8530388286626,0
859.2886742226523,15.499152320638716,1,0,275.85140833126644,0
3305.5348250546413,11.55931137970787,2,0,319.04709337544386,0
703.4151833354042,18.440264270226287,2,0,323.1264342354305,0
1015.4445332584852,14.317566306402295,1,0,542.7607662340561,0
1102.0960057595955,17.79356912415955,0,0,639.087115227733,0
714.658737355151,12.68885931383084,2,0,449.1171684877309,0
1454.9655520398264,19.04443068383381,1,0,794.2642360193025,0
11346.969749691463,7.240772342166723,12,1,94.54026113809549,1
696.1692987881491,8.565380917497233,0,0,478.2670201480264,0
3531.2846196380474,16.956600802869218,0,0,602.7173767966601,0
645.3238879337731,15.81792136923095,0,0,668.9960293759588,0
1200.2261248550626,12.394239064349218,1,0,327.08197498353184,0
1173.14909611281,17.66953940932312,0,0,829.7763107349548,0
142.9392993472758,3.4950939475020064,1,0,394.7483139978477,0
2614.391144394896,20.216145714811972,2,0,431.3833350434951,0
169.74651971594298,11.343200592115668,2,0,442.1060635180198,0
614.0472905318427,10.514605435996517,1,0,412.4990348533224,0
647.425200684239,17.592398693403226,1,0,195.71400447385386,0
7114.12892128358,3.4436124624585247,6,1,4.037923532781379,1
522.1696497294563,9.916295669385441,0,0,331.90599271431824,0
451.4376604059638,15.735331361001386,2,0,349.05743011399227,0
1381.1707952948004,16.81648897932324,1,0,377.49694921627946,0
457.0055984833584,8.571168383689484,1,0,320.824888773052,0
618.6552179012072,15.21669782632081,0,0,443.44188753501817,0
864.2389204456082,9.317508433086193,1,0,503.8016937656315,0
198.91552913556544,11.84634767516991,1,0,780.9751304231997,0
415.0946290793545,13.813593909902048,0,0,151.1532460240752,0
401.2415437433126,12.550890455658015,0,0,505.5861893336556,0
1491.4710807248446,11.879617033165106,1,0,309.39800095739594,0
320.54734383873114,11.29415451607249,1,0,475.89082489523815,0
990.9861775113678,9.86915022805411,1,0,633.787519974589,0
197.32134756018272,11.936279528892255,0,0,236.13100665043098,0
2601.252808723715,13.271513001392227,0,0,675.7251897907387,0
1887.3505360098334,12.843388361540889,0,0,532.9077405566557,0
1610.7220425300877,11.216327438376153,0,0,507.95538023179665,0
1104.5294017305316,9.21766428130195,3,0,555.98038437042,0
431.58997729325466,9.60064797644954,1,0,882.4325674022052,0
148.75689783701768,9.503133993290518,2,0,422.55861461721844,0
192.29459882414787,13.623477896295826,3,0,371.5647620359031,0
1410.3335327553857,10.170579658396896,1,0,385.21705772964197,0
364.16566270124036,15.18520611931513,2,0,192.5671205405856,0
829.0297625817651,13.466588077534889,3,0,701.647608418581,0
275.65690498551845,11.17434314103797,2,1,458.9417250550175,0
1110.166924111716,18.24158609852303,0,0,758.2335483725683,0
1183.6568372785614,11.846618040198923,1,0,579.5245323430232,0
194.8048948790385,11.829630891202966,1,0,457.8139302497716,0
1048.2271493622427,18.71884392399661,1,0,284.3338435368852,0
1716.568406471519,7.577055842911598,1,0,261.2783696179311,0
1279.7076647413514,21.503681913289707,0,0,443.20410104563075,0
266.54642106498534,17.182710190378337,0,0,521.823227799813,0
306.17688098581726,14.607750413925771,0,0,89.57000422018726,0
138.483809410366,16.93204504984951,1,0,332.4645574549295,0
704.8068354125999,9.975318164146135,0,0,507.3446396339886,0
400.293895793175,15.664035626253732,2,0,287.0799765051449,0
425.13663365190257,13.501198623428667,1,0,675.3036995711662,0
2498.5696348551605,12.113269084600342,1,0,896.8535802062108,0
1034.3755361065002,8.961452611149063,1,0,316.75737992211987,0
348.9835463267028,16.547474308277643,0,0,190.04619545342328,0
664.8631073018649,19.718359209902353,1,0,574.8007652747615,0
446.74325772330855,14.640538009967482,0,0,621.551034190891,0
489.989126998587,10.381056054430598,1,0,558.4956668044715,0
571.2655407728488,14.145918790277063,1,0,240.49545724226115,0
670.7092873427669,15.79761580140161,0,0,341.3930061216477,0
490.09469339550037,5.939088246706616,0,0,450.8890215682473,0
275.8216666742247,12.774674564783696,0,0,347.0238505350118,0
925.67793288859,14.998881109175473,0,0,826.0696943801141,0
629.6627756480552,18.050256983625083,0,0,366.1412382704726,0
3225.619778108419,17.274622241757672,2,0,575.7246896186136,0
671.8270047482503,19.672691655040374,4,0,337.5893854092288,0
1380.0072915210967,10.400932245033648,2,0,339.3742887978227,0
1932.1782894645055,7.466385153940213,1,0,388.8767690838859,0
534.2422912512396,9.489009565135284,3,0,577.229908727365,0
1389.090794302131,14.215920881083864,4,1,318.9085677517683,0
1189.125155749233,12.673880672747329,0,0,249.99530550589762,0
71.48581369664514,15.107085308621306,1,0,250.400271497125,0
986.6049229380146,12.531537371471854,0,0,229.98972004708884,0
1614.5872426706362,18.143702268427873,0,0,310.97294285511856,0
1099.8796743381008,11.129074659918125,1,0,656.107319489953,0
969.2813489076473,20.119601008084587,0,0,396.5231401374224,0
944.2855182109515,20.641659031921762,0,0,654.8108061840367,0
265.0780260502538,18.96389650046135,2,0,436.20040047704566,0
1161.7501274709193,6.465991775823547,0,0,299.62227199517554,0
719.9459200945317,16.172892504827093,2,0,472.02113893054224,0
2066.3182024596626,12.327785540010884,2,0,389.92897798744104,0
1892.218216667738,8.175957210698655,3,0,422.53021434613123,0
789.2514032074806,11.274862135387842,2,0,222.90671362177,0
682.6879972748138,9.494313046341919,2,0,1260.5700432655383,0
3072.6271431730133,12.914509688366623,0,0,693.5674869723309,0
395.39390613746787,7.906444496153173,1,0,629.3163839407204,0
1845.4128330921005,8.15639544215837,0,0,649.2624109551424,0
261.562987943786,14.493575261605018,2,0,568.0939241645073,0
1802.936396300484,11.338221648669126,1,0,662.5063144114979,0
1120.2406121643542,11.549527699668552,0,0,242.3803566480538,0
196.12728451929945,23.0,0,0,573.7282061707996,0
1517.674877802281,16.72464594089497,0,0,691.3736861142705,0
395.88346721668216,14.818884355964274,1,0,529.6740180886891,0
939.3723392913666,10.596391954411477,2,0,586.357901477955,0
598.4786638520385,7.871041296091363,3,0,553.1735154451377,0
1860.873949817171,8.334019935149492,1,0,293.7117305076201,0
1049.1643933298506,8.427463659529653,1,0,468.86539433999354,0
1035.8035067608284,11.220432518429991,1,1,558.4322700603474,0
743.9986532841168,11.86618585580716,2,0,140.8842934875517,0
1158.2360164464292,23.0,2,0,591.2050015356627,0
385.5063608723806,22.09053391523844,0,0,576.5913626880837,0
729.3727207637628,17.456312455044024,1,0,516.3992711139018,0
516.8025514991564,19.66673996801646,0,0,480.2364726263443,0
1378.1792132010307,11.314467922933083,0,0,304.36338831051006,0
967.5016029191161,14.197483806010947,1,0,330.0152008266822,0
1116.7980553870175,12.957536844898602,0,0,401.90337408318254,0
1282.0941431324636,11.499154513130481,0,0,603.6098724063198,0
1543.7391653527418,19.285922692755456,0,0,967.2659872346852,0
806.8490439891203,14.303680627906523,0,0,110.88017268064367,0
1450.4389465030924,0.0,0,0,841.392265728458,0
1650.367441595023,18.877364778355677,2,0,497.6255387596,0
1361.3883017057756,16.13973720294264,0,0,290.7245691905265,0
1326.1271013577048,14.364008971811547,0,0,354.0197608942786,0
1173.1515835938737,11.774297436843291,1,0,318.56851620414653,0
392.1981680466185,10.50340563371664,1,0,191.2505284037711,0
2101.9774111796282,14.061709753191284,0,0,820.0798710105621,0
2810.5577108434336,15.687868667195067,1,0,489.25284218408115,0
732.5092082661033,15.074591435706976,1,0,173.9089004259746,0
42.31363186376032,15.352317543652784,0,0,490.86084850622535,0
1113.3394089805445,17.772329144675595,0,0,129.3171018304363,0
694.7264905283017,16.22548628921073,2,0,911.7232965820364,0
1241.6289319573798,20.964323448756886,0,0,408.51196303629933,0
770.0726573646233,19.374753193519634,1,0,166.20497754915692,0
234.11434810968578,13.633729431238294,1,0,165.19094850909536,0
1315.7704380682005,15.252723141616817,3,0,568.8596199909148,0
1868.989062039602,8.931031295151385,3,0,104.71588260734144,0
111.49836078189257,14.736526069842228,1,0,450.66299424287354,0
465.0061288869861,15.476148705527164,0,0,725.9725901183273,0
12637.489806070567,7.061832331621412,7,0,17.71626457183942,1
2780.005288073351,23.0,0,0,243.32033317122773,0
46.210010806142265,16.565316715067848,1,0,288.217469807654,0
1368.02198434359,9.735559370848211,0,0,566.2486428255393,0
1354.1046314335945,10.56860797190949,0,0,823.1615109523965,0
140.18760925359504,14.765172985338115,0,0,247.0892970689154,0
249.7985013620634,6.342925088783847,1,0,338.1619283356794,0
2595.2815886358867,23.0,0,0,317.9137662978977,0
563.2056428474351,12.836792816589275,4,0,391.9224740831292,0
1164.9948367486045,13.732271738537866,2,0,294.2440339813168,0
1093.6708267522354,10.923063451187435,1,0,455.2353022324449,0
455.34849820498124,18.084925715716423,2,1,352.4215267358383,0
814.870353163659,10.748834568853571,1,0,626.0548712178478,0
1021.2939831374237,13.741872879454153,1,0,729.6105535555201,0
2324.8572061153254,9.919884640268986,1,0,593.3107575866229,0
1203.3160886938397,14.787587486663998,2,0,402.7213700250031,0
2311.3914337870724,15.071761041384978,1,0,502.4603554145461,0
2160.7658873126225,0.5486218432323255,1,0,1027.267116375144,0
363.5510404201087,21.021527525829693,0,0,286.42710273364827,0
1058.1840553476839,11.23477496141532,1,0,427.32330607112425,0
974.5701777330248,12.956913816810633,0,0,477.9288961530919,0
353.92183586963824,6.162248141544803,0,0,500.5921994858358,0
757.903168379949,15.546251347762169,2,0,323.00868763741875,0
70.50552413230494,13.359154148667532,3,0,605.2901158434054,0
1111.6417173515044,12.359453558198794,1,0,607.69844765005,0
1584.0124744965447,10.376628941588477,0,0,1288.0616705196762,0
196.28040410330198,10.48729185224187,0,0,270.1973241421579,0
787.0279475548837,17.13122133031659,0,0,279.63698760204227,0
714.4731709809616,8.74418196824903,2,0,733.4895688032668,0
1435.56540902406,14.889531297531002,2,0,1256.447277438411,0
1454.2788289719995,17.87176847510106,1,1,1079.4616334355226,0
757.6234403412678,18.282067530028957,1,0,756.4080647785689,0
678.0836724725395,16.374599368969022,2,0,568.4370366921173,0
744.8211963392014,15.767829189454064,1,1,175.23577639153666,0
956.4904902963252,12.697557335933235,0,0,553.4828018977062,0
1222.3713941833246,16.583059292884,1,0,543.6577360232608,0
377.1694852805691,14.832932495779296,0,0,273.63945417360924,0
585.2879383389683,23.0,0,0,884.6858934223213,0
901.2914720060827,12.479794504233418,1,0,731.4774202388611,0
562.2834639237172,14.947999383385298,0,0,1136.9927990051174,0
628.7148553771319,4.082121609426762,1,0,449.90578177646984,0
1550.3635550462095,21.702833056706563,1,0,356.1138601428651,0
880.7276406186755,7.610434467217648,0,0,443.31419286336137,0
351.7765529645754,20.34976744477551,0,0,772.229742339409,0
308.46107370804714,12.283869656476622,1,0,450.0925794326215,0
2135.330476992461,13.28755574136721,2,0,397.540543953226,0
1532.891833678714,9.645505897660328,1,0,199.33721489941598,0
1698.1032231092863,13.291704011488966,1,0,486.4294672142151,0
1113.6292189878232,11.73050609436569,1,0,331.57117055214366,0
321.20601148719606,18.676749096373662,0,0,406.9582363094682,0
1034.0034977881585,13.800566238164492,0,0,577.4457494265558,0
1087.9942815997615,14.568010129889421,1,0,410.1475494783685,0
1481.0191483397764,14.240089085790384,1,0,740.4998501261803,0
741.8986337324656,10.285060486639559,1,0,226.26044014983887,0
467.954605564706,13.821807195341655,1,1,556.0514513963806,0
656.9980311333284,9.577055265952518,1,0,372.5410194432467,0
454.9170477611579,15.609175950113853,1,0,518.9471361241596,0
1072.4671276243894,14.843338800096456,0,0,214.00398282688906,0
1074.0275598604999,10.750278523461548,0,0,322.0577291518344,0
509.17113633231804,21.48001584777763,1,0,411.7080934981237,0
321.09516701827306,17.723691348576597,0,0,492.8972982622189,0
2642.2110591419546,22.631676552282933,2,0,687.6909159706632,0
1621.6600668894525,10.5188580981391,2,0,263.70852794690904,0
887.9532192094101,11.192439892777543,1,0,355.74159424423925,0
1007.2287706937617,15.95943314471056,0,0,473.0999240744566,0
1307.4590558591874,15.485006471323643,0,0,380.8044635273478,0
339.58329455679626,9.376538847382339,0,0,682.08820414884,0
998.3767723474745,14.643856591765555,1,0,350.9482019418153,0
716.8560094123899,23.0,1,0,403.77621497449036,0
391.68361451048173,15.138545592379792,0,0,278.5773597421217,0
664.6827909169289,12.770251077271976,0,0,286.6606120035563,0
2748.649565064363,11.435905952718283,0,0,1053.9277541530123,0
508.89974611804377,16.392048416718882,1,0,353.3386098577947,0
9560.845784196104,5.7518899223321505,12,1,69.98620761162168,1
526.9501863144358,17.92523511456406,1,0,532.1033828278082,0
522.9589298906512,14.3336322811742,2,0,316.366574094888,0
1830.8151141575913,18.465279633555184,2,0,529.2235734916135,0
1826.70836400452,7.840656559334599,0,0,1118.386598057737,0
482.06889711675103,9.368312663431746,0,0,223.44762403743502,0
270.0763444939824,8.137941960831284,1,0,722.3617717559443,0
1257.2095756399435,23.0,0,0,236.75752771392942,0
1117.7289753332252,8.03252206955424,2,0,209.9027926159316,0
1842.6775054234167,10.16135428615694,1,0,559.358897373028,0
1422.2219011956934,20.99951720584779,1,0,272.03688829714076,0
22.411566846495717,22.242063038472434,1,0,288.73466382583695,0
7990.295586761812,3.697557040657368,8,1,16.848207779810146,1
677.1951294519585,6.993729929001159,0,1,477.7097655662412,0
698.2154052294856,8.459918030096166,1,0,584.7526927159154,0
1200.2367313993134,11.910882405953094,0,0,313.1369666299756,0
84.76280026120766,12.192038499653268,0,0,595.0435411129196,0
1545.5925690123524,9.713059500504368,0,0,641.4157534869469,0
720.8659085206588,13.076095836786035,0,0,512.1136082032897,0
978.0212572968248,21.346721466581045,2,0,641.3515650415203,0
321.5176180360231,15.542951094749366,1,0,560.1183445901169,0
534.4575015476923,10.028590764324825,1,0,517.3737195988936,0
371.3825954203369,14.904418122829249,2,0,671.2877281311135,0
1083.1151883554028,23.0,0,0,213.2932017800282,0
164.5623865189871,22.272459647774525,0,0,467.349584970184,0
814.0565698904246,10.797428878220098,3,0,192.1078848824629,0
1216.794562189226,10.119713065785918,0,0,330.58614532061455,0
1501.8602724539865,15.169574581866948,0,0,497.59257741510686,0
1071.6846053734034,7.653892348233899,0,0,218.13430161852955,0
2725.7984079901025,12.131395647547832,2,0,477.33497129121105,0
234.06836678202222,23.0,0,0,737.905869431504,0
429.50637699694425,9.058144687929492,1,0,274.3654354577226,0
145.7173475178763,14.168519061287542,0,0,453.69437747300213,0
1871.9415046414265,6.405024183713987,0,0,694.9567152636415,0
393.6109147239514,22.654075965223715,0,0,295.99655325123524,0
1678.5484130784653,19.055250078264166,1,0,568.0498683652586,0
308.85964256664585,15.712654948647966,2,0,313.03757046175076,0
434.41610283829823,15.230588647252022,0,0,264.671578867656,0
2419.104248858705,15.890779678034818,0,0,551.3545429393253,0
1113.9222487587385,13.667739381660365,1,0,634.1354069729056,0
11334.57800961045,0.0,14,1,3.666170580360239,1
1709.4974767919796,20.971695260273442,2,0,711.314848783421,0
327.544045490545,17.915204536432213,1,1,368.15225492086745,0
1273.8997435554186,19.234004517456732,1,0,924.3542826918087,0
705.1360826814195,18.504322202744973,1,0,470.65978814019235,0
1378.1730757575901,18.46707978344667,0,1,453.80753798588376,0
1338.0874781329342,10.369979483769994,1,0,728.9495513916987,0
2460.5853701918163,18.104910462084554,1,0,563.764035892566,0
2560.9113320195574,23.0,1,0,529.9739619955094,0
548.2958814777354,5.852303500173914,0,1,786.2912463843018,0
749.305544627286,18.768751296975694,2,0,563.813991819482,0
915.9360843948915,10.889295227139325,1,0,381.5859362538964,0
1649.7709213455303,13.07494561250723,1,0,841.1133777863716,0
1774.4823698616212,7.842502113892002,0,0,709.3625571015721,0
486.7890063831809,17.194344368394407,1,0,278.613392736303,0
1612.4524073860175,12.867044407363855,0,0,578.3284389684868,0
280.2146739009432,8.71185534882597,0,1,326.4574292647569,0
1831.2310938076287,3.4034931615589628,0,0,826.1312819945672,0
1000.150470603663,10.465783268426998,1,0,678.0573734400708,0
349.23087273519826,21.79870973641982,0,0,738.4616686690325,0
10352.576632388495,0.5167701601480585,8,1,0.5875656725883489,1
472.5946564507877,11.382231286862744,0,0,442.72315024819136,0
414.66681084048287,16.644371927613268,0,0,734.1056635336157,0
2218.8232158989185,21.490251422682977,0,0,187.07364944307406,0
859.0664991540369,23.0,0,0,315.49279842988176,0
783.4389100757755,12.594281369927334,0,0,1088.361236836205,0
789.8107147895181,9.102173426827246,3,0,390.8950193800996,0
522.3490022269591,13.007093383040882,1,0,301.7934366605318,0
1714.0179723705494,17.88820218987971,1,0,306.82101963850783,0
133.7663117009328,22.353591480887907,1,0,615.3604115763156,0
891.881586368784,15.325535472561215,1,0,551.73186126544,0
1998.5487884785134,10.048343091507661,0,1,393.21906380929187,0
1683.292056121272,12.705995681955416,0,0,659.9850613218542,0
914.0291219044555,9.172539045009822,0,0,1068.715809153712,0
217.83233874959137,16.454208127464717,0,1,883.024313820581,0
643.1616955452384,12.729897169146628,1,0,385.240247857082,0
2135.925838215484,17.21200211273557,0,0,906.0027596514916,0
1002.9585923910105,17.89821926180759,1,0,1014.4645195899017,0
1048.0849190014203,8.430778112994915,0,0,435.56213893546845,0
1057.2612298889253,6.504101410496248,2,0,451.14338606335605,0
2443.062952160184,10.714781513635446,0,0,723.8650217605522,0
722.8546229997384,10.472537339584248,1,0,711.8266618871507,0
1614.4238381081934,12.619339567594174,0,1,669.9680330241781,0
1698.9890232684065,20.720528468772272,0,0,311.2933422548893,0
1463.3698100626063,10.19290516061289,0,1,635.017567852113,0
451.04145494814867,15.00718271958643,1,0,611.1569701905553,0
1180.3991355064334,9.859664033870065,4,0,417.2027798403701,0
749.7026196219174,8.08739988886184,0,0,694.9042883371104,0
384.1754625541701,17.922636302378194,0,0,440.812575026723,0
609.1310163958507,18.7513964174414,1,0,428.33295819338514,0
1895.269623085304,7.511429876924808,1,0,189.9142570050288,0
231.53590995950904,18.547295862487815,0,0,233.64379587700287,0
2310.1334910397254,18.860260064619453,2,0,628.1474082623147,0
1052.2416344966448,12.386961135991768,1,0,878.1616731569035,0
373.60302592335677,9.656615422595134,1,0,724.8510991241916,0
2665.0135938387184,7.289545476174912,1,0,274.7113981876011,0
2338.4769417330826,14.947799302543379,1,0,1183.8686810371664,0
860.2945612789689,9.319247769625605,1,0,212.19617383760166,0
1393.603921839268,13.43428731684512,1,0,645.8580424675536,0
2441.9432549342655,14.966893756706465,1,0,831.6845239660217,0
1730.701053112991,22.827805888136304,0,0,564.8087907788383,0
109.98726892698166,9.743731512179185,1,0,627.922996482157,0
1812.1015211445872,17.399699364173728,3,0,234.61041940552917,0
277.7777188836565,15.276189780194656,2,0,408.34795776942417,0
889.0889973833594,21.998521005240512,0,0,327.6535381974171,0
1669.8935578715846,7.037437164307608,2,0,598.786885249609,0
1270.2720270671257,23.0,0,0,862.3596608859749,0
1701.1127254860342,12.981062152916245,0,0,451.6703425712425,0
1183.3453277777785,11.541382678713754,0,0,300.00109784876355,0
1583.3677430379917,13.265559480490046,2,0,415.10812682113095,0
790.1914169104198,14.422953168737676,1,0,1674.8067128133305,0
1209.0298228428137,19.108626343800363,0,0,833.67329352845,0
98.22905826630222,9.996611285604061,1,0,324.62761182228746,0
519.8452260282365,20.462044652343643,1,0,787.7076226715176,0
642.0017150215933,17.036562903341473,0,0,736.7334927327927,0
347.7655991132065,0.0,0,0,112.11361250752894,0
326.90938849503186,6.465064076869481,3,0,245.51401874799828,0
117.12014686922087,19.022989335622412,1,0,485.8356770957342,0
2348.196868855932,11.208612018959734,1,0,581.4707754417532,0
87.82940332865529,17.48807237357903,2,0,211.2973554357957,0
1185.4349343999747,20.548785829370182,0,0,375.3058015028349,0
204.5327375469543,13.170191342635377,2,0,536.0320774958855,0
4224.001372827212,15.987020164434227,1,0,420.28820771600175,0
1712.2685015221766,15.324179982589909,3,0,360.5322699015946,0
1863.822730405077,11.607473098380396,1,0,428.7805356804322,0
2679.33345153624,16.873614705376312,1,0,596.9742718762332,0
927.2583872095003,10.935710026627966,0,0,485.7691765182259,0
2545.475133131734,19.854663930601802,1,0,556.6111390800385,0
1152.2506574767222,13.004753586957726,0,0,518.1965157085248,0
478.5191000529237,4.187852436357238,1,0,503.5465456764186,0
7821.274281141868,0.0,6,1,18.7014745412954,1
350.8173593274255,10.388729638018516,0,0,409.1718057886494,0
406.0959293170873,19.02415628505468,1,0,319.6579641860078,0
781.0944217820313,6.0258707254958965,0,0,477.76339334311507,0
431.8361889597605,15.610236021628467,0,0,323.1529949495082,0
2402.3327667711465,15.392293947237052,0,0,638.398908728625,0
526.4400786461912,8.845923612749669,2,0,857.7373195087771,0
889.5547794720076,1.5710254385690838,0,0,483.4762956713445,0
884.2826593432303,14.03273945859187,0,0,531.4830502213634,0
594.5929145920292,19.195452109883682,3,0,899.9221898513651,0
1365.673634172517,10.077790406293769,1,0,695.6789679116507,0
1136.1637015790914,16.140293738255828,1,0,304.2389030923629,0
1690.063557344272,8.41121025841844,0,0,228.3595924683103,0
541.0165962778219,13.402884196320787,2,1,705.4436650264216,0
1920.547911558295,8.026861984019055,0,0,441.79474168020914,0
754.2962603828412,23.0,0,0,891.940164600836,0
417.43196384405974,11.425901688013127,0,0,691.8207516589813,0
334.2669389041077,7.436958664236549,0,0,228.1475853688478,0
475.61181170607836,4.330425941612834,1,0,373.82286815581034,0
855.4914753399178,10.685050193644763,0,0,490.45856937456745,0
158.55665874196472,11.954910760925303,1,0,888.7602993761498,0
1532.5970388623032,19.96991136589422,0,0,304.28065296652505,0
647.2701967515801,8.308689325209507,2,0,435.52840815642213,0
1759.1944022559223,16.775424622869366,2,0,716.2505638714681,0
584.5164865184714,21.54850909593823,1,0,792.6986509891001,0
404.091883489111,16.343514836247046,0,0,391.66789075137865,0
1100.6673730492564,11.83858335435018,0,0,290.6758095899412,0
1869.9437310645403,7.098258395112707,0,0,428.0339342008948,0
175.46358488493055,14.392172535987998,0,0,606.8631558576893,0
1294.7011354660503,19.970234918312876,1,0,383.77519837329606,0
72.94487829539314,11.307367732157607,1,0,468.38848394132765,0
2151.415202853421,13.331701333687889,2,0,283.2832719934905,0
1821.0252960039968,23.0,0,0,493.73205613013846,0
473.57828607284046,17.885196331841527,1,0,340.78534499753823,0
108.86444926644644,11.955422325400068,0,0,340.98909805125686,0
1522.8867533435052,14.207480431114302,0,0,377.32879365972485,0
9086.937328751535,0.7329195069355303,9,0,7.117374183047777,1
819.3043333191541,13.193652497010106,2,0,455.16923973480596,0
499.2548876273397,11.321426835002251,2,0,451.3839397343516,0
385.69304018265143,17.047779844979015,1,0,237.32510947442486,0
353.542907285038,13.663028734031037,0,0,777.4901233535264,0
1041.4691508912513,11.388200370729425,1,0,277.81406065416957,0
593.0139915627807,16.181787967055595,2,0,520.9775531591466,0
616.5836165962539,10.954319555712184,0,0,387.66135765028514,0
545.5458288979411,9.369070617879935,1,0,416.2878504082288,0
459.22081550600626,20.895557015842833,2,0,351.91397215488615,0
962.3940168121838,16.130125058964893,6,0,609.3188484040993,0
726.8998233117786,10.613437358749058,1,0,419.8049792375899,0
1467.7284639806323,4.476343906880025,1,0,329.93850445542057,0
888.7464688246193,10.253293499399792,2,0,1025.0443332109508,0
435.8875980418976,11.246595766716187,0,0,326.3096276595998,0
282.8329711933054,16.93214250829508,2,0,333.37217773510014,0
470.2966664409788,12.63837695002619,1,0,647.5819233031181,0
1798.724217988437,18.701997844730652,1,0,188.34144002763688,0
933.1811019700572,16.73937618497351,0,0,906.2228927564781,0
819.190658851579,20.302146996116292,1,1,535.1669532848862,0
567.2544851825106,17.865659319016125,0,0,492.23546710001955,0
465.2600176418557,7.201604561569551,2,0,589.4736031470801,0
1268.3172221596742,15.45435595322043,3,0,711.5730460466378,0
557.9139535030866,23.0,2,0,547.6194352109924,0
670.2970207566535,15.842149042173844,1,0,293.5681422608147,0
1065.4144702621757,11.448751051357348,1,0,348.2129639506322,0
575.8530296359899,12.040231659106956,2,0,396.8483217054414,0
1518.5964564431436,20.798696275185094,0,0,437.0158797618171,0
443.5899654482937,15.187059745054698,2,0,804.0063914521537,0
3359.6101814294343,14.64955836336024,1,0,1238.5410813979345,0
537.7471828424278,13.99645678083507,2,1,375.70272536526807,0
1109.298246378257,17.47984971640664,3,0,790.95550728041,0
986.2954413514241,16.20124015105199,1,0,893.4705665990255,0
1160.8730543542504,13.903696219633176,2,0,177.18842900554932,0
1032.7507728504181,18.116474971776654,0,0,674.1806664439669,0
472.0350574153452,13.076370440102583,2,0,571.2270109821616,0
375.82302636367103,23.0,2,0,382.0293349187126,0
791.3822962562584,9.586157608305435,2,0,322.9634344046461,0
269.75514087472084,16.05833664107952,0,0,551.3616995954261,0
1273.6286738423878,13.293283972626478,0,0,674.5811390701012,0
1642.2089481646635,17.847286554014516,1,0,686.6025253588651,0
898.2608216364722,8.397770704627838,0,0,382.7838492037841,0
1039.8067622803928,15.716851748977374,1,0,1001.4130288078867,0
332.2954447799005,12.584922361477938,0,0,512.407135170569,0
1699.605116054425,23.0,0,0,695.6013282868856,0
581.166634606465,22.890389383758205,1,0,332.7792386093369,0
820.5616254925833,20.744637530595416,0,0,537.1971206304535,0
1629.6932082551677,15.557041755946655,0,0,345.844693561313,0
2121.9543764120845,5.140201478829809,0,0,424.05939942640316,0
1561.433239463954,8.765710207708311,2,0,774.726952464233,0
820.7999469732173,5.8678462054171145,3,0,387.7868051187693,0
296.3477928749155,22.817020229592607,0,0,583.8192532186681,0
471.22432583395835,23.0,0,0,831.557096724966,0
928.0345448784915,13.615177317797825,0,0,251.42624432337038,0
2113.3872685543015,9.434701309698463,0,0,328.55633831858546,0
377.07384012932744,6.959593449877483,3,0,313.4389024428282,0
466.3462669227056,14.727612461051809,0,0,510.3531375530771,0
256.5395540788105,13.373165070012456,0,0,289.1079219739622,0
469.23039343540967,5.341712380136727,1,0,343.6746017408515,0
1306.7807136279262,9.460041289109395,1,0,387.0375319992877,0
1983.9817329166497,11.448909167958192,1,0,416.3490675623658,0
1010.8818207587997,5.29141690066948,0,0,416.01998414138694,0
1457.338623442271,15.69570843103935,2,0,439.8450220281731,0
398.01982044581956,13.405606184300913,0,0,636.6035356558154,0
1325.5712268755883,15.041134310767816,1,0,709.8154605802893,0
518.3956001233103,8.066271927858176,2,0,476.3184508853404,0
865.1448367166731,7.998178971787029,1,0,581.6179941016496,0
1205.547059866711,23.0,0,0,205.53766576606372,0
1016.4819997220728,19.854982466021333,3,0,507.23309729467843,0
667.628576253656,14.589750854462707,1,0,540.7069586316999,0
2392.8946950267214,12.197573866463976,0,0,600.6408265019323,0
670.2892558644209,16.990873014952836,0,0,580.0053348559502,0
1335.5565610682343,16.66061995674979,0,0,144.78676218875822,0
800.3963874314487,23.0,0,0,608.4075854416224,0
2827.8549030997315,14.649809357845577,0,0,322.8161260378249,0
394.72505580833956,16.106111197176187,2,0,122.34866088882677,0
993.9505826926952,8.597911320858149,2,0,295.23061787892374,0
206.9862551523621,6.7626679136302545,1,1,666.1769552958071,0
931.7245529084055,8.61416586920736,1,0,1460.7495493944584,0
126.24543755813767,14.903719474641097,2,0,639.3446221169678,0
3131.380936209868,16.129690554742943,0,0,611.5899425052975,0
2476.210674601577,13.458325763153528,1,0,837.517122581966,0
963.4357877573069,19.637389293659645,1,0,246.28026044930013,0
207.64106384846042,9.087918797595314,1,0,433.7612441179233,0
914.0830222099657,11.809094404013255,1,0,239.0932925293022,0
543.232575377665,23.0,0,0,447.13035051375317,0
964.8813049959573,17.37350207601119,0,0,584.8873224196022,0
1003.398955020691,9.822598031789692,0,0,423.284712971183,0
897.6334869664059,2.77909228915939,2,0,750.2896225131512,0
751.446286346294,7.587216534973562,1,0,738.7293194765527,0
203.81404710798608,11.038338975729861,3,0,371.3040212469416,0
530.7412733011579,11.331426199776526,0,0,737.083351533742,0
855.6520312368228,16.641303803322188,0,0,1255.3948564815835,0
450.5122175942326,14.000359335294315,3,1,315.89770805093,0
767.3967492913097,15.042286085261832,0,0,547.3000833271124,0
1357.5136562593905,17.56362284704653,2,0,287.39671095197497,0
471.7620873044154,13.815294067662508,1,0,433.89380425528543,0
987.0386662697285,12.379454585004487,0,0,631.5882495397259,0
956.2629217187637,15.471665225682552,1,0,452.347977481161,0
621.4568711925332,14.512143320390043,0,0,400.1446163360954,0
1169.1784280395439,5.451160963351688,4,0,649.0262304993855,0
889.2772210316983,18.483067949125743,1,0,734.7256802815576,0
606.4510891855539,14.347666649481129,3,0,461.6753884724228,0
277.35696268539914,8.324402902943804,1,0,735.4693114526048,0
198.24140694339192,4.6554429676467315,0,0,731.9980493239707,0
487.18991626752245,13.339589242305541,1,0,659.2705593214367,0
239.64876734728628,12.61559787736958,0,0,111.37514986735285,0
736.6291879828667,22.195660639647667,0,0,429.98560726159855,0
311.29756676052097,0.0,1,0,377.89573545414703,0
593.6997275582297,23.0,1,0,310.4936744990316,0
923.6798366365356,14.7317046187459,1,0,341.64590451079755,0
2557.7046688770497,22.42223169705418,0,0,170.02929396734226,0
855.5735933718898,14.82549775746613,0,0,296.68603536837935,0
555.3963276829592,11.441180216331754,1,0,586.8089502219747,0
3329.1714677575674,10.311908187132806,0,0,930.5959086459193,0
2338.071228080662,15.007461615666372,1,0,863.6668756825413,0
904.3664392685013,12.548140779920333,2,1,712.629082649548,0
446.1343876088108,13.28416833182234,0,0,271.20456629004286,0
3045.048109917565,12.230912368939094,2,0,503.593183866207,0
1329.1719245290778,13.247568419249468,0,0,836.0003466710215,0
657.3474380084834,17.12560228169962,2,0,317.30898605442644,0
2166.6438060378055,10.372408477790422,0,0,431.56849454645317,0
923.5064501347508,15.47349180412814,0,0,404.63951652242037,0
444.095941349438,8.80336350560963,1,0,488.62377750813357,0
692.027725881987,16.179052784232617,1,0,302.3367501382006,0
1451.8156687624,10.944686427174663,2,0,585.7996012582806,0
2055.227128455309,21.55346466169087,0,0,636.8752329156679,0
856.0040365178018,8.854351609608475,0,0,628.2705976118034,0
197.38749321639173,17.674484712691665,3,0,523.5676815431647,0
1347.4902021369169,23.0,3,0,380.2698770206008,0
922.6191356788188,6.270981618371919,0,0,208.29790209693618,0
1937.2489606060765,9.615327090627368,1,0,774.6738739097706,0
687.404397515621,17.305904952963594,3,0,222.85983686924004,0
319.81983629021084,15.065452874344855,1,0,217.58937062923565,0
431.25045333711836,13.97825756686408,1,0,420.38981045371077,0
1868.9227197527537,13.595192876316133,3,0,310.0750358530195,0
706.9545136876084,5.6830664432023354,0,0,439.8438567753516,0
1367.536385043711,14.787346211672682,2,0,658.8618991860515,0
993.7373776462372,15.643391211740413,1,0,504.880796667463,0
2227.418554939923,11.439475508257175,3,0,404.6403288568686,0
887.583853994625,20.894556215008414,2,0,519.7084845377883,0
769.9185181957375,12.965015647576912,0,0,1298.1568815276835,0
1526.216340915354,23.0,2,0,683.377513647074,0
904.8454712385756,13.179141905231779,2,0,407.8311362691639,0
1096.7963693147653,9.219159698746653,1,0,531.658444605414,0
2737.7858023576073,23.0,0,0,527.2773302228386,0
1792.2104804740352,11.343420903370435,1,0,190.61291782418428,0
